,loudness,playlist_genre
14,-3.908,pop
15,-3.382,pop
16,-4.06,pop
17,-9.853,pop
21,-6.556,pop
24,-4.689,pop
111,-6.945,pop
112,-4.301,pop
113,-3.462,pop
114,-6.205,pop
115,-3.267,pop
116,-5.22,pop
123,-5.617,pop
124,-4.628,pop
125,-5.446,pop
127,-9.017,pop
128,-5.284,pop
129,-5.85,pop
130,-4.9,pop
131,-4.862,pop
132,-8.305,pop
144,-10.757,pop
152,-2.94,pop
153,-5.015,pop
159,-6.86,pop
174,-4.978,pop
183,-7.963,pop
193,-11.585,pop
194,-7.024,pop
195,-15.15,pop
196,-7.191,pop
370,-4.002,pop
371,-3.7,pop
372,-12.89,pop
373,-6.373,pop
374,-4.761,pop
375,-4.2,pop
376,-4.166,pop
377,-3.742,pop
378,-5.647,pop
379,-4.381,pop
380,-10.353,pop
381,-6.316,pop
382,-3.614,pop
383,-3.911,pop
384,-4.339,pop
385,-5.693,pop
386,-2.513,pop
673,-3.486,pop
674,-5.866,pop
675,-4.982,pop
676,-3.902,pop
677,-8.7,pop
678,-8.459,pop
679,-14.525,pop
680,-3.697,pop
681,-5.126,pop
682,-5.314,pop
683,-3.413,pop
684,-3.473,pop
685,-6.196,pop
686,-4.941,pop
687,-6.853,pop
704,-2.915,pop
705,-4.384,pop
706,-10.809,pop
707,-20.384,pop
708,-21.447,pop
709,-10.319,pop
710,-9.336,pop
711,-10.027,pop
712,-5.006,pop
713,-6.475,pop
714,-6.664,pop
715,-4.444,pop
766,-6.195,pop
767,-5.999,pop
768,-8.642,pop
769,-9.919,pop
770,-5.303,pop
771,-6.899,pop
772,-7.022,pop
773,-6.571,pop
774,-7.782,pop
775,-10.317,pop
776,-10.185,pop
777,-6.287,pop
778,-7.859,pop
779,-7.27,pop
780,-3.947,pop
781,-9.223,pop
782,-5.171,pop
783,-7.144,pop
784,-9.982,pop
785,-6.92,pop
786,-5.747,pop
787,-7.735,pop
788,-6.431,pop
789,-5.702,pop
790,-8.507,pop
791,-5.702,pop
792,-6.715,pop
793,-6.375,pop
794,-6.016,pop
795,-3.901,pop
796,-6.985,pop
797,-4.162,pop
798,-7.297,pop
802,-7.128,pop
803,-7.492,pop
804,-6.039,pop
805,-5.206,pop
806,-8.007,pop
814,-15.067,pop
816,-5.484,pop
817,-6.474,pop
819,-6.485,pop
820,-5.105,pop
821,-12.696,pop
822,-5.802,pop
823,-7.418,pop
824,-8.412,pop
825,-8.275,pop
826,-10.358,pop
827,-12.457,pop
828,-13.515,pop
829,-7.066,pop
830,-7.351,pop
831,-6.948,pop
832,-8.344,pop
841,-25.361,pop
842,-2.946,pop
843,-5.773,pop
844,-9.297,pop
845,-7.843,pop
846,-7.399,pop
848,-5.63,pop
849,-7.002,pop
850,-8.328,pop
851,-7.606,pop
852,-7.572,pop
853,-2.856,pop
854,-8.531,pop
855,-6.018,pop
869,-8.652,pop
880,-7.584,pop
881,-7.327,pop
882,-6.375,pop
883,-10.72,pop
884,-8.139,pop
896,-5.674,pop
905,-11.841,pop
906,-10.338,pop
909,-7.506,pop
910,-6.849,pop
911,-17.157,pop
912,-4.56,pop
913,-4.017,pop
916,-6.19,pop
917,-5.617,pop
918,-8.096,pop
919,-4.947,pop
920,-8.227,pop
921,-1.427,pop
922,-7.186,pop
1000,-5.219,pop
1010,-3.604,pop
1019,-8.26,pop
1020,-5.639,pop
1048,-8.199,pop
1049,-6.522,pop
1050,-4.083,pop
1051,-7.786,pop
1059,-4.498,pop
1076,-5.081,pop
1077,-3.964,pop
1093,-6.436,pop
1094,-1.835,pop
1095,-1.7,pop
1107,-4.493,pop
1115,-3.621,pop
1116,-4.34,pop
1117,-6.276,pop
1118,-5.062,pop
1119,-3.919,pop
1120,-5.48,pop
1987,-3.491,pop
1988,-5.362,pop
1989,-2.716,pop
1990,-4.87,pop
1991,-4.185,pop
1999,-7.02,pop
2000,-3.993,pop
2001,-5.452,pop
2002,-5.025,pop
2003,-5.382,pop
2004,-5.108,pop
2005,-3.053,pop
2006,-5.439,pop
2007,-4.7,pop
2029,-3.574,pop
2030,-3.432,pop
2031,-5.614,pop
2033,-5.797,pop
2034,-5.261,pop
2035,-4.388,pop
2036,-10.661,pop
2037,-4.915,pop
2038,-5.974,pop
2039,-3.338,pop
2040,-2.702,pop
2041,-5.968,pop
2046,-9.279,pop
2047,-5.942,pop
2048,-2.94,pop
2049,-4.564,pop
2050,-4.532,pop
2061,-4.547,pop
2062,-5.001,pop
2063,-4.302,pop
2064,-4.612,pop
2065,-6.92,pop
2066,-4.777,pop
2067,-5.96,pop
2068,-7.149,pop
2070,-6.248,pop
2117,-4.768,pop
2118,-5.292,pop
2119,-3.359,pop
2120,-4.552,pop
2121,-5.809,pop
2122,-7.084,pop
2123,-5.725,pop
2124,-5.882,pop
2125,-5.305,pop
2142,-4.763,pop
2143,-4.809,pop
2161,-5.727,pop
2162,-5.357,pop
2182,-5.455,pop
2183,-5.6,pop
2184,-6.205,pop
2185,-6.712,pop
2186,-4.072,pop
2450,-6.905,pop
2451,-6.927,pop
2452,-11.41,pop
2453,-7.275,pop
2454,-10.503,pop
2455,-16.239,pop
2456,-9.193,pop
2457,-7.436,pop
2458,-6.213,pop
2459,-4.899,pop
2460,-6.991,pop
2461,-8.889,pop
2462,-4.08,pop
2463,-7.226,pop
2464,-11.589,pop
2465,-5.643,pop
2466,-7.016,pop
2467,-5.859,pop
2468,-5.089,pop
2469,-9.733,pop
2470,-8.434,pop
2471,-4.869,pop
2485,-6.972,pop
2486,-7.853,pop
2487,-11.615,pop
2488,-7.95,pop
2489,-8.915,pop
2490,-9.767,pop
2491,-6.847,pop
2492,-6.325,pop
2493,-12.111,pop
2511,-6.69,pop
2512,-5.608,pop
2513,-7.652,pop
2514,-5.28,pop
2515,-3.399,pop
2516,-7.744,pop
2517,-5.601,pop
2518,-10.136,pop
2519,-6.327,pop
2520,-4.304,pop
2521,-5.877,pop
2522,-5.013,pop
2523,-6.458,pop
2525,-3.793,pop
2526,-4.887,pop
2642,-5.045,pop
2643,-7.003,pop
2644,-6.725,pop
2645,-4.867,pop
2646,-6.09,pop
2647,-10.699,pop
2648,-7.211,pop
2649,-6.555,pop
2650,-5.796,pop
2651,-5.752,pop
2652,-7.98,pop
2653,-5.07,pop
2654,-7.336,pop
2693,-7.498,pop
2701,-6.34,pop
2702,-6.742,pop
2703,-5.824,pop
2704,-15.006,pop
2705,-7.307,pop
2706,-9.153,pop
2707,-6.234,pop
2708,-5.125,pop
2709,-9.637,pop
2710,-10.399,pop
2711,-10.419,pop
2712,-8.905,pop
2713,-4.854,pop
2714,-7.286,pop
2715,-8.453,pop
2795,-7.224,pop
2796,-4.908,pop
2797,-3.505,pop
2798,-3.765,pop
2799,-5.453,pop
2800,-2.703,pop
2801,-6.052,pop
2802,-5.197,pop
2803,-4.17,pop
2804,-4.978,pop
2805,-6.334,pop
2806,-6.72,pop
2807,-7.014,pop
2808,-12.265,pop
2809,-5.648,pop
2810,-6.073,pop
2830,-3.499,pop
2831,-5.664,pop
2832,-7.548,pop
2835,-5.771,pop
2836,-1.55,pop
2837,-3.145,pop
2848,-2.063,pop
2849,-2.559,pop
2850,-8.119,pop
2851,-10.183,pop
2852,-3.645,pop
2853,-2.169,pop
2854,-5.446,pop
2874,-4.574,pop
2875,-3.011,pop
2893,-6.731,pop
2894,-3.408,pop
2895,-3.256,pop
2896,-5.808,pop
2897,-5.614,pop
2898,-4.068,pop
2899,-3.469,pop
2900,-3.673,pop
2901,-2.892,pop
2902,-3.729,pop
2903,-3.913,pop
2904,-4.567,pop
2905,-4.676,pop
2906,-3.68,pop
2907,-3.676,pop
2908,-4.002,pop
2909,-4.0,pop
2966,-6.181,pop
2968,-7.118,pop
2969,-6.995,pop
2970,-2.673,pop
2971,-8.53,pop
2972,-8.033,pop
2973,-6.857,pop
2974,-8.415,pop
2975,-6.651,pop
2976,-10.049,pop
2977,-7.869,pop
2978,-6.743,pop
2979,-7.661,pop
2980,-6.967,pop
2981,-9.871,pop
2982,-11.467,pop
2983,-5.733,pop
2984,-9.514,pop
3004,-5.123,pop
3005,-6.337,pop
3006,-8.302,pop
3007,-7.609,pop
3008,-6.204,pop
3009,-8.213,pop
3010,-8.985,pop
3011,-7.114,pop
3012,-8.073,pop
3013,-4.081,pop
3014,-5.412,pop
3029,-5.68,pop
3030,-2.245,pop
3031,-4.239,pop
3032,-4.985,pop
3033,-7.66,pop
3034,-3.364,pop
3035,-4.202,pop
3036,-7.14,pop
3037,-5.545,pop
3046,-6.348,pop
3047,-7.115,pop
3048,-4.942,pop
3049,-8.738,pop
3053,-3.273,pop
3055,-4.881,pop
3073,-3.785,pop
3074,-7.647,pop
3107,-5.081,pop
3118,-5.851,pop
3119,-4.372,pop
3121,-5.219,pop
3122,-5.153,pop
3139,-8.026,pop
3143,-11.431,pop
3144,-6.16,pop
3404,-6.735,pop
3416,-3.782,pop
3417,-6.175,pop
3418,-5.76,pop
3419,-4.881,pop
3420,-4.065,pop
3421,-4.559,pop
3422,-7.803,pop
3423,-3.755,pop
3427,-3.374,pop
3430,-4.586,pop
3612,-5.929,pop
3613,-6.903,pop
3616,-2.745,pop
3617,-5.001,pop
3618,-5.125,pop
3619,-5.715,pop
3620,-9.071,pop
3621,-6.341,pop
3622,-4.966,pop
3623,-5.566,pop
3624,-4.635,pop
3625,-6.139,pop
3626,-2.927,pop
3627,-3.625,pop
3628,-0.7,pop
3630,-2.746,pop
3631,-4.176,pop
3632,-5.486,pop
3633,-5.411,pop
3634,-6.046,pop
3635,-6.451,pop
3636,-7.974,pop
3637,-4.677,pop
3638,-4.603,pop
3653,-5.683,pop
3680,-6.323,pop
3681,-5.824,pop
3683,-7.876,pop
3689,-7.384,pop
3690,-5.072,pop
3691,-5.429,pop
3695,-7.454,pop
3696,-2.026,pop
3697,-5.788,pop
3698,-2.259,pop
3699,-5.531,pop
3700,-6.197,pop
3701,-7.103,pop
3702,-9.845,pop
3717,-3.828,pop
3718,-7.563,pop
3722,-9.411,pop
3723,-6.965,pop
3724,-10.307,pop
3725,-7.176,pop
3726,-6.951,pop
3727,-10.995,pop
3728,-3.799,pop
3755,-7.575,pop
3756,-7.18,pop
3757,-4.503,pop
3758,-4.939,pop
3759,-2.965,pop
3760,-4.499,pop
3761,-4.302,pop
3762,-5.43,pop
3800,-4.243,pop
3827,-3.137,pop
3828,-6.646,pop
3829,-5.781,pop
3830,-3.981,pop
3831,-2.279,pop
3832,-5.825,pop
3833,-3.768,pop
3834,-7.162,pop
3835,-4.538,pop
3836,-7.177,pop
3837,-2.907,pop
3838,-3.15,pop
3839,-2.068,pop
3840,-4.178,pop
3841,-1.843,pop
3843,-3.408,pop
3844,-4.705,pop
3845,-12.914,pop
3849,-4.238,pop
3850,-2.788,pop
3857,-5.507,pop
3859,-4.188,pop
3860,-4.008,pop
3862,-6.833,pop
3874,-4.225,pop
3875,-2.959,pop
3876,-4.524,pop
3877,-3.584,pop
3880,-4.487,pop
3881,-9.882,pop
3882,-4.45,pop
3883,-4.736,pop
3884,-4.814,pop
3885,-7.25,pop
3933,-5.441,pop
3934,-5.834,pop
3935,-7.084,pop
3936,-7.231,pop
3937,-8.142,pop
3938,-4.237,pop
3939,-8.29,pop
3940,-6.217,pop
3941,-10.212,pop
3945,-3.499,pop
3946,-4.741,pop
3947,-3.104,pop
3948,-5.137,pop
3949,-6.042,pop
3950,-7.655,pop
3951,-6.352,pop
3952,-6.412,pop
3964,-3.725,pop
3965,-3.922,pop
4077,-2.687,pop
4080,-3.114,pop
4081,-5.559,pop
4082,-1.993,pop
4083,-4.249,pop
4084,-4.581,pop
4085,-2.373,pop
4086,-3.612,pop
4087,-1.918,pop
4088,-3.302,pop
4090,-2.901,pop
4091,-3.315,pop
4092,-2.898,pop
4093,-2.977,pop
4094,-4.035,pop
4095,-5.558,pop
4096,-3.314,pop
4097,-6.7,pop
4098,-3.104,pop
4099,-2.129,pop
4100,-5.277,pop
4101,-3.211,pop
4102,-4.618,pop
4103,-3.628,pop
4104,-5.532,pop
4105,-3.903,pop
4106,-4.429,pop
4107,-2.611,pop
4108,-1.712,pop
4109,-3.911,pop
4110,-3.955,pop
4111,-3.684,pop
4112,-2.877,pop
4113,-2.32,pop
4114,-3.512,pop
4115,-5.051,pop
4116,-3.404,pop
4117,-4.025,pop
4118,-3.471,pop
4119,-4.23,pop
4120,-4.576,pop
4121,-4.399,pop
4122,-6.195,pop
4123,-5.267,pop
4124,-2.699,pop
4125,-4.994,pop
4126,-4.818,pop
4127,-5.867,pop
4135,-4.761,pop
4136,-4.534,pop
4137,-4.049,pop
4138,-3.116,pop
4139,-2.335,pop
4140,-4.725,pop
4141,-4.615,pop
4142,-6.737,pop
4143,-2.775,pop
4144,-4.452,pop
4145,-6.184,pop
4146,-3.246,pop
4148,-3.292,pop
4157,-6.165,pop
4180,-5.29,pop
4181,-8.295,pop
4182,-6.891,pop
4186,-3.473,pop
4187,-4.809,pop
4188,-6.36,pop
4189,-4.726,pop
4196,-6.677,pop
4197,-4.606,pop
4198,-7.069,pop
4199,-6.428,pop
4200,-4.342,pop
4201,-4.034,pop
4202,-5.995,pop
4203,-4.744,pop
4204,-5.272,pop
4205,-6.997,pop
4206,-3.539,pop
4207,-4.3,pop
4208,-7.712,pop
4209,-5.356,pop
4215,-7.956,pop
4216,-6.31,pop
4219,-6.597,pop
4221,-4.164,pop
4222,-4.277,pop
4223,-11.104,pop
4238,-9.764,pop
4244,-4.941,pop
4245,-7.54,pop
4246,-6.397,pop
4247,-6.64,pop
4248,-4.918,pop
4249,-4.412,pop
4250,-8.921,pop
4251,-5.123,pop
4254,-5.672,pop
4255,-7.812,pop
4256,-7.177,pop
4257,-10.847,pop
4258,-5.067,pop
4259,-13.721,pop
4260,-7.953,pop
4261,-4.898,pop
4262,-6.723,pop
4263,-4.288,pop
4264,-6.419,pop
4265,-5.074,pop
4266,-6.684,pop
4267,-5.279,pop
4268,-4.141,pop
4269,-5.461,pop
4270,-8.075,pop
4271,-8.808,pop
4272,-1.949,pop
4282,-5.707,pop
4283,-6.564,pop
4284,-5.08,pop
4285,-5.632,pop
4286,-7.15,pop
4287,-6.498,pop
4288,-4.65,pop
4289,-4.697,pop
4290,-5.437,pop
4291,-10.636,pop
4292,-4.399,pop
4293,-4.881,pop
4294,-4.983,pop
4295,-2.415,pop
4296,-3.117,pop
4297,-6.245,pop
4298,-4.128,pop
4299,-3.753,pop
4300,-11.024,pop
4301,-4.157,pop
4302,-3.839,pop
4303,-5.562,pop
4304,-12.649,pop
4305,-4.204,pop
4306,-5.146,pop
4307,-5.539,pop
4308,-3.978,pop
4309,-4.734,pop
4310,-3.641,pop
4461,-3.017,pop
4462,-5.975,pop
4463,-5.119,pop
4464,-5.538,pop
4465,-5.644,pop
4466,-4.442,pop
4467,-5.126,pop
4468,-4.956,pop
4469,-3.013,pop
4470,-6.267,pop
4471,-5.766,pop
4472,-3.424,pop
4473,-4.595,pop
4474,-4.389,pop
4475,-2.748,pop
4476,-4.906,pop
4477,-7.553,pop
4478,-6.678,pop
4479,-7.551,pop
4480,-3.033,pop
4481,-2.884,pop
4482,-5.563,pop
4483,-5.747,pop
4564,-7.727,pop
4565,-6.85,pop
4566,-5.642,pop
4570,-4.271,pop
4571,-5.194,pop
4572,-5.413,pop
4573,-5.303,pop
4574,-5.036,pop
4575,-5.296,pop
4577,-6.869,pop
4578,-3.329,pop
4579,-6.825,pop
4580,-5.507,pop
4584,-5.445,pop
4585,-5.639,pop
4586,-5.484,pop
4587,-5.194,pop
4588,-2.907,pop
4628,-4.667,pop
4642,-5.436,pop
4643,-2.986,pop
4997,-5.63,pop
4998,-5.383,pop
4999,-1.915,pop
5000,-4.458,pop
5001,-3.447,pop
5002,-7.565,pop
5003,-6.19,pop
5004,-7.388,pop
5005,-5.287,pop
5006,-5.176,pop
5007,-7.835,pop
5008,-5.915,pop
5009,-6.933,pop
5010,-4.052,pop
5011,-5.406,pop
5028,-6.095,pop
5029,-5.764,pop
5052,-5.06,pop
5053,-4.675,pop
5054,-3.759,pop
5055,-3.318,pop
5056,-5.972,pop
5057,-5.029,pop
5058,-4.121,pop
5059,-6.487,pop
5060,-7.51,pop
5061,-4.203,pop
5062,-4.754,pop
5063,-4.322,pop
5064,-4.451,pop
5065,-4.477,pop
5066,-3.983,pop
5071,-2.929,pop
5073,-6.5,pop
5074,-4.564,pop
5075,-4.788,pop
5076,-4.672,pop
5077,-3.778,pop
5118,-4.142,pop
5159,-9.827,pop
5171,-4.364,pop
5172,-2.996,pop
5173,-3.503,pop
5174,-3.66,pop
5175,-4.104,pop
5176,-7.626,pop
5177,-2.921,pop
5178,-4.046,pop
5179,-2.878,pop
5180,-4.969,pop
5181,-4.329,pop
5182,-5.466,pop
5183,-4.154,pop
5184,-5.8,pop
5185,-6.918,pop
5186,-2.325,pop
5187,-3.613,pop
5188,-5.877,pop
5189,-5.283,pop
5190,-4.358,pop
5191,-4.744,pop
5192,-4.952,pop
5206,-7.037,pop
5208,-5.48,pop
5209,-5.547,pop
5210,-3.781,pop
5212,-3.785,pop
5218,-7.326,pop
5219,-6.07,pop
5220,-4.738,pop
5221,-4.17,pop
5222,-7.063,pop
5228,-6.029,pop
5229,-5.245,pop
5230,-8.736,pop
5231,-7.117,pop
5233,-6.56,pop
5234,-4.535,pop
5235,-4.708,pop
5236,-4.759,pop
5619,-7.937,pop
5620,-4.472,pop
5621,-3.884,pop
5622,-6.823,pop
5628,-6.069,pop
5629,-3.192,pop
5630,-4.028,pop
5631,-5.817,pop
5632,-6.757,pop
5633,-6.669,pop
5634,-3.339,pop
5635,-7.176,pop
5636,-8.296,pop
5637,-5.674,pop
5638,-6.546,pop
5639,-6.831,pop
5640,-5.76,pop
5641,-5.579,pop
5642,-12.215,pop
5643,-6.278,pop
5644,-5.598,pop
5645,-5.35,pop
5646,-7.339,pop
5647,-4.963,pop
5648,-4.804,pop
5649,-8.245,pop
5650,-9.505,pop
5651,-4.903,pop
5652,-4.476,pop
5653,-6.256,pop
5654,-5.321,pop
5655,-6.329,pop
5656,-6.296,pop
5657,-7.887,pop
5658,-5.094,pop
5659,-6.228,pop
5660,-4.42,pop
5661,-5.146,pop
5662,-7.042,pop
5780,-4.139,pop
5781,-6.211,pop
5782,-8.351,pop
5783,-6.109,pop
5784,-4.698,pop
5785,-5.652,pop
5786,-6.221,pop
5787,-5.927,pop
5788,-6.181,pop
5789,-5.953,pop
5790,-3.86,pop
5791,-6.859,pop
5792,-6.606,pop
5793,-5.264,pop
5794,-6.914,pop
5795,-4.548,pop
5796,-6.818,pop
5811,-4.293,pop
5812,-8.74,pop
5813,-4.545,pop
5871,-6.035,pop
5872,-5.85,pop
5900,-8.398,pop
5901,-7.482,pop
5920,-13.928,pop
5921,-3.202,pop
5922,-6.229,pop
5923,-4.527,pop
5924,-4.118,pop
5925,-11.848,pop
5926,-8.966,pop
5927,-7.828,pop
5928,-5.311,pop
5942,-4.336,pop
5943,-4.057,pop
5944,-3.393,pop
5960,-4.278,pop
5961,-9.439,pop
5962,-7.67,pop
5963,-7.24,pop
5964,-7.619,pop
5965,-6.723,pop
5966,-7.08,pop
5967,-7.493,pop
5968,-5.045,pop
5981,-7.809,pop
5982,-6.437,pop
5983,-11.466,pop
5984,-5.844,pop
5985,-5.213,pop
5986,-10.304,pop
5987,-13.509,pop
5988,-7.322,pop
6001,-9.45,pop
6002,-7.362,pop
6003,-6.603,pop
6004,-16.142,pop
6005,-6.71,pop
6018,-6.996,pop
6019,-6.669,pop
6020,-7.053,pop
6021,-8.222,pop
6022,-8.171,pop
6023,-4.995,pop
6024,-6.418,pop
6025,-10.302,pop
6026,-7.514,pop
6027,-11.527,pop
6028,-8.023,pop
6029,-13.326,pop
6030,-6.454,pop
6031,-4.848,pop
6032,-3.552,pop
6033,-7.708,pop
6034,-9.776,pop
6035,-10.023,pop
6036,-4.515,pop
6037,-4.36,pop
6038,-4.992,pop
6047,-3.36,pop
6048,-6.505,pop
6054,-7.644,pop
6055,-7.69,pop
6056,-4.292,pop
6057,-11.343,pop
6058,-12.23,pop
6059,-6.517,pop
6060,-3.451,pop
6061,-2.345,pop
6062,-7.54,pop
6063,-8.448,pop
6064,-7.058,pop
6065,-4.405,pop
6066,-6.266,pop
6067,-6.598,pop
6068,-5.718,pop
6069,-8.097,pop
6070,-6.318,pop
6071,-6.292,pop
6072,-7.054,pop
6076,-3.771,pop
6083,-4.078,pop
6084,-6.689,pop
6085,-10.991,pop
6092,-7.764,pop
6106,-5.079,pop
6108,-3.51,pop
6109,-1.427,pop
6115,-4.671,pop
6116,-4.665,pop
6125,-4.943,pop
6126,-4.752,pop
6132,-1.363,pop
6133,-7.071,pop
6134,-11.377,pop
6152,-6.838,pop
6153,-4.388,pop
6154,-4.247,pop
6155,-4.744,pop
6156,-7.447,pop
6157,-7.775,pop
6158,-6.084,pop
6159,-6.48,pop
6160,-7.516,pop
6161,-4.548,pop
6162,-6.629,pop
6163,-4.852,pop
6164,-3.904,pop
6165,-4.891,pop
6166,-6.763,pop
6169,-4.724,pop
6170,-5.353,pop
6171,-8.318,pop
6213,-5.451,pop
6249,-7.494,pop
6250,-6.817,pop
6273,-3.452,pop
6274,-5.859,pop
6275,-5.694,pop
6276,-7.756,pop
6277,-3.105,pop
6278,-6.846,pop
6279,-6.354,pop
6394,-6.374,pop
6395,-4.969,pop
6396,-5.607,pop
6397,-5.378,pop
6398,-6.273,pop
6407,-8.304,pop
6426,-7.834,pop
6507,-4.287,pop
6508,-6.299,pop
6562,-5.976,pop
6563,-4.096,pop
6564,-4.05,pop
6565,-4.838,pop
6580,-6.316,pop
6596,-1.431,pop
6597,-5.624,pop
6598,-6.333,pop
6599,-8.144,pop
6600,-4.763,pop
6601,-9.996,pop
6649,-3.849,pop
6650,-5.006,pop
6651,-8.92,pop
6652,-8.21,pop
6653,-4.775,pop
6654,-5.956,pop
6655,-8.822,pop
6656,-5.671,pop
6657,-6.137,pop
6821,-5.65,pop
6822,-5.29,pop
6823,-7.948,pop
6824,-4.804,pop
6833,-5.211,pop
6834,-5.38,pop
6836,-4.043,pop
6843,-2.893,pop
6844,-2.06,pop
6845,-4.991,pop
6846,-3.078,pop
6847,-4.091,pop
6848,-4.856,pop
6849,-3.15,pop
6850,-4.838,pop
6878,-4.825,pop
6879,-4.469,pop
6881,-6.225,pop
6911,-2.564,pop
6927,-3.949,pop
6928,-3.456,pop
6929,-4.64,pop
6936,-3.539,pop
6937,-4.081,pop
6938,-5.744,pop
6981,-3.796,pop
6982,-5.797,pop
6983,-10.744,pop
6984,-3.078,pop
6985,-5.249,pop
6991,-3.046,pop
6996,-7.099,pop
7003,-4.757,pop
7004,-4.143,pop
7005,-4.67,pop
7316,-3.089,pop
7317,-1.869,pop
7318,-7.223,pop
7319,-8.54,pop
7320,-6.832,pop
7338,-6.403,pop
7339,-6.959,pop
7340,-9.499,pop
7341,-9.165,pop
7351,-3.602,pop
7352,-7.717,pop
7353,-9.919,pop
7363,-6.201,pop
7364,-10.566,pop
7365,-7.328,pop
7366,-14.808,pop
7367,-5.793,pop
7369,-4.836,pop
7370,-14.061,pop
7371,-6.807,pop
7372,-5.745,pop
7373,-8.779,pop
7376,-9.934,pop
7377,-5.451,pop
7378,-12.543,pop
7379,-6.907,pop
7380,-4.596,pop
7381,-4.864,pop
7382,-10.985,pop
7383,-13.297,pop
7384,-6.223,pop
7385,-9.341,pop
7386,-7.607,pop
7387,-4.923,pop
7388,-7.167,pop
7389,-4.521,pop
7390,-9.329,pop
7391,-7.831,pop
7392,-7.344,pop
7393,-11.828,pop
7395,-9.963,pop
7396,-4.954,pop
7401,-5.092,pop
7404,-4.461,pop
7408,-5.794,pop
7409,-9.501,pop
7410,-9.516,pop
7411,-8.147,pop
7412,-11.936,pop
7413,-4.995,pop
7414,-3.062,pop
7415,-3.882,pop
7419,-14.687,pop
7420,-3.475,pop
7421,-9.967,pop
7422,-5.345,pop
7424,-7.341,pop
7425,-11.675,pop
7428,-3.593,pop
7429,-5.117,pop
7430,-5.211,pop
7431,-9.811,pop
7432,-7.455,pop
7433,-6.427,pop
7436,-5.981,pop
7437,-9.985,pop
7438,-8.848,pop
7439,-5.488,pop
7440,-3.599,pop
7441,-3.238,pop
7442,-6.973,pop
7443,-10.359,pop
7444,-5.291,pop
7445,-10.379,pop
7446,-8.154,pop
7447,-6.413,pop
7448,-7.043,pop
7449,-8.271,pop
7450,-7.305,pop
7451,-4.699,pop
7452,-8.222,pop
7457,-9.169,pop
7458,-8.121,pop
7461,-3.726,pop
7462,-5.963,pop
7463,-4.237,pop
7464,-4.785,pop
7465,-4.323,pop
7466,-4.818,pop
7467,-3.678,pop
7468,-5.936,pop
7469,-9.596,pop
9009,-4.05,pop
9010,-3.014,pop
9011,-2.959,pop
9012,-2.867,pop
9013,-3.568,pop
9014,-5.386,pop
9015,-5.581,pop
9016,-9.807,pop
9017,-6.035,pop
9018,-8.635,pop
9026,-4.802,pop
9027,-3.87,pop
9028,-6.063,pop
9029,-6.83,pop
9030,-8.022,pop
9211,-2.681,pop
9212,-7.28,pop
9244,-8.898,pop
9245,-8.428,pop
9246,-14.323,pop
9259,-4.45,pop
9260,-7.972,pop
9261,-8.601,pop
9281,-6.842,pop
9282,-8.109,pop
9359,-7.453,pop
9360,-7.634,pop
9361,-4.588,pop
9374,-6.987,pop
9382,-8.69,pop
9384,-8.006,pop
9385,-6.515,pop
9386,-7.249,pop
9387,-5.659,pop
9388,-8.621,pop
9389,-5.21,pop
9390,-5.629,pop
9391,-4.76,pop
9392,-5.761,pop
9393,-5.257,pop
9394,-4.26,pop
9395,-2.388,pop
9396,-7.688,pop
9397,-6.537,pop
9398,-3.883,pop
9399,-4.2,pop
9400,-4.739,pop
9410,-4.364,pop
9411,-5.911,pop
9412,-9.919,pop
9413,-6.735,pop
9414,-6.273,pop
9415,-7.249,pop
9417,-1.865,pop
9848,-6.229,pop
9849,-8.397,pop
9937,-6.232,pop
9951,-7.614,pop
9952,-7.414,pop
9953,-6.962,pop
9954,-7.227,pop
9955,-6.112,pop
9956,-2.953,pop
9957,-7.926,pop
9958,-11.114,pop
9959,-8.776,pop
9965,-6.626,pop
9966,-7.878,pop
9967,-7.579,pop
9968,-9.471,pop
9969,-4.733,pop
9970,-8.238,pop
9971,-9.294,pop
9972,-8.854,pop
9973,-5.61,pop
9974,-3.791,pop
9975,-3.681,pop
9976,-5.34,pop
9977,-5.572,pop
9978,-5.356,pop
9979,-5.249,pop
9980,-8.418,pop
9981,-5.519,pop
9982,-8.448,pop
9983,-8.727,pop
9984,-8.917,pop
9985,-8.717,pop
9986,-5.873,pop
9987,-9.883,pop
9988,-6.529,pop
9989,-5.265,pop
9995,-5.324,pop
9996,-8.175,pop
9997,-9.811,pop
9998,-8.494,pop
9999,-8.159,pop
10021,-6.558,pop
10022,-6.415,pop
10034,-5.697,pop
10043,-7.428,pop
10044,-7.03,pop
10045,-6.733,pop
10047,-5.895,pop
10048,-2.673,pop
10049,-8.543,pop
10050,-7.916,pop
10054,-6.789,pop
10055,-6.717,pop
10058,-6.62,pop
10059,-6.659,pop
10060,-6.888,pop
10074,-8.321,pop
10075,-4.44,pop
10137,-5.563,pop
10138,-14.439,pop
10139,-4.822,pop
10140,-9.842,pop
10141,-5.054,pop
10142,-8.519,pop
10143,-2.164,pop
10144,-5.286,pop
10145,-11.743,pop
10146,-3.034,pop
10147,-10.525,pop
10154,-8.898,pop
10178,-4.368,pop
10433,-8.898,pop
10477,-4.379,pop
10478,-5.927,pop
10479,-13.254,pop
10480,-13.59,pop
10481,-8.622,pop
10482,-12.592,pop
10483,-7.199,pop
10484,-6.52,pop
10492,-8.619,pop
10493,-8.248,pop
10494,-17.217,pop
10495,-6.088,pop
10496,-3.306,pop
10497,-6.982,pop
10498,-9.82,pop
10499,-6.441,pop
10500,-8.476,pop
10501,-11.782,pop
10502,-10.527,pop
10503,-12.202,pop
10504,-6.955,pop
10505,-6.341,pop
10506,-13.796,pop
10507,-13.277,pop
10508,-16.09,pop
10509,-12.288,pop
10510,-16.544,pop
10511,-14.221,pop
10512,-15.581,pop
10513,-18.695,pop
10514,-12.811,pop
10515,-19.6,pop
10516,-16.494,pop
10523,-10.537,pop
10524,-6.272,pop
10525,-11.137,pop
10526,-10.106,pop
10527,-5.273,pop
10528,-4.832,pop
10529,-10.198,pop
10530,-8.739,pop
10531,-9.246,pop
10532,-8.329,pop
10560,-4.452,pop
10561,-8.926,pop
10562,-17.591,pop
10583,-9.22,pop
10584,-7.287,pop
10585,-4.605,pop
10586,-6.685,pop
10587,-12.102,pop
10588,-8.254,pop
10589,-7.06,pop
10590,-7.51,pop
10591,-5.795,pop
10592,-5.386,pop
10593,-4.173,pop
10594,-5.953,pop
10595,-9.806,pop
10596,-12.573,pop
10597,-8.644,pop
10598,-9.314,pop
10599,-9.099,pop
10612,-5.835,pop
11098,-6.247,pop
11099,-6.159,pop
11100,-4.717,pop
11101,-10.279,pop
11103,-3.973,pop
11104,-6.583,pop
11105,-4.485,pop
11106,-2.999,pop
11107,-6.661,pop
11108,-4.447,pop
11109,-8.685,pop
11110,-4.637,pop
11111,-7.498,pop
11112,-3.858,pop
11130,-8.071,pop
11131,-8.202,pop
11132,-7.936,pop
11141,-6.612,pop
11229,-5.466,pop
11230,-5.404,pop
11236,-6.273,pop
11237,-5.725,pop
11238,-5.465,pop
11246,-5.563,pop
11247,-6.518,pop
11248,-5.777,pop
11249,-3.803,pop
11250,-3.722,pop
11251,-4.91,pop
11252,-2.769,pop
11253,-6.298,pop
11254,-7.644,pop
11255,-5.956,pop
11271,-6.672,pop
11272,-6.391,pop
11327,-7.086,pop
11328,-5.243,pop
11329,-5.155,pop
11330,-3.887,pop
11331,-5.46,pop
11332,-6.054,pop
11333,-5.799,pop
11334,-4.338,pop
11335,-6.134,pop
11338,-2.525,pop
11339,-3.836,pop
11340,-9.366,pop
11341,-7.046,pop
11342,-6.366,pop
11343,-4.998,pop
11344,-4.46,pop
11345,-3.931,pop
11346,-4.275,pop
11347,-4.569,pop
11358,-4.245,pop
11359,-6.73,pop
11360,-7.125,pop
11418,-2.904,pop
11438,-7.014,pop
11439,-7.765,pop
11440,-5.357,pop
11441,-5.343,pop
11442,-5.217,pop
11444,-7.123,pop
11445,-7.428,pop
11446,-6.278,pop
11447,-5.855,pop
11644,-3.672,pop
11645,-5.677,pop
11646,-6.764,pop
11647,-6.253,pop
11648,-4.01,pop
11649,-7.288,pop
11650,-6.13,pop
11652,-6.516,pop
11653,-4.807,pop
11661,-8.536,pop
11662,-6.697,pop
11663,-6.528,pop
11664,-8.797,pop
11665,-6.1,pop
11666,-9.382,pop
11667,-8.136,pop
11668,-2.784,pop
11669,-9.348,pop
11670,-5.996,pop
11671,-4.7,pop
11672,-4.469,pop
11673,-14.037,pop
11674,-22.849,pop
11675,-5.747,pop
11676,-9.41,pop
11677,-9.529,pop
11678,-8.799,pop
11679,-7.87,pop
11680,-12.181,pop
11681,-7.735,pop
11682,-8.521,pop
11683,-8.984,pop
11684,-6.557,pop
11685,-8.745,pop
11686,-7.257,pop
11687,-10.229,pop
11688,-9.277,pop
11689,-7.777,pop
11690,-9.088,pop
11691,-8.597,pop
11692,-3.298,pop
11693,-8.591,pop
11694,-10.345,pop
11695,-7.358,pop
11696,-14.173,pop
11697,-7.761,pop
11698,-7.941,pop
11699,-5.827,pop
11700,-5.905,pop
11701,-8.681,pop
11702,-12.873,pop
11703,-9.621,pop
11704,-11.07,pop
11705,-15.511,pop
11706,-26.279,pop
11707,-10.706,pop
11708,-5.36,pop
11709,-5.852,pop
11710,-8.646,pop
11711,-7.086,pop
11712,-17.542,pop
11713,-7.866,pop
11714,-4.219,pop
11715,-4.446,pop
11716,-4.903,pop
11717,-3.838,pop
11718,-10.841,pop
11719,-8.908,pop
11720,-8.183,pop
11721,-5.796,pop
11722,-10.28,pop
11723,-5.75,pop
11724,-5.227,pop
11725,-9.489,pop
11726,-5.81,pop
11727,-6.338,pop
11728,-10.602,pop
11729,-10.266,pop
11730,-4.843,pop
11731,-6.32,pop
11732,-6.661,pop
11733,-5.571,pop
11734,-6.272,pop
11735,-4.348,pop
11736,-4.069,pop
11737,-4.577,pop
11738,-3.516,pop
11739,-4.695,pop
11740,-4.665,pop
11741,-4.164,pop
11742,-6.756,pop
11743,-10.578,pop
11744,-5.29,pop
11745,-7.073,pop
11746,-7.72,pop
11747,-6.686,pop
11748,-9.26,pop
11749,-8.386,pop
11750,-8.881,pop
11751,-3.709,pop
11752,-5.515,pop
11753,-5.816,pop
11754,-5.344,pop
11871,-7.693,pop
11880,-7.308,pop
11881,-4.632,pop
11882,-5.701,pop
11883,-5.921,pop
11884,-6.652,pop
11885,-6.692,pop
11886,-4.229,pop
11887,-7.657,pop
11888,-6.85,pop
11889,-15.067,pop
11890,-10.269,pop
11891,-10.12,pop
11895,-5.145,pop
11896,-5.505,pop
11897,-4.875,pop
11898,-3.76,pop
11899,-4.739,pop
11900,-6.614,pop
11933,-9.703,pop
11949,-10.381,pop
11950,-4.705,pop
11951,-4.887,pop
11952,-4.427,pop
11953,-2.663,pop
11954,-2.244,pop
11955,-4.178,pop
11956,-10.958,pop
11957,-8.187,pop
11958,-3.913,pop
11959,-4.467,pop
11960,-8.938,pop
11961,-6.283,pop
11962,-5.244,pop
11963,-8.866,pop
11964,-7.855,pop
11965,-7.066,pop
11966,-6.297,pop
11967,-3.209,pop
11968,-9.553,pop
11969,-8.401,pop
11970,-5.834,pop
11971,-7.912,pop
11972,-4.831,pop
11973,-3.303,pop
11974,-9.932,pop
11975,-8.901,pop
11976,-3.961,pop
11977,-5.035,pop
11978,-4.058,pop
11979,-9.829,pop
11980,-4.28,pop
11981,-5.195,pop
11982,-6.329,pop
11983,-5.057,pop
11984,-6.097,pop
11985,-7.008,pop
11986,-8.951,pop
11987,-7.326,pop
11988,-4.662,pop
11989,-3.902,pop
11990,-5.917,pop
11991,-5.98,pop
11992,-5.854,pop
11993,-5.151,pop
11994,-3.804,pop
11995,-8.069,pop
11996,-9.603,pop
11997,-12.259,pop
11998,-3.185,pop
11999,-4.731,pop
12000,-6.076,pop
12001,-11.145,pop
12002,-3.59,pop
12003,-4.879,pop
12004,-6.725,pop
12005,-6.053,pop
12012,-7.446,pop
12013,-7.066,pop
12014,-8.525,pop
12015,-8.41,pop
12016,-7.151,pop
12017,-7.902,pop
12018,-6.052,pop
12049,-7.398,pop
12050,-13.465,pop
12051,-5.166,pop
12071,-5.534,pop
12072,-7.121,pop
12073,-9.267,pop
12074,-10.407,pop
12075,-12.178,pop
12076,-10.617,pop
12077,-5.129,pop
12078,-8.173,pop
12079,-4.467,pop
12080,-5.633,pop
12081,-2.368,pop
12082,-11.346,pop
12083,-12.617,pop
12084,-8.536,pop
12085,-6.082,pop
12086,-6.378,pop
12087,-11.94,pop
12088,-8.9,pop
12089,-2.708,pop
12090,-4.681,pop
12091,-10.66,pop
12092,-13.427,pop
12093,-7.275,pop
12094,-8.687,pop
12095,-7.474,pop
12096,-2.993,pop
12097,-7.196,pop
12098,-5.983,pop
12099,-7.832,pop
12100,-5.525,pop
12101,-6.545,pop
12102,-8.432,pop
12103,-9.588,pop
12104,-8.074,pop
12105,-6.055,pop
12106,-6.403,pop
12107,-6.914,pop
12108,-5.177,pop
12227,-9.123,pop
12228,-5.454,pop
12229,-4.86,pop
12230,-3.646,pop
12231,-5.108,pop
12232,-2.925,pop
12233,-7.184,pop
12234,-6.023,pop
12235,-2.905,pop
12236,-3.311,pop
12237,-4.345,pop
12238,-5.136,pop
12239,-5.528,pop
12240,-3.872,pop
12241,-4.258,pop
12242,-4.929,pop
12243,-6.889,pop
12244,-3.968,pop
12245,-4.548,pop
12248,-5.336,pop
12249,-6.255,pop
12250,-6.568,pop
12251,-5.514,pop
12252,-3.687,pop
12253,-5.687,pop
12254,-5.458,pop
12255,-4.905,pop
12256,-3.574,pop
12297,-5.161,pop
12298,-7.968,pop
12299,-11.484,pop
12300,-0.993,pop
12301,-5.946,pop
12302,-4.049,pop
12303,-6.981,pop
12304,-3.71,pop
12305,-3.861,pop
12306,-5.125,pop
12307,-6.891,pop
12308,-4.737,pop
12309,-5.8,pop
12310,-5.973,pop
12312,-4.751,pop
12313,-6.292,pop
12314,-4.46,pop
12315,-7.542,pop
12316,-4.72,pop
12317,-8.212,pop
12318,-5.697,pop
12319,-8.156,pop
12320,-4.909,pop
12321,-4.299,pop
12322,-7.051,pop
12323,-4.914,pop
12324,-5.278,pop
12325,-9.841,pop
12326,-8.482,pop
12327,-3.458,pop
12328,-7.174,pop
12329,-7.608,pop
12330,-5.182,pop
12331,-6.062,pop
12332,-4.064,pop
12333,-7.069,pop
12334,-7.928,pop
12335,-7.089,pop
12336,-5.635,pop
12337,-6.21,pop
12338,-6.643,pop
12339,-5.186,pop
12340,-5.063,pop
12341,-8.606,pop
12342,-10.441,pop
12343,-6.049,pop
12344,-4.388,pop
12345,-2.506,pop
12346,-9.617,pop
12347,-1.316,pop
12348,-7.335,pop
12349,-10.692,pop
12350,-5.837,pop
12351,-7.939,pop
12352,-3.836,pop
12353,-3.825,pop
12354,-6.203,pop
12355,-8.523,pop
12356,-8.584,pop
12357,-6.165,pop
12358,-7.531,pop
12359,-4.682,pop
12361,-10.541,pop
12362,-3.804,pop
12363,-5.455,pop
12364,-4.072,pop
12365,-6.852,pop
12366,-5.246,pop
12367,-4.038,pop
12371,-6.263,pop
12372,-9.156,pop
12522,-5.64,pop
12523,-6.728,pop
12524,-13.668,pop
12525,-3.556,pop
12526,-2.616,pop
12533,-2.868,pop
12534,-5.114,pop
12535,-7.719,pop
12536,-5.554,pop
12537,-4.939,pop
12538,-4.68,pop
12539,-12.734,pop
12540,-3.398,pop
12541,-2.944,pop
12542,-5.355,pop
12543,-3.686,pop
12544,-4.341,pop
12545,-5.821,pop
12546,-4.477,pop
12547,-6.987,pop
12548,-9.433,pop
12549,-5.978,pop
12550,-12.049,pop
12551,-7.425,pop
12552,-3.725,pop
12553,-3.849,pop
12554,-7.664,pop
12555,-5.177,pop
12556,-9.944,pop
12557,-7.045,pop
12558,-5.086,pop
12559,-12.564,pop
12560,-5.13,pop
12561,-5.352,pop
12562,-7.004,pop
12563,-3.906,pop
12564,-7.501,pop
12573,-4.811,pop
12574,-3.947,pop
12609,-4.533,pop
12610,-8.126,pop
12611,-3.356,pop
12612,-2.991,pop
12613,-5.522,pop
12614,-3.409,pop
13035,-14.671,pop
13036,-6.026,pop
13037,-7.177,pop
13038,-4.416,pop
13039,-5.837,pop
13040,-11.236,pop
13041,-9.712,pop
13046,-9.84,pop
13047,-12.841,pop
13048,-6.624,pop
13049,-4.831,pop
13050,-12.858,pop
13051,-8.752,pop
13052,-11.63,pop
13053,-8.7,pop
13054,-13.288,pop
13055,-8.003,pop
13059,-4.233,pop
13060,-7.703,pop
13061,-14.32,pop
13062,-4.878,pop
13063,-5.615,pop
13064,-5.13,pop
13065,-4.929,pop
13066,-7.622,pop
13067,-7.558,pop
13068,-8.984,pop
13069,-4.647,pop
13070,-10.521,pop
13071,-7.053,pop
13072,-4.146,pop
13073,-14.721,pop
13074,-4.487,pop
13075,-7.976,pop
13076,-10.125,pop
13077,-4.626,pop
13078,-12.598,pop
13079,-8.409,pop
13080,-12.283,pop
13081,-9.199,pop
13082,-8.446,pop
13083,-4.678,pop
13084,-9.121,pop
13085,-14.551,pop
13086,-11.77,pop
13087,-13.991,pop
13088,-9.782,pop
13089,-11.805,pop
13090,-12.576,pop
13091,-16.031,pop
13092,-13.437,pop
13093,-13.521,pop
13094,-12.164,pop
13095,-7.963,pop
13096,-9.597,pop
13097,-13.336,pop
13098,-5.961,pop
13099,-8.261,pop
13100,-7.462,pop
13101,-11.958,pop
13102,-7.453,pop
13103,-4.406,pop
13104,-5.483,pop
13105,-9.433,pop
13106,-12.57,pop
13107,-5.705,pop
13108,-14.893,pop
13109,-5.323,pop
13110,-6.447,pop
13111,-17.902,pop
13112,-6.699,pop
13113,-12.823,pop
13114,-11.247,pop
13115,-11.766,pop
13116,-17.329,pop
13117,-17.183,pop
13124,-4.006,pop
13125,-4.607,pop
13126,-5.235,pop
13127,-5.146,pop
13128,-3.583,pop
13129,-5.47,pop
13130,-6.159,pop
13131,-6.653,pop
13132,-7.291,pop
13191,-5.217,pop
13192,-7.595,pop
13193,-4.832,pop
13194,-6.643,pop
13195,-6.221,pop
13196,-6.875,pop
13197,-11.615,pop
13198,-3.255,pop
13199,-5.862,pop
13200,-3.721,pop
13201,-7.766,pop
13202,-5.915,pop
13203,-4.358,pop
13204,-6.197,pop
13205,-5.538,pop
13206,-5.427,pop
13207,-3.825,pop
13216,-4.146,pop
13217,-7.166,pop
13218,-9.404,pop
13219,-6.757,pop
13220,-5.34,pop
13221,-4.211,pop
13222,-8.538,pop
13223,-7.709,pop
13224,-10.445,pop
13225,-4.829,pop
13226,-5.965,pop
13227,-5.272,pop
13228,-7.583,pop
13229,-5.343,pop
13230,-5.598,pop
13231,-6.425,pop
13232,-8.044,pop
13233,-8.624,pop
13234,-2.657,pop
13235,-4.97,pop
13236,-9.439,pop
13237,-4.138,pop
13238,-6.058,pop
13239,-11.003,pop
13240,-9.828,pop
13241,-6.011,pop
13242,-3.349,pop
13243,-2.25,pop
13244,-5.129,pop
13245,-3.829,pop
13246,-9.035,pop
13247,-4.53,pop
13248,-6.144,pop
13249,-4.732,pop
13250,-7.551,pop
13251,-9.984,pop
13252,-5.141,pop
13253,-8.339,pop
13254,-6.16,pop
13255,-11.147,pop
13256,-3.137,pop
13257,-8.987,pop
13258,-3.043,pop
13259,-4.09,pop
13260,-1.853,pop
13261,-9.339,pop
13262,-6.568,pop
13263,-9.758,pop
13264,-2.074,pop
13265,-2.904,pop
13266,-2.88,pop
13267,-6.484,pop
13268,-8.817,pop
13269,-5.96,pop
13270,-12.218,pop
13271,-8.436,pop
13272,-7.59,pop
13273,-5.797,pop
13274,-1.336,pop
13275,-15.35,pop
13276,-2.962,pop
13277,-15.021,pop
13278,-7.919,pop
13279,-12.858,pop
13280,-7.592,pop
13281,-5.357,pop
13282,-12.036,pop
13283,-3.92,pop
13284,-7.302,pop
13285,-5.285,pop
13286,-6.931,pop
13287,-8.565,pop
13288,-4.911,pop
13289,-6.088,pop
13290,-7.818,pop
13291,-5.137,pop
13292,-11.027,pop
13293,-9.965,pop
13294,-5.373,pop
13295,-12.385,pop
13296,-5.227,pop
13297,-12.514,pop
13298,-4.678,pop
13299,-7.818,pop
13300,-7.972,pop
13301,-15.149,pop
13302,-3.272,pop
13303,-5.927,pop
13304,-12.044,pop
13305,-12.677,pop
13306,-9.361,pop
13307,-5.875,pop
13308,-8.035,pop
13309,-11.994,pop
13310,-10.526,pop
13311,-3.704,pop
13312,-7.447,pop
13313,-12.238,pop
13314,-3.381,pop
13315,-2.771,pop
13316,-12.196,pop
13317,-6.202,pop
13318,-5.076,pop
13319,-3.555,pop
13320,-13.063,pop
13321,-12.124,pop
13322,-8.096,pop
13323,-13.64,pop
13324,-13.904,pop
13325,-7.765,pop
13326,-14.194,pop
13327,-8.006,pop
13328,-4.812,pop
13329,-3.899,pop
13330,-11.548,pop
13331,-5.766,pop
13332,-8.179,pop
13333,-16.326,pop
13334,-1.37,pop
13335,-13.589,pop
13336,-4.935,pop
13337,-6.339,pop
13338,-10.036,pop
13339,-11.402,pop
13340,-8.402,pop
13353,-14.108,pop
13354,-10.365,pop
13783,-5.74,pop
13789,-4.089,pop
13790,-4.022,pop
13791,-5.375,pop
13792,-1.746,pop
13793,-4.577,pop
13794,-2.86,pop
13795,-5.914,pop
13797,-7.76,pop
13798,-2.772,pop
13799,-3.423,pop
13800,-4.478,pop
13801,-4.098,pop
13802,-6.105,pop
13803,-4.86,pop
13804,-3.144,pop
13805,-3.104,pop
13806,-5.049,pop
13807,-8.821,pop
13808,-6.518,pop
13809,-3.021,pop
13810,-2.396,pop
13811,-4.031,pop
13812,-5.608,pop
13813,-7.438,pop
13814,-6.981,pop
13815,-8.571,pop
13816,-2.549,pop
13817,-9.451,pop
13818,-5.116,pop
13819,-5.564,pop
13820,-4.328,pop
13821,-4.488,pop
13822,-4.081,pop
13823,-5.452,pop
13824,-8.374,pop
13825,-9.601,pop
13826,-5.739,pop
13827,-7.875,pop
13828,-3.877,pop
13829,-6.394,pop
13830,-4.188,pop
13831,-5.612,pop
13832,-7.173,pop
13833,-4.525,pop
13834,-5.635,pop
13835,-7.391,pop
13836,-5.538,pop
13837,-6.575,pop
13838,-5.104,pop
13839,-5.356,pop
13840,-2.539,pop
13841,-3.72,pop
13842,-5.438,pop
13843,-5.852,pop
13844,-6.417,pop
13845,-5.758,pop
13846,-3.863,pop
13847,-4.048,pop
13848,-4.576,pop
13849,-3.167,pop
13850,-5.895,pop
13851,-7.604,pop
13852,-7.562,pop
13853,-6.694,pop
14458,-9.779,pop
14459,-4.637,pop
14460,-3.335,pop
14461,-5.799,pop
14462,-9.437,pop
14463,-7.201,pop
14464,-9.007,pop
14465,-12.49,pop
14471,-16.815,pop
14472,-6.559,pop
14473,-9.953,pop
14474,-6.834,pop
14475,-10.324,pop
14476,-9.443,pop
14477,-5.832,pop
14478,-5.174,pop
14479,-6.878,pop
14480,-9.6,pop
14481,-8.273,pop
14482,-3.947,pop
14483,-4.442,pop
14484,-8.624,pop
14485,-3.37,pop
14486,-5.553,pop
14487,-4.561,pop
14488,-9.412,pop
14489,-4.28,pop
14490,-3.176,pop
14491,-6.833,pop
14492,-4.483,pop
14493,-5.192,pop
14494,-5.216,pop
14495,-6.734,pop
14496,-12.17,pop
14497,-10.245,pop
14498,-10.479,pop
14499,-3.311,pop
14500,-7.338,pop
14501,-6.647,pop
14502,-5.137,pop
14503,-5.634,pop
14504,-7.214,pop
14505,-5.091,pop
14506,-6.675,pop
14507,-8.914,pop
14508,-4.766,pop
14509,-6.636,pop
14510,-3.838,pop
14511,-5.911,pop
14512,-5.522,pop
14513,-3.554,pop
14514,-9.68,pop
14515,-11.633,pop
14516,-7.451,pop
14517,-9.96,pop
14518,-7.467,pop
14519,-5.522,pop
14520,-6.828,pop
14521,-6.422,pop
14522,-6.467,pop
14523,-7.912,pop
14524,-6.376,pop
14525,-7.197,pop
14526,-3.605,pop
14527,-4.245,pop
14528,-5.863,pop
14529,-7.585,pop
14530,-7.638,pop
14531,-8.265,pop
14532,-8.655,pop
14533,-6.763,pop
14534,-4.597,pop
14535,-8.072,pop
14536,-4.906,pop
14537,-6.033,pop
14550,-5.799,pop
14742,-7.047,pop
14743,-6.94,pop
14744,-5.877,pop
15197,-5.618,pop
15198,-7.791,pop
15199,-7.101,pop
15200,-9.181,pop
15201,-8.324,pop
15202,-7.41,pop
15203,-12.269,pop
15204,-14.061,pop
15205,-9.978,pop
15206,-9.418,pop
15207,-7.923,pop
15208,-11.028,pop
15209,-5.439,pop
15210,-3.235,pop
15336,-4.995,pop
15337,-3.697,pop
15338,-12.368,pop
15339,-7.62,pop
15340,-5.258,pop
15341,-4.985,pop
15342,-10.837,pop
15343,-6.478,pop
15344,-7.792,pop
15375,-4.301,pop
15385,-6.096,pop
15386,-6.164,pop
15387,-7.445,pop
15388,-5.646,pop
15399,-3.408,pop
15409,-6.257,pop
15410,-3.194,pop
15411,-4.933,pop
15428,-5.095,pop
15429,-5.886,pop
15430,-6.017,pop
15431,-6.044,pop
15432,-5.709,pop
15433,-8.396,pop
15447,-9.8,pop
15493,-5.78,pop
15494,-6.184,pop
15495,-6.141,pop
15496,-3.914,pop
15497,-4.261,pop
15498,-4.931,pop
15499,-4.842,pop
15500,-6.724,pop
15501,-6.762,pop
15502,-2.956,pop
15512,-6.544,pop
15513,-4.676,pop
15514,-7.259,pop
15560,-5.977,pop
15561,-5.246,pop
15562,-4.154,pop
15563,-4.573,pop
15564,-9.25,pop
15570,-2.718,pop
15571,-5.415,pop
15572,-6.111,pop
15573,-6.548,pop
15574,-5.802,pop
15575,-5.762,pop
15576,-3.329,pop
15577,-5.354,pop
15578,-2.2,pop
15579,-6.593,pop
15580,-7.118,pop
15581,-5.121,pop
15582,-6.791,pop
15583,-7.017,pop
15584,-4.33,pop
15585,-4.171,pop
15586,-3.971,pop
15587,-4.977,pop
15600,-4.482,pop
15601,-4.046,pop
15602,-4.139,pop
15603,-6.058,pop
15604,-4.689,pop
15605,-5.158,pop
15606,-3.316,pop
15607,-4.978,pop
15614,-7.37,pop
15615,-6.682,pop
15682,-7.514,pop
15683,-4.304,pop
15684,-6.19,pop
15685,-3.975,pop
15686,-5.065,pop
15687,-6.928,pop
15688,-5.807,pop
15707,-4.342,pop
15708,-3.835,pop
15709,-6.128,pop
15873,-7.395,pop
15874,-7.035,pop
15875,-17.197,pop
15876,-10.923,pop
15877,-8.28,pop
15878,-12.304,pop
15888,-9.731,pop
15889,-6.369,pop
15890,-10.265,pop
15891,-7.812,pop
15892,-13.393,pop
15893,-16.686,pop
15894,-4.84,pop
15900,-12.089,pop
15901,-8.075,pop
15902,-8.372,pop
15903,-11.365,pop
15904,-12.731,pop
15905,-3.949,pop
15906,-7.959,pop
15907,-6.625,pop
15908,-11.551,pop
15909,-18.209,pop
15910,-1.657,pop
15911,-7.82,pop
15912,-3.491,pop
15913,-14.436,pop
15914,-7.013,pop
15915,-4.78,pop
15916,-4.915,pop
15917,-6.273,pop
15918,-9.758,pop
15919,-5.804,pop
15920,-7.484,pop
15921,-7.494,pop
15922,-12.627,pop
15923,-7.396,pop
15924,-13.755,pop
15925,-6.519,pop
15926,-9.401,pop
15927,-9.88,pop
15928,-7.221,pop
15929,-7.557,pop
15930,-7.553,pop
15931,-3.898,pop
15932,-6.029,pop
15933,-6.632,pop
15934,-5.392,pop
15935,-8.845,pop
15936,-7.114,pop
15937,-8.196,pop
15941,-4.499,pop
15942,-6.73,pop
15943,-13.32,pop
15944,-4.13,pop
15945,-7.636,pop
15946,-7.882,pop
15947,-12.501,pop
15948,-8.469,pop
15951,-7.264,pop
15952,-12.797,pop
15953,-13.242,pop
15954,-9.841,pop
15955,-7.625,pop
15956,-3.328,pop
15957,-5.611,pop
15958,-8.425,pop
15959,-9.391,pop
15960,-10.973,pop
15961,-10.194,pop
15962,-9.434,pop
16063,-10.683,pop
16064,-11.139,pop
16065,-12.563,pop
16066,-6.723,pop
16067,-11.224,pop
16068,-13.244,pop
16069,-9.398,pop
16070,-6.409,pop
16071,-7.895,pop
16072,-5.876,pop
16073,-7.46,pop
16074,-10.218,pop
16075,-10.422,pop
16076,-13.413,pop
16077,-8.12,pop
16149,-8.127,pop
16150,-7.32,pop
16151,-8.643,pop
16152,-7.348,pop
16153,-11.466,pop
16154,-6.952,pop
16155,-10.653,pop
16156,-11.841,pop
16157,-10.304,pop
16158,-9.065,pop
16159,-8.073,pop
16160,-9.303,pop
16161,-11.343,pop
16162,-16.007,pop
16163,-8.863,pop
16164,-10.634,pop
16165,-13.01,pop
16166,-6.712,pop
16167,-5.445,pop
16168,-5.46,pop
16169,-17.751,pop
16170,-8.27,pop
16171,-13.698,pop
16172,-19.975,pop
16173,-8.096,pop
16174,-5.68,pop
16175,-4.906,pop
16176,-7.373,pop
16177,-6.966,pop
16178,-11.077,pop
16179,-9.39,pop
16180,-4.906,pop
16181,-7.511,pop
16182,-4.6,pop
16183,-10.528,pop
16184,-10.45,pop
16185,-7.646,pop
16186,-11.068,pop
16187,-12.366,pop
16188,-4.38,pop
16189,-8.14,pop
16190,-8.152,pop
16191,-7.779,pop
16192,-8.85,pop
16193,-8.435,pop
16194,-6.473,pop
16195,-9.599,pop
16196,-7.687,pop
16197,-10.117,pop
16198,-11.236,pop
16199,-6.219,pop
16200,-4.867,pop
16201,-5.585,pop
16204,-12.835,pop
16205,-11.598,pop
16206,-7.257,pop
16207,-9.352,pop
16208,-5.892,pop
16209,-11.544,pop
16216,-10.054,pop
16217,-5.995,pop
16218,-7.803,pop
16219,-8.562,pop
16220,-5.866,pop
16221,-5.56,pop
16222,-8.096,pop
16223,-14.084,pop
16224,-8.829,pop
16225,-11.257,pop
16226,-9.911,pop
16227,-14.332,pop
16228,-8.763,pop
16229,-13.86,pop
16230,-11.56,pop
16233,-10.707,pop
16234,-7.31,pop
16235,-5.879,pop
16236,-13.043,pop
16237,-14.218,pop
16238,-13.038,pop
16239,-11.548,pop
16240,-3.45,pop
16241,-11.607,pop
16242,-4.031,pop
16243,-13.592,pop
16244,-5.091,pop
16245,-11.762,pop
16246,-7.852,pop
16247,-11.597,pop
16248,-9.754,pop
16249,-11.429,pop
16250,-8.029,pop
16251,-7.182,pop
16252,-10.711,pop
16253,-9.654,pop
16254,-7.375,pop
16255,-11.788,pop
16256,-10.179,pop
16257,-5.872,pop
16258,-6.238,pop
16259,-6.297,pop
16260,-14.505,pop
16261,-10.485,pop
16262,-8.922,pop
16263,-7.723,pop
16264,-8.497,pop
16265,-8.215,pop
16266,-8.041,pop
16267,-6.955,pop
16268,-5.829,pop
16269,-8.452,pop
16270,-8.826,pop
16271,-8.544,pop
16272,-9.537,pop
16273,-10.962,pop
16274,-10.071,pop
16275,-9.825,pop
16276,-9.401,pop
16277,-12.733,pop
16278,-8.18,pop
16279,-8.678,pop
16280,-5.174,pop
16281,-7.989,pop
16282,-8.786,pop
16283,-9.46,pop
16305,-5.649,pop
16306,-8.988,pop
16307,-5.576,pop
16313,-8.91,pop
16314,-11.813,pop
16315,-13.697,pop
16316,-7.673,pop
16317,-5.149,pop
16318,-5.458,pop
16319,-6.214,pop
16320,-5.697,pop
16321,-7.843,pop
16322,-8.286,pop
16323,-6.099,pop
16324,-12.442,pop
16325,-6.46,pop
16326,-6.295,pop
16327,-11.795,pop
16328,-4.922,pop
16361,-7.802,pop
16362,-9.741,pop
16363,-11.661,pop
16364,-9.679,pop
16365,-12.088,pop
16366,-7.92,pop
16367,-14.548,pop
16368,-9.812,pop
16510,-3.556,pop
16511,-4.038,pop
16512,-5.744,pop
16513,-6.021,pop
16514,-3.105,pop
16515,-4.72,pop
16516,-4.725,pop
16519,-5.913,pop
16520,-5.608,pop
16521,-7.946,pop
16522,-6.647,pop
16523,-5.459,pop
16524,-5.222,pop
16525,-4.962,pop
16600,-4.473,pop
16601,-4.798,pop
16602,-3.896,pop
16623,-5.414,pop
16624,-2.873,pop
16625,-4.092,pop
16626,-4.961,pop
16627,-6.122,pop
16628,-4.943,pop
16629,-5.851,pop
16630,-4.902,pop
16631,-4.829,pop
16632,-4.103,pop
16633,-5.346,pop
16634,-3.769,pop
16635,-4.953,pop
16636,-3.713,pop
16637,-4.123,pop
16638,-2.842,pop
16648,-4.238,pop
16649,-5.861,pop
16650,-2.876,pop
16651,-7.245,pop
16652,-1.586,pop
16653,-4.547,pop
16654,-4.749,pop
16655,-4.328,pop
16656,-5.094,pop
16743,-3.782,pop
16744,-5.488,pop
16745,-4.753,pop
16749,-5.404,pop
16750,-4.001,pop
16751,-4.414,pop
16752,-5.365,pop
16753,-8.374,pop
16764,-2.824,pop
16765,-4.77,pop
16766,-6.142,pop
16767,-2.961,pop
16768,-3.793,pop
16769,-6.596,pop
16770,-4.035,pop
16771,-5.697,pop
16794,-6.478,pop
16795,-5.194,pop
16796,-6.333,pop
16876,-3.862,pop
16877,-3.602,pop
16878,-5.827,pop
16879,-5.208,pop
17095,-13.416,pop
17560,-5.665,pop
17567,-8.458,pop
17568,-16.449,pop
17569,-12.988,pop
17571,-7.454,pop
17572,-9.578,pop
17573,-8.454,pop
17574,-9.558,pop
17575,-8.063,pop
17576,-9.947,pop
17577,-13.768,pop
17579,-5.491,pop
17580,-6.57,pop
17581,-3.485,pop
17582,-11.565,pop
17583,-6.86,pop
17584,-10.155,pop
17585,-7.289,pop
17586,-8.183,pop
17587,-5.859,pop
17593,-8.465,pop
17596,-6.091,pop
17597,-6.762,pop
17598,-7.446,pop
17599,-1.961,pop
17600,-9.247,pop
17601,-6.759,pop
17603,-5.008,pop
17604,-6.462,pop
17605,-14.569,pop
17606,-6.554,pop
17607,-7.76,pop
17608,-9.361,pop
17609,-5.259,pop
17610,-5.523,pop
17611,-9.347,pop
17612,-8.093,pop
17613,-7.793,pop
17614,-7.757,pop
17615,-2.745,pop
17616,-6.977,pop
17617,-6.55,pop
17618,-7.792,pop
17619,-5.036,pop
17620,-8.384,pop
17621,-6.185,pop
17622,-6.449,pop
17623,-6.934,pop
17624,-5.307,pop
17678,-7.745,pop
17716,-3.334,pop
17718,-7.266,pop
17719,-7.498,pop
17720,-8.695,pop
17721,-8.936,pop
17722,-16.921,pop
17723,-6.66,pop
17725,-10.296,pop
17726,-5.146,pop
17727,-14.767,pop
17728,-7.84,pop
17729,-7.74,pop
17730,-4.843,pop
17769,-8.241,pop
17770,-6.017,pop
17771,-11.242,pop
17772,-6.215,pop
17773,-12.134,pop
17774,-5.944,pop
17775,-8.314,pop
17776,-7.656,pop
17777,-8.049,pop
17778,-11.6,pop
17779,-6.759,pop
17780,-11.5,pop
17781,-9.546,pop
17782,-8.278,pop
17783,-6.497,pop
17784,-3.394,pop
17785,-9.001,pop
17786,-8.511,pop
17787,-6.718,pop
17796,-5.879,pop
17797,-8.913,pop
17798,-7.64,pop
17799,-15.844,pop
17800,-16.395,pop
17801,-5.857,pop
17802,-9.111,pop
17803,-6.434,pop
17804,-6.049,pop
17805,-6.795,pop
17806,-8.495,pop
17807,-8.89,pop
17808,-12.371,pop
17809,-8.487,pop
17810,-10.061,pop
17811,-10.02,pop
17812,-2.914,pop
17813,-9.42,pop
17814,-5.386,pop
17815,-9.998,pop
17816,-11.939,pop
17817,-10.568,pop
17818,-9.621,pop
17819,-8.788,pop
17820,-7.328,pop
17821,-14.625,pop
17822,-8.75,pop
17823,-7.271,pop
17824,-6.987,pop
17825,-10.903,pop
17826,-4.886,pop
17827,-11.862,pop
17829,-8.463,pop
17830,-9.027,pop
17831,-4.868,pop
17832,-10.511,pop
17833,-4.739,pop
17834,-12.601,pop
19077,-2.726,pop
19078,-7.373,pop
19079,-3.797,pop
19080,-4.927,pop
19081,-4.392,pop
19082,-4.374,pop
19083,-6.742,pop
19084,-3.149,pop
19085,-3.474,pop
19086,-6.833,pop
19087,-3.949,pop
19088,-2.892,pop
19089,-4.654,pop
19090,-3.007,pop
19091,-4.666,pop
19092,-5.413,pop
19093,-4.091,pop
19094,-3.288,pop
19095,-5.304,pop
19096,-3.266,pop
19097,-4.048,pop
19098,-4.559,pop
19099,-3.678,pop
19100,-4.45,pop
19101,-4.289,pop
19102,-4.531,pop
19103,-5.356,pop
19104,-2.528,pop
19105,-2.499,pop
19113,-4.132,pop
19114,-4.352,pop
19115,-5.999,pop
19116,-5.738,pop
19117,-8.565,pop
19118,-4.032,pop
19119,-3.226,pop
19120,-4.765,pop
19121,-8.655,pop
19122,-3.737,pop
19123,-3.131,pop
19124,-2.689,pop
19125,-7.018,pop
19126,-6.925,pop
19127,-6.142,pop
19129,-3.019,pop
19130,-4.073,pop
19131,-4.012,pop
19132,-3.635,pop
19133,-3.815,pop
19134,-4.711,pop
19135,-3.722,pop
19136,-2.231,pop
19154,-4.173,pop
19155,-3.389,pop
19156,-5.03,pop
19157,-3.885,pop
19159,-4.101,pop
19189,-5.16,pop
19198,-2.961,pop
19202,-4.742,pop
19203,-4.859,pop
19204,-4.298,pop
19205,-3.77,pop
19206,-2.992,pop
19208,-4.474,pop
19209,-3.113,pop
19210,-3.908,pop
19211,-4.77,pop
19212,-2.853,pop
19213,-6.722,pop
19214,-7.819,pop
19215,-4.558,pop
19221,-1.742,pop
19222,-3.109,pop
19223,-4.711,pop
19224,-2.182,pop
19233,-3.532,pop
19234,-6.529,pop
19235,-5.735,pop
19236,-4.797,pop
19237,-5.229,pop
19238,-5.427,pop
19239,-5.052,pop
19240,-4.88,pop
19241,-5.52,pop
19242,-3.712,pop
19243,-12.934,pop
19244,-6.46,pop
19245,-4.134,pop
19249,-2.507,pop
19250,-6.329,pop
19251,-7.597,pop
19252,-3.237,pop
19253,-3.349,pop
19254,-3.396,pop
19255,-4.06,pop
19256,-4.914,pop
19257,-2.903,pop
19258,-3.269,pop
19259,-5.169,pop
19260,-4.715,pop
19261,-4.294,pop
19262,-5.691,pop
19319,-7.909,pop
19326,-5.859,pop
19328,-6.138,pop
19329,-5.812,pop
19330,-4.198,pop
19331,-4.993,pop
19332,-5.896,pop
19333,-3.739,pop
19334,-4.095,pop
19344,-4.101,pop
19346,-7.058,pop
19347,-6.897,pop
19348,-6.66,pop
19349,-7.082,pop
19353,-4.93,pop
19354,-5.89,pop
19355,-7.75,pop
19356,-6.291,pop
19359,-3.469,pop
19366,-4.328,pop
19367,-5.131,pop
19368,-7.773,pop
19369,-5.735,pop
19370,-2.293,pop
19371,-7.388,pop
19377,-5.921,pop
19379,-4.828,pop
19380,-6.54,pop
19381,-8.001,pop
19416,-3.424,pop
19417,-4.946,pop
19418,-7.513,pop
19419,-7.399,pop
19420,-12.159,pop
19421,-4.117,pop
19422,-4.311,pop
19423,-6.431,pop
19424,-5.029,pop
19425,-7.363,pop
19426,-3.149,pop
19427,-6.246,pop
19428,-6.245,pop
19429,-7.648,pop
19430,-2.749,pop
19431,-3.093,pop
19445,-5.804,pop
19446,-5.715,pop
19447,-6.993,pop
19448,-5.982,pop
19517,-7.303,pop
19522,-6.032,pop
19523,-11.522,pop
19524,-9.684,pop
19525,-7.769,pop
19527,-6.844,pop
19528,-7.108,pop
19529,-7.817,pop
19530,-10.9,pop
19531,-7.907,pop
19564,-7.929,pop
19569,-4.355,pop
19570,-11.471,pop
19571,-5.414,pop
19573,-8.18,pop
19574,-6.95,pop
19577,-7.825,pop
19578,-6.366,pop
19579,-3.936,pop
19580,-6.72,pop
19612,-6.145,pop
19613,-5.846,pop
19787,-5.782,pop
19788,-4.124,pop
19789,-4.644,pop
19790,-8.659,pop
19791,-7.385,pop
19792,-4.773,pop
19793,-6.972,pop
19794,-5.795,pop
19795,-7.83,pop
19796,-3.001,pop
19797,-3.818,pop
19798,-6.821,pop
19799,-10.137,pop
19800,-7.468,pop
19801,-7.268,pop
19802,-4.505,pop
19803,-3.847,pop
19804,-5.859,pop
19805,-7.742,pop
19806,-6.184,pop
19807,-5.669,pop
19808,-7.11,pop
19809,-3.924,pop
19810,-4.375,pop
19811,-6.893,pop
19812,-4.33,pop
19813,-7.705,pop
19814,-5.141,pop
19815,-3.57,pop
19816,-13.968,pop
19817,-4.803,pop
19818,-6.251,pop
19819,-6.642,pop
19820,-11.367,pop
19821,-3.831,pop
19822,-7.693,pop
19823,-4.449,pop
19824,-7.946,pop
19825,-10.801,pop
19826,-9.123,pop
19827,-14.916,pop
19828,-4.512,pop
19829,-8.149,pop
19847,-4.912,pop
19857,-4.599,pop
19865,-3.292,pop
19866,-5.121,pop
19867,-4.351,pop
19868,-7.041,pop
19869,-3.857,pop
19870,-6.207,pop
19871,-2.814,pop
19872,-2.986,pop
19873,-5.051,pop
19874,-6.606,pop
19875,-5.79,pop
19876,-2.993,pop
19877,-4.681,pop
19878,-11.141,pop
19879,-4.823,pop
19880,-6.414,pop
19882,-6.758,pop
19920,-4.946,pop
19922,-4.861,pop
19923,-6.108,pop
19924,-8.479,pop
19925,-6.567,pop
19926,-9.134,pop
19928,-3.262,pop
19929,-7.186,pop
19930,-3.612,pop
19931,-8.994,pop
19932,-7.611,pop
19933,-8.346,pop
19934,-7.213,pop
19935,-7.585,pop
19936,-10.869,pop
19940,-11.246,pop
19941,-9.925,pop
19942,-5.979,pop
19943,-6.969,pop
19944,-4.004,pop
19946,-8.282,pop
19947,-6.515,pop
19948,-11.855,pop
19949,-7.346,pop
19950,-8.883,pop
19951,-9.969,pop
19952,-6.446,pop
19972,-8.9,pop
19973,-7.839,pop
19976,-9.07,pop
19977,-6.836,pop
19978,-3.22,pop
19979,-5.565,pop
19980,-8.655,pop
19982,-3.527,pop
19983,-9.69,pop
19984,-11.93,pop
19985,-7.392,pop
19986,-2.784,pop
19987,-4.875,pop
19988,-10.131,pop
19989,-7.788,pop
20151,-5.866,pop
20152,-8.589,pop
20153,-5.905,pop
20154,-8.326,pop
20155,-4.046,pop
20163,-21.492,pop
20173,-9.238,pop
20181,-7.753,pop
20182,-6.597,pop
20183,-6.978,pop
20184,-7.588,pop
20185,-8.687,pop
20186,-3.958,pop
20187,-8.531,pop
20188,-5.027,pop
20189,-7.794,pop
20190,-17.995,pop
20191,-11.918,pop
20192,-10.243,pop
20193,-8.815,pop
20194,-6.441,pop
20198,-18.127,pop
20199,-4.457,pop
20200,-4.33,pop
20201,-10.678,pop
20202,-8.761,pop
20203,-9.187,pop
20204,-9.077,pop
20212,-9.474,pop
20213,-6.809,pop
20364,-9.03,pop
20365,-6.064,pop
20366,-9.353,pop
20367,-9.965,pop
20368,-6.503,pop
20370,-6.353,pop
20371,-8.034,pop
20372,-10.025,pop
20374,-9.094,pop
20375,-7.283,pop
20698,-4.586,pop
20699,-4.653,pop
20700,-4.722,pop
20749,-8.994,pop
20750,-4.005,pop
20751,-4.811,pop
20758,-9.964,pop
20759,-5.702,pop
20760,-6.476,pop
20761,-4.89,pop
20762,-2.673,pop
20763,-6.703,pop
20764,-4.029,pop
20765,-6.331,pop
20775,-5.448,pop
20778,-7.211,pop
20779,-7.792,pop
20780,-5.098,pop
20781,-9.077,pop
20782,-9.028,pop
20784,-8.282,pop
20785,-6.381,pop
20786,-3.548,pop
20790,-5.712,pop
20796,-7.844,pop
20797,-5.439,pop
20798,-4.777,pop
20799,-4.65,pop
20800,-9.185,pop
20801,-6.609,pop
20802,-4.485,pop
20803,-6.448,pop
20804,-7.136,pop
20805,-11.077,pop
20807,-4.673,pop
20808,-4.237,pop
20809,-4.689,pop
20810,-4.876,pop
20811,-4.671,pop
20812,-4.724,pop
20813,-4.688,pop
20955,-5.15,pop
20956,-5.045,pop
20957,-7.321,pop
20958,-9.994,pop
20959,-6.429,pop
20960,-4.107,pop
20961,-6.112,pop
21517,-3.87,pop
21518,-3.933,pop
21519,-3.374,pop
21520,-5.445,pop
21521,-11.684,pop
21522,-4.159,pop
21523,-4.859,pop
21524,-6.872,pop
21525,-6.479,pop
21526,-5.245,pop
21527,-4.578,pop
21528,-1.818,pop
21529,-5.737,pop
21530,-4.855,pop
21531,-3.613,pop
21532,-4.474,pop
21533,-4.285,pop
21534,-4.275,pop
21535,-4.167,pop
21536,-5.299,pop
21537,-4.546,pop
21538,-7.786,pop
21539,-5.337,pop
21540,-5.991,pop
21541,-5.828,pop
21542,-6.769,pop
21543,-3.24,pop
21544,-4.124,pop
21545,-6.596,pop
21546,-6.628,pop
21547,-5.371,pop
21548,-5.154,pop
21549,-3.109,pop
21550,-5.456,pop
21551,-4.346,pop
21552,-3.669,pop
21553,-2.787,pop
21554,-5.697,pop
21555,-5.335,pop
21556,-3.674,pop
21557,-5.053,pop
21558,-6.36,pop
21559,-5.72,pop
21560,-4.081,pop
21561,-8.446,pop
21562,-6.766,pop
21563,-4.573,pop
21564,-5.117,pop
21565,-5.044,pop
21566,-4.917,pop
21567,-7.074,pop
21568,-5.754,pop
21569,-4.832,pop
21570,-5.99,pop
21571,-3.145,pop
21572,-4.67,pop
21573,-3.386,pop
21574,-7.151,pop
21575,-4.104,pop
21576,-7.125,pop
21577,-3.712,pop
21578,-4.229,pop
21579,-3.278,pop
21580,-4.321,pop
21581,-5.84,pop
21582,-6.645,pop
21583,-7.181,pop
21584,-5.78,pop
21585,-4.54,pop
21586,-4.373,pop
21587,-5.217,pop
21588,-4.88,pop
21589,-6.81,pop
21590,-7.145,pop
21591,-5.812,pop
21592,-3.782,pop
21593,-4.53,pop
21594,-4.388,pop
21595,-3.584,pop
21596,-4.437,pop
21597,-8.14,pop
21598,-4.792,pop
21599,-4.629,pop
21600,-3.249,pop
21601,-5.003,pop
21602,-6.474,pop
21603,-5.994,pop
21604,-3.284,pop
21605,-4.661,pop
21606,-6.385,pop
21607,-4.761,pop
21608,-3.721,pop
21609,-7.891,pop
21610,-6.547,pop
21611,-4.389,pop
21612,-5.265,pop
21613,-4.872,pop
21614,-6.519,pop
21615,-4.481,pop
21616,-5.377,pop
21617,-4.75,pop
21618,-3.884,pop
21619,-6.181,pop
21620,-3.004,pop
21621,-3.061,pop
21622,-4.449,pop
21623,-6.476,pop
21624,-3.962,pop
21625,-5.453,pop
21626,-9.952,pop
21748,-3.169,pop
21749,-5.406,pop
21750,-3.836,pop
21751,-6.354,pop
21752,-3.7,pop
21753,-4.804,pop
21754,-4.984,pop
21755,-3.856,pop
21756,-4.62,pop
21757,-5.745,pop
21758,-2.255,pop
21759,-5.531,pop
21760,-4.987,pop
21761,-2.433,pop
21762,-5.444,pop
21763,-4.486,pop
21764,-3.862,pop
21765,-4.729,pop
21766,-3.08,pop
21767,-6.681,pop
21768,-4.582,pop
21769,-6.637,pop
21770,-4.1,pop
21771,-5.948,pop
21772,-3.602,pop
21773,-3.82,pop
21774,-5.444,pop
21775,-4.348,pop
21776,-4.986,pop
21777,-6.144,pop
21778,-3.978,pop
21779,-4.932,pop
21780,-7.273,pop
21781,-4.151,pop
21782,-2.381,pop
21783,-5.185,pop
21784,-5.952,pop
21785,-5.892,pop
21786,-5.485,pop
21787,-5.389,pop
21788,-6.049,pop
21789,-7.407,pop
21790,-3.536,pop
21791,-2.772,pop
21792,-4.718,pop
21793,-5.28,pop
21794,-4.623,pop
21795,-3.282,pop
21796,-4.467,pop
21797,-6.385,pop
21798,-4.193,pop
21799,-5.652,pop
21800,-2.954,pop
21801,-4.478,pop
21802,-4.835,pop
21803,-6.977,pop
21804,-4.964,pop
21805,-7.87,pop
21806,-4.689,pop
21807,-5.069,pop
21808,-5.507,pop
21809,-6.162,pop
21810,-4.789,pop
21811,-7.384,pop
21812,-3.752,pop
21813,-6.248,pop
21814,-5.312,pop
21815,-5.892,pop
21816,-3.969,pop
21817,-5.85,pop
21818,-5.061,pop
21819,-3.316,pop
21820,-2.266,pop
21821,-4.874,pop
21822,-4.63,pop
21823,-3.173,pop
21824,-3.183,pop
21825,-4.972,pop
21826,-3.435,pop
21827,-5.177,pop
21828,-4.612,pop
21829,-4.484,pop
21830,-2.931,pop
21831,-6.031,pop
21832,-3.869,pop
21833,-4.436,pop
21834,-3.641,pop
21835,-4.688,pop
21836,-5.26,pop
21837,-5.946,pop
21838,-4.662,pop
21839,-5.475,pop
21840,-7.201,pop
21841,-5.911,pop
21842,-6.864,pop
21843,-5.803,pop
21844,-8.398,pop
21845,-4.884,pop
21846,-2.441,pop
21847,-4.457,pop
21848,-4.343,pop
21849,-5.441,pop
21850,-5.579,pop
21851,-4.89,pop
21852,-6.009,pop
21853,-5.018,pop
21854,-7.457,pop
21855,-5.784,pop
21856,-3.753,pop
21857,-6.735,pop
21858,-3.689,pop
21859,-4.041,pop
21860,-3.944,pop
21861,-6.985,pop
21862,-9.247,pop
21863,-3.891,pop
21864,-4.968,pop
21865,-4.787,pop
21866,-5.746,pop
21867,-6.524,pop
21868,-4.887,pop
21869,-2.221,pop
21870,-5.093,pop
21871,-6.471,pop
21872,-4.821,pop
21873,-5.84,pop
21874,-5.934,pop
21875,-3.731,pop
21876,-5.354,pop
21877,-3.956,pop
21878,-4.802,pop
21879,-9.049,pop
21880,-4.432,pop
21881,-6.633,pop
21882,-6.561,pop
21883,-3.382,pop
21884,-4.206,pop
21885,-6.849,pop
21886,-4.056,pop
21887,-4.168,pop
21888,-5.294,pop
21889,-4.292,pop
21890,-7.506,pop
21891,-2.963,pop
21892,-3.173,pop
21893,-3.724,pop
21894,-3.851,pop
21895,-5.709,pop
21896,-5.569,pop
21897,-8.322,pop
21898,-3.293,pop
21899,-4.44,pop
21900,-6.075,pop
21901,-6.8,pop
21902,-2.494,pop
21903,-6.798,pop
21904,-3.755,pop
22514,-6.445,pop
22515,-6.473,pop
22516,-7.315,pop
22517,-20.7,pop
22518,-7.45,pop
22519,-4.932,pop
22520,-9.676,pop
22521,-6.663,pop
22522,-8.531,pop
22523,-8.918,pop
22524,-7.103,pop
22525,-8.741,pop
22526,-6.55,pop
22527,-7.555,pop
22528,-9.081,pop
22529,-8.645,pop
22530,-7.232,pop
22531,-7.393,pop
22532,-7.247,pop
22533,-7.061,pop
22534,-6.305,pop
22536,-5.61,pop
22581,-9.802,pop
22582,-8.033,pop
22583,-10.668,pop
22584,-10.136,pop
22585,-2.352,pop
22586,-11.169,pop
22587,-5.493,pop
22588,-6.367,pop
22589,-7.188,pop
22590,-9.504,pop
22591,-6.572,pop
22592,-10.098,pop
22593,-7.797,pop
22594,-9.735,pop
23143,-5.231,pop
23144,-3.933,pop
23145,-6.572,pop
23146,-9.072,pop
23147,-8.578,pop
23148,-6.043,pop
23149,-6.948,pop
23150,-6.433,pop
23151,-5.848,pop
23152,-7.963,pop
23153,-4.252,pop
23154,-6.336,pop
23155,-7.084,pop
23156,-7.374,pop
23157,-6.932,pop
23158,-7.832,pop
23159,-6.277,pop
23160,-5.113,pop
23161,-4.968,pop
23162,-9.703,pop
23163,-6.732,pop
23164,-5.867,pop
23165,-6.37,pop
23166,-7.2,pop
23167,-5.83,pop
23168,-4.875,pop
23169,-6.733,pop
23170,-3.299,pop
23171,-5.026,pop
23172,-4.867,pop
23173,-4.247,pop
23174,-6.643,pop
23175,-7.008,pop
23176,-6.846,pop
23177,-2.977,pop
23178,-3.554,pop
23179,-8.377,pop
23180,-4.434,pop
23181,-7.695,pop
23182,-4.985,pop
23183,-6.928,pop
23184,-4.829,pop
23185,-6.665,pop
23186,-4.893,pop
23187,-4.618,pop
23188,-6.812,pop
23189,-5.141,pop
23190,-5.855,pop
23191,-3.595,pop
23192,-6.109,pop
23193,-7.598,pop
23194,-7.481,pop
23195,-6.043,pop
23196,-4.137,pop
23197,-4.304,pop
23198,-4.155,pop
23199,-5.417,pop
23200,-6.071,pop
23201,-6.26,pop
23202,-4.989,pop
23203,-1.826,pop
23204,-6.338,pop
23205,-5.483,pop
23206,-5.336,pop
23207,-2.634,pop
23208,-7.804,pop
23209,-4.417,pop
23210,-3.48,pop
23211,-5.419,pop
23212,-5.845,pop
23213,-5.324,pop
23214,-5.839,pop
23215,-3.225,pop
23216,-4.014,pop
23217,-6.09,pop
23218,-6.611,pop
23219,-7.291,pop
23220,-4.28,pop
23221,-5.252,pop
23222,-6.725,pop
23223,-3.299,pop
23224,-5.504,pop
23225,-6.192,pop
23226,-4.911,pop
23227,-4.978,pop
23228,-9.841,pop
23229,-7.114,pop
23230,-5.412,pop
23231,-5.005,pop
23232,-4.155,pop
23233,-6.748,pop
23234,-5.613,pop
23235,-5.108,pop
23236,-6.572,pop
23237,-9.559,pop
23238,-4.622,pop
23239,-5.926,pop
23240,-5.072,pop
23241,-10.75,pop
23242,-6.451,pop
23243,-3.721,pop
23244,-7.222,pop
23245,-5.726,pop
23246,-2.458,pop
23247,-7.036,pop
23248,-2.394,pop
23249,-4.672,pop
23250,-5.382,pop
23251,-6.912,pop
23252,-5.626,pop
23253,-5.043,pop
23254,-6.746,pop
23255,-2.078,pop
23256,-8.497,pop
23257,-6.912,pop
23258,-8.228,pop
23259,-9.521,pop
23260,-5.728,pop
23261,-4.287,pop
23262,-4.119,pop
23263,-8.383,pop
23264,-5.847,pop
23265,-4.389,pop
23266,-2.483,pop
23267,-4.063,pop
23268,-5.294,pop
23269,-6.776,pop
23270,-7.298,pop
23271,-5.839,pop
23272,-6.971,pop
23273,-4.881,pop
23274,-9.529,pop
23275,-9.477,pop
23276,-4.729,pop
23277,-6.284,pop
23278,-3.489,pop
23279,-3.044,pop
23280,-4.308,pop
23281,-6.593,pop
23282,-5.675,pop
23283,-2.81,pop
23284,-5.765,pop
23285,-8.634,pop
23286,-6.104,pop
23287,-7.75,pop
23288,-8.338,pop
23289,-8.84,pop
23290,-6.708,pop
23291,-2.333,pop
23292,-5.237,pop
23293,-8.821,pop
23294,-3.267,pop
23295,-6.063,pop
23296,-3.073,pop
23297,-6.567,pop
23298,-5.986,pop
23299,-6.847,pop
23300,-4.889,pop
23301,-3.643,pop
23302,-4.332,pop
23303,-6.038,pop
23304,-8.263,pop
23305,-4.768,pop
23306,-4.595,pop
23307,-4.976,pop
23308,-3.714,pop
23309,-5.883,pop
23310,-5.26,pop
23311,-6.591,pop
23312,-5.158,pop
23313,-3.727,pop
23314,-3.757,pop
23315,-7.283,pop
23316,-7.63,pop
23317,-4.756,pop
23318,-4.984,pop
23319,-4.773,pop
23320,-4.307,pop
23321,-4.387,pop
23322,-8.543,pop
23323,-7.228,pop
23324,-5.167,pop
23325,-8.052,pop
23326,-4.288,pop
23327,-6.525,pop
23328,-5.29,pop
23329,-3.871,pop
23330,-5.849,pop
23331,-4.015,pop
23332,-7.627,pop
23333,-8.351,pop
23334,-5.655,pop
23335,-4.532,pop
23336,-6.941,pop
23337,-4.625,pop
23338,-4.311,pop
23339,-5.526,pop
23340,-5.0,pop
23341,-6.9,pop
23342,-6.161,pop
23343,-5.043,pop
23344,-5.406,pop
23345,-5.832,pop
23346,-4.223,pop
23347,-3.298,pop
23348,-6.425,pop
23349,-5.615,pop
23350,-6.244,pop
23351,-5.338,pop
23352,-4.574,pop
23353,-2.827,pop
23354,-4.832,pop
23355,-5.236,pop
23356,-4.92,pop
23357,-6.328,pop
23358,-6.362,pop
23359,-5.835,pop
23360,-4.567,pop
23361,-9.127,pop
23362,-7.412,pop
23363,-5.052,pop
23364,-5.553,pop
23365,-5.368,pop
23366,-4.68,pop
23367,-7.972,pop
23368,-5.655,pop
23369,-4.668,pop
23370,-3.83,pop
23371,-6.29,pop
23372,-7.111,pop
23373,-7.415,pop
23374,-4.861,pop
23375,-5.123,pop
23376,-5.211,pop
23377,-9.359,pop
23378,-9.541,pop
23379,-4.558,pop
23380,-6.765,pop
23381,-6.852,pop
23382,-5.485,pop
23383,-4.253,pop
23384,-6.411,pop
23385,-5.555,pop
23386,-5.885,pop
23387,-8.302,pop
23388,-3.992,pop
23389,-3.863,pop
23390,-4.288,pop
23391,-7.052,pop
23392,-4.058,pop
23393,-6.53,pop
23394,-5.437,pop
23395,-6.643,pop
23396,-3.699,pop
23397,-3.553,pop
23398,-5.799,pop
23399,-5.824,pop
23400,-8.919,pop
23401,-5.145,pop
23402,-4.72,pop
23403,-3.683,pop
23404,-6.146,pop
23405,-6.676,pop
23406,-7.192,pop
23407,-7.27,pop
23408,-4.6,pop
23409,-4.745,pop
23410,-9.469,pop
23411,-4.864,pop
23412,-5.162,pop
23413,-4.934,pop
23414,-6.634,pop
23415,-8.1,pop
23416,-8.186,pop
23417,-6.127,pop
23418,-7.796,pop
23419,-6.361,pop
23420,-3.869,pop
23421,-5.032,pop
23422,-4.699,pop
23423,-4.62,pop
23424,-3.632,pop
23425,-3.761,pop
23426,-7.47,pop
23427,-4.53,pop
23428,-4.039,pop
23429,-5.359,pop
23430,-5.799,pop
23431,-3.754,pop
23432,-5.084,pop
23433,-5.076,pop
23434,-6.102,pop
23435,-4.308,pop
23436,-2.175,pop
23437,-5.513,pop
23438,-5.751,pop
23439,-5.81,pop
23440,-4.691,pop
23441,-5.704,pop
23442,-4.845,pop
23443,-3.346,pop
23444,-5.338,pop
23445,-4.573,pop
23446,-7.305,pop
23447,-5.229,pop
23448,-3.248,pop
3,-3.439,r&b
7,-7.444,r&b
8,-7.88,r&b
20,-7.278,r&b
49,-6.021,r&b
50,-6.759,r&b
51,-3.633,r&b
52,-4.104,r&b
53,-5.253,r&b
54,-4.627,r&b
55,-3.646,r&b
56,-8.626,r&b
57,-12.408,r&b
58,-5.833,r&b
70,-5.82,r&b
71,-6.443,r&b
72,-11.978,r&b
73,-8.408,r&b
74,-5.439,r&b
75,-3.963,r&b
85,-7.303,r&b
86,-7.887,r&b
87,-6.556,r&b
88,-7.212,r&b
89,-5.919,r&b
90,-6.59,r&b
91,-5.436,r&b
92,-3.838,r&b
93,-4.411,r&b
94,-4.889,r&b
95,-5.457,r&b
96,-8.493,r&b
97,-12.391,r&b
98,-5.21,r&b
99,-10.473,r&b
100,-5.217,r&b
101,-8.004,r&b
182,-5.091,r&b
184,-16.646,r&b
185,-14.908,r&b
186,-12.378,r&b
187,-13.366,r&b
188,-6.129,r&b
189,-6.505,r&b
190,-8.787,r&b
191,-8.598,r&b
192,-6.429,r&b
331,-13.237,r&b
333,-7.909,r&b
334,-8.502,r&b
335,-17.765,r&b
336,-8.77,r&b
337,-6.417,r&b
338,-18.813,r&b
339,-4.92,r&b
340,-8.657,r&b
517,-7.205,r&b
518,-11.446,r&b
521,-9.003,r&b
533,-7.189,r&b
534,-14.722,r&b
535,-8.285,r&b
536,-8.077,r&b
537,-10.572,r&b
541,-10.288,r&b
559,-9.32,r&b
580,-7.816,r&b
582,-15.032,r&b
583,-8.097,r&b
584,-16.824,r&b
585,-7.448,r&b
586,-8.758,r&b
587,-10.797,r&b
589,-4.553,r&b
590,-13.299,r&b
591,-12.406,r&b
618,-4.533,r&b
620,-10.133,r&b
622,-7.829,r&b
623,-12.062,r&b
624,-9.691,r&b
625,-12.782,r&b
626,-9.302,r&b
627,-10.634,r&b
628,-9.485,r&b
629,-8.294,r&b
630,-8.26,r&b
631,-6.649,r&b
632,-6.434,r&b
633,-15.562,r&b
634,-11.922,r&b
635,-13.129,r&b
636,-9.35,r&b
637,-15.257,r&b
897,-9.35,r&b
898,-6.777,r&b
899,-7.35,r&b
900,-9.882,r&b
901,-5.379,r&b
902,-7.319,r&b
903,-4.523,r&b
904,-5.207,r&b
914,-6.531,r&b
915,-6.36,r&b
924,-7.993,r&b
925,-10.315,r&b
926,-7.618,r&b
927,-5.44,r&b
928,-8.335,r&b
929,-7.056,r&b
930,-6.648,r&b
939,-4.513,r&b
1096,-9.756,r&b
1097,-5.781,r&b
1098,-7.792,r&b
1099,-6.927,r&b
1100,-9.545,r&b
1106,-5.812,r&b
1123,-4.766,r&b
1124,-6.557,r&b
1125,-7.676,r&b
1132,-8.241,r&b
1140,-3.204,r&b
1141,-7.093,r&b
1142,-4.689,r&b
1144,-7.214,r&b
1145,-7.561,r&b
1146,-3.776,r&b
1147,-6.912,r&b
1152,-6.107,r&b
1153,-4.858,r&b
1157,-4.502,r&b
1158,-5.923,r&b
1159,-3.809,r&b
1176,-8.249,r&b
1179,-7.392,r&b
1185,-10.79,r&b
1188,-13.029,r&b
1192,-11.395,r&b
1193,-12.295,r&b
1194,-11.226,r&b
1195,-7.665,r&b
1196,-6.4,r&b
1197,-8.69,r&b
1198,-7.592,r&b
1199,-8.206,r&b
1200,-11.293,r&b
1201,-6.293,r&b
1202,-10.163,r&b
1203,-7.032,r&b
1205,-14.264,r&b
1207,-11.564,r&b
1212,-5.093,r&b
1215,-10.685,r&b
1219,-3.748,r&b
1220,-11.171,r&b
1221,-11.978,r&b
1224,-6.281,r&b
1225,-16.887,r&b
1228,-9.872,r&b
1366,-8.587,r&b
1367,-7.913,r&b
1368,-5.487,r&b
1369,-5.296,r&b
1370,-12.522,r&b
1371,-5.411,r&b
1372,-7.457,r&b
1373,-8.463,r&b
1374,-12.683,r&b
1375,-7.546,r&b
1376,-9.799,r&b
1377,-11.567,r&b
1378,-8.526,r&b
1379,-13.975,r&b
1380,-10.202,r&b
1381,-9.647,r&b
1382,-7.26,r&b
1383,-9.34,r&b
1384,-5.238,r&b
1423,-10.97,r&b
1424,-7.955,r&b
1425,-5.691,r&b
1426,-9.82,r&b
1427,-7.425,r&b
1428,-8.309,r&b
1429,-8.339,r&b
1430,-9.425,r&b
1431,-8.475,r&b
1432,-6.839,r&b
1433,-9.541,r&b
1434,-3.823,r&b
1435,-8.121,r&b
1436,-6.189,r&b
1437,-7.888,r&b
1438,-3.392,r&b
1439,-9.673,r&b
1440,-9.241,r&b
1441,-13.297,r&b
1442,-12.998,r&b
1443,-12.49,r&b
1444,-11.001,r&b
1445,-6.383,r&b
1446,-11.054,r&b
1454,-6.086,r&b
1455,-7.283,r&b
1456,-8.83,r&b
1457,-7.119,r&b
1458,-9.372,r&b
1459,-6.172,r&b
1460,-7.278,r&b
1461,-7.402,r&b
1771,-8.828,r&b
1772,-10.132,r&b
1773,-3.396,r&b
1774,-5.908,r&b
1775,-5.038,r&b
1776,-6.223,r&b
1777,-6.846,r&b
1778,-4.369,r&b
1779,-7.509,r&b
1780,-11.165,r&b
1782,-6.528,r&b
1783,-7.146,r&b
1784,-9.134,r&b
1785,-13.976,r&b
1790,-4.734,r&b
1793,-14.311,r&b
1794,-5.975,r&b
1795,-8.733,r&b
1796,-9.111,r&b
1797,-5.803,r&b
1798,-7.412,r&b
1802,-5.543,r&b
1803,-7.679,r&b
1804,-6.961,r&b
1805,-7.04,r&b
1806,-10.252,r&b
1807,-4.346,r&b
1808,-7.919,r&b
1809,-12.165,r&b
1810,-7.442,r&b
1811,-3.947,r&b
1812,-5.588,r&b
1813,-2.236,r&b
1816,-6.77,r&b
1817,-9.825,r&b
1818,-6.578,r&b
1819,-9.977,r&b
1820,-7.973,r&b
1821,-9.013,r&b
1822,-6.083,r&b
1823,-6.021,r&b
1824,-7.271,r&b
1831,-8.544,r&b
1849,-10.969,r&b
1850,-12.741,r&b
1851,-6.789,r&b
1855,-5.409,r&b
1856,-2.727,r&b
1860,-7.462,r&b
1861,-5.248,r&b
1862,-7.012,r&b
1878,-3.069,r&b
1892,-7.479,r&b
1893,-4.084,r&b
1894,-4.929,r&b
1895,-6.697,r&b
1896,-8.343,r&b
1897,-9.029,r&b
1898,-6.373,r&b
1899,-4.817,r&b
1900,-3.18,r&b
1905,-5.339,r&b
1906,-5.429,r&b
1928,-10.26,r&b
1930,-2.234,r&b
1933,-6.515,r&b
1934,-8.121,r&b
1935,-12.872,r&b
1936,-4.829,r&b
1937,-13.927,r&b
1938,-6.612,r&b
1939,-4.92,r&b
1941,-4.454,r&b
1942,-9.04,r&b
1943,-10.652,r&b
1944,-7.208,r&b
2193,-4.361,r&b
2196,-11.728,r&b
2197,-6.841,r&b
2198,-8.416,r&b
2199,-8.591,r&b
2200,-10.132,r&b
2201,-13.297,r&b
2202,-4.198,r&b
2203,-4.585,r&b
2204,-3.649,r&b
2205,-9.256,r&b
2206,-5.321,r&b
2207,-5.729,r&b
2208,-4.424,r&b
2209,-7.507,r&b
2221,-5.238,r&b
2222,-8.449,r&b
2223,-3.679,r&b
2224,-4.989,r&b
2225,-11.451,r&b
2226,-7.285,r&b
2227,-5.926,r&b
2228,-4.857,r&b
2229,-4.508,r&b
2260,-5.242,r&b
2261,-5.928,r&b
2262,-1.163,r&b
2263,-5.869,r&b
2264,-9.102,r&b
2265,-6.59,r&b
2266,-9.712,r&b
2267,-10.396,r&b
2268,-4.53,r&b
2269,-7.304,r&b
2270,-3.638,r&b
2271,-4.401,r&b
2272,-8.906,r&b
2274,-4.362,r&b
2308,-4.621,r&b
2309,-6.786,r&b
2310,-3.965,r&b
2311,-4.531,r&b
2312,-7.135,r&b
2313,-6.74,r&b
2314,-5.494,r&b
2318,-7.417,r&b
2319,-8.948,r&b
2320,-5.668,r&b
2323,-4.113,r&b
2333,-6.554,r&b
2334,-5.074,r&b
2335,-7.51,r&b
2336,-4.132,r&b
2337,-6.027,r&b
2338,-6.083,r&b
2339,-8.735,r&b
2340,-7.18,r&b
2341,-8.237,r&b
2342,-4.639,r&b
2343,-3.363,r&b
2344,-3.751,r&b
2345,-7.246,r&b
2348,-3.658,r&b
2356,-11.239,r&b
2357,-6.054,r&b
2358,-7.542,r&b
2359,-8.088,r&b
2360,-6.073,r&b
2362,-8.497,r&b
2363,-7.782,r&b
2364,-7.025,r&b
2365,-7.271,r&b
2366,-7.311,r&b
2367,-4.728,r&b
2368,-6.737,r&b
2369,-8.046,r&b
2370,-7.603,r&b
2371,-6.657,r&b
2372,-8.725,r&b
2373,-8.041,r&b
2374,-7.033,r&b
2375,-7.791,r&b
2376,-11.524,r&b
2402,-12.448,r&b
2403,-11.777,r&b
2404,-6.837,r&b
2415,-4.713,r&b
2416,-9.597,r&b
2417,-5.806,r&b
2418,-8.9,r&b
2419,-7.358,r&b
2420,-7.675,r&b
2421,-6.806,r&b
2422,-6.857,r&b
2423,-4.5,r&b
2424,-3.051,r&b
2425,-5.665,r&b
2426,-5.402,r&b
2427,-11.523,r&b
2571,-8.281,r&b
2572,-9.905,r&b
3168,-6.151,r&b
3169,-10.108,r&b
3170,-7.22,r&b
3171,-12.51,r&b
3172,-10.02,r&b
3173,-9.753,r&b
3174,-8.911,r&b
3175,-6.603,r&b
3176,-8.248,r&b
3177,-8.149,r&b
3180,-4.646,r&b
3181,-6.349,r&b
3182,-10.397,r&b
3183,-7.035,r&b
3184,-10.036,r&b
3185,-14.279,r&b
3186,-7.752,r&b
3187,-3.849,r&b
3188,-7.873,r&b
3189,-8.406,r&b
3190,-9.641,r&b
3191,-15.012,r&b
3192,-11.451,r&b
3193,-6.502,r&b
3194,-10.127,r&b
3195,-6.551,r&b
3196,-2.383,r&b
3197,-7.954,r&b
3198,-6.335,r&b
3199,-9.444,r&b
3200,-7.89,r&b
3201,-7.754,r&b
3202,-8.041,r&b
3203,-9.207,r&b
3204,-7.256,r&b
3208,-5.32,r&b
3209,-9.169,r&b
3210,-5.649,r&b
3211,-9.148,r&b
3212,-10.276,r&b
3214,-4.397,r&b
3218,-12.104,r&b
3219,-9.322,r&b
3221,-12.417,r&b
3222,-18.998,r&b
3223,-12.422,r&b
3224,-9.664,r&b
3229,-9.104,r&b
3230,-9.85,r&b
3231,-9.694,r&b
3232,-8.42,r&b
3233,-8.801,r&b
3234,-10.151,r&b
3235,-12.29,r&b
3236,-16.656,r&b
3238,-8.067,r&b
3239,-7.253,r&b
3240,-11.309,r&b
3241,-11.903,r&b
3242,-5.647,r&b
3243,-13.486,r&b
3247,-6.741,r&b
3248,-10.457,r&b
3249,-10.677,r&b
3250,-13.181,r&b
3262,-8.241,r&b
3263,-8.236,r&b
3264,-9.453,r&b
3265,-6.785,r&b
3266,-10.107,r&b
3270,-11.852,r&b
3271,-11.164,r&b
3272,-6.797,r&b
3273,-11.275,r&b
3275,-7.397,r&b
3283,-11.672,r&b
3284,-11.274,r&b
3285,-9.706,r&b
3286,-7.694,r&b
3287,-15.648,r&b
3288,-17.881,r&b
3289,-14.859,r&b
3290,-15.602,r&b
3291,-8.0,r&b
3292,-8.524,r&b
3293,-6.194,r&b
3294,-5.855,r&b
3295,-11.597,r&b
3296,-12.569,r&b
3298,-10.702,r&b
3299,-11.939,r&b
3300,-10.543,r&b
3301,-6.837,r&b
3302,-9.846,r&b
3303,-11.63,r&b
3304,-7.77,r&b
3310,-9.485,r&b
3316,-7.147,r&b
3317,-10.401,r&b
3318,-13.177,r&b
3319,-3.049,r&b
3320,-10.764,r&b
3321,-10.743,r&b
3322,-10.059,r&b
3323,-12.112,r&b
3435,-11.129,r&b
3436,-10.897,r&b
3441,-14.598,r&b
3442,-10.485,r&b
3443,-6.068,r&b
3444,-7.88,r&b
3445,-10.846,r&b
3446,-7.557,r&b
3447,-8.713,r&b
3448,-6.322,r&b
3449,-8.852,r&b
3450,-12.769,r&b
3451,-8.464,r&b
3452,-9.573,r&b
3453,-11.473,r&b
3454,-9.671,r&b
3455,-11.176,r&b
3456,-10.667,r&b
3467,-10.818,r&b
3886,-9.893,r&b
3889,-6.615,r&b
3890,-4.725,r&b
3891,-6.902,r&b
3892,-5.188,r&b
3893,-6.486,r&b
3895,-6.013,r&b
3896,-5.325,r&b
3897,-10.332,r&b
3898,-4.88,r&b
3899,-9.154,r&b
3900,-4.836,r&b
3901,-9.166,r&b
3917,-4.927,r&b
3918,-5.438,r&b
3919,-15.843,r&b
3920,-7.77,r&b
3921,-7.324,r&b
3922,-15.099,r&b
3923,-3.209,r&b
3924,-5.657,r&b
3925,-6.66,r&b
3926,-7.494,r&b
3927,-10.599,r&b
3928,-7.684,r&b
3929,-8.882,r&b
3930,-6.558,r&b
3931,-0.882,r&b
3932,-6.585,r&b
4159,-4.767,r&b
4160,-4.314,r&b
4161,-6.711,r&b
4162,-5.989,r&b
4163,-4.766,r&b
4164,-6.389,r&b
4165,-5.02,r&b
4166,-5.499,r&b
4167,-5.846,r&b
4168,-5.448,r&b
4169,-5.911,r&b
4172,-15.593,r&b
4173,-7.426,r&b
4174,-7.247,r&b
4175,-5.367,r&b
4176,-10.113,r&b
4177,-7.842,r&b
4178,-7.74,r&b
4179,-4.396,r&b
4183,-7.866,r&b
4184,-6.183,r&b
4185,-5.322,r&b
4190,-5.342,r&b
4191,-9.312,r&b
4192,-7.071,r&b
4193,-4.977,r&b
4194,-7.714,r&b
4195,-5.307,r&b
4210,-6.156,r&b
4211,-9.028,r&b
4212,-9.707,r&b
4213,-6.411,r&b
4397,-3.294,r&b
4398,-6.491,r&b
4399,-6.364,r&b
4400,-3.553,r&b
4401,-5.725,r&b
4402,-4.06,r&b
4403,-8.144,r&b
4404,-9.134,r&b
4405,-9.112,r&b
4406,-6.744,r&b
4407,-5.714,r&b
4408,-6.211,r&b
4409,-6.954,r&b
4410,-10.412,r&b
4411,-5.452,r&b
4412,-4.788,r&b
4413,-7.589,r&b
4414,-9.781,r&b
4415,-6.269,r&b
4416,-5.476,r&b
4417,-6.036,r&b
4418,-10.022,r&b
4419,-12.856,r&b
4420,-3.316,r&b
4421,-6.761,r&b
4422,-6.303,r&b
4423,-4.92,r&b
4424,-11.74,r&b
4425,-13.918,r&b
4426,-9.187,r&b
4427,-7.282,r&b
4428,-7.338,r&b
4429,-6.682,r&b
4430,-6.709,r&b
4431,-8.979,r&b
4432,-6.356,r&b
4433,-6.578,r&b
4434,-3.863,r&b
4435,-10.424,r&b
4436,-7.716,r&b
4437,-11.511,r&b
4438,-5.166,r&b
4439,-6.164,r&b
4440,-7.367,r&b
4441,-1.818,r&b
4442,-6.402,r&b
4443,-8.598,r&b
4444,-10.544,r&b
4445,-7.822,r&b
4446,-5.5,r&b
4447,-6.958,r&b
4448,-4.904,r&b
4449,-11.581,r&b
4450,-7.716,r&b
4451,-6.913,r&b
4452,-5.726,r&b
4453,-14.794,r&b
4454,-6.391,r&b
4455,-5.509,r&b
4456,-3.804,r&b
4457,-6.985,r&b
4458,-8.19,r&b
4459,-8.005,r&b
4460,-6.45,r&b
4484,-4.313,r&b
4485,-6.027,r&b
4486,-6.096,r&b
4487,-7.232,r&b
4488,-9.556,r&b
4489,-10.766,r&b
4490,-3.983,r&b
4491,-17.621,r&b
4492,-5.474,r&b
4493,-12.335,r&b
4494,-9.019,r&b
4495,-8.876,r&b
4496,-6.271,r&b
4497,-13.32,r&b
4498,-9.351,r&b
4499,-9.919,r&b
4500,-7.128,r&b
4501,-8.693,r&b
4502,-9.372,r&b
4503,-4.901,r&b
4504,-5.328,r&b
4505,-13.632,r&b
4506,-7.148,r&b
4507,-7.739,r&b
4508,-4.715,r&b
4509,-10.05,r&b
4510,-8.119,r&b
4511,-6.58,r&b
4512,-8.608,r&b
4513,-7.636,r&b
4514,-6.131,r&b
4515,-7.776,r&b
4516,-9.449,r&b
4517,-12.831,r&b
4518,-8.708,r&b
4519,-7.017,r&b
4783,-13.534,r&b
4797,-5.612,r&b
4798,-11.033,r&b
4799,-9.949,r&b
4800,-9.432,r&b
4801,-14.921,r&b
4802,-8.855,r&b
4803,-5.886,r&b
4804,-9.651,r&b
4805,-9.75,r&b
4806,-13.924,r&b
4807,-12.455,r&b
4808,-10.019,r&b
4809,-10.811,r&b
4810,-12.892,r&b
4811,-2.21,r&b
4812,-6.818,r&b
4827,-12.066,r&b
4832,-0.478,r&b
4833,-8.856,r&b
4844,-6.098,r&b
4845,-13.247,r&b
4858,-11.341,r&b
4859,-11.475,r&b
4860,-8.991,r&b
4861,-10.446,r&b
4862,-7.71,r&b
4863,-7.368,r&b
4864,-5.245,r&b
4865,-7.021,r&b
4866,-7.157,r&b
4867,-9.177,r&b
4868,-8.006,r&b
4869,-7.439,r&b
4870,-9.988,r&b
4881,-11.833,r&b
4882,-3.244,r&b
4883,-9.34,r&b
4884,-8.533,r&b
4885,-4.561,r&b
4886,-10.023,r&b
4887,-6.272,r&b
4888,-4.546,r&b
4889,-9.498,r&b
4890,-12.793,r&b
4891,-5.569,r&b
4892,-6.185,r&b
4893,-9.141,r&b
4894,-6.077,r&b
4897,-4.403,r&b
4898,-6.27,r&b
4899,-6.414,r&b
4900,-9.076,r&b
4901,-7.044,r&b
4902,-3.558,r&b
4903,-6.5,r&b
4904,-6.664,r&b
4905,-4.521,r&b
4906,-6.539,r&b
4907,-6.073,r&b
4909,-14.74,r&b
4910,-10.496,r&b
4911,-7.72,r&b
4912,-17.745,r&b
4913,-7.081,r&b
4914,-11.277,r&b
4915,-7.106,r&b
4916,-7.277,r&b
4944,-11.131,r&b
4950,-11.872,r&b
4951,-7.623,r&b
4952,-5.965,r&b
4953,-6.152,r&b
4954,-2.974,r&b
4955,-6.778,r&b
4965,-3.717,r&b
4972,-11.005,r&b
4973,-5.395,r&b
4974,-8.975,r&b
4975,-7.247,r&b
4976,-5.682,r&b
4977,-6.978,r&b
4978,-7.787,r&b
4979,-11.173,r&b
4980,-10.853,r&b
4981,-8.571,r&b
4982,-7.348,r&b
4983,-13.273,r&b
4984,-7.929,r&b
4985,-11.083,r&b
4989,-4.193,r&b
4990,-8.215,r&b
4992,-5.888,r&b
4993,-4.361,r&b
4994,-11.112,r&b
4995,-5.65,r&b
4996,-5.516,r&b
5020,-8.174,r&b
5030,-5.354,r&b
5031,-6.267,r&b
5032,-15.032,r&b
5033,-7.284,r&b
5034,-7.386,r&b
5035,-12.857,r&b
5036,-7.194,r&b
5037,-8.753,r&b
5038,-7.804,r&b
5039,-4.25,r&b
5040,-9.199,r&b
5041,-8.507,r&b
5042,-6.864,r&b
5043,-9.503,r&b
5044,-9.753,r&b
5048,-7.72,r&b
5049,-6.794,r&b
5050,-8.486,r&b
5051,-7.186,r&b
5067,-5.102,r&b
5068,-10.239,r&b
5069,-5.554,r&b
5070,-3.782,r&b
5078,-2.862,r&b
5079,-7.632,r&b
5080,-5.613,r&b
5081,-7.242,r&b
5082,-6.24,r&b
5083,-6.61,r&b
5084,-10.49,r&b
5085,-5.728,r&b
5086,-7.357,r&b
5087,-7.819,r&b
5091,-8.312,r&b
5095,-10.712,r&b
5096,-12.876,r&b
5097,-6.629,r&b
5098,-5.161,r&b
5099,-8.941,r&b
5108,-9.923,r&b
5109,-5.448,r&b
5110,-10.224,r&b
5111,-5.759,r&b
5112,-6.283,r&b
5113,-11.696,r&b
5114,-8.988,r&b
5115,-7.13,r&b
5116,-6.792,r&b
5117,-8.957,r&b
5119,-9.252,r&b
5120,-7.287,r&b
5121,-6.918,r&b
5122,-9.008,r&b
5124,-4.643,r&b
5127,-6.332,r&b
5128,-7.455,r&b
5129,-4.72,r&b
5130,-11.235,r&b
5131,-5.271,r&b
5132,-11.741,r&b
5133,-2.773,r&b
5134,-6.606,r&b
5141,-8.307,r&b
5146,-8.896,r&b
5147,-5.537,r&b
5148,-6.579,r&b
5149,-5.222,r&b
5150,-6.107,r&b
5151,-9.049,r&b
5152,-7.539,r&b
5153,-5.306,r&b
5154,-6.992,r&b
5155,-7.202,r&b
5156,-6.418,r&b
5157,-6.006,r&b
5158,-10.443,r&b
5160,-5.436,r&b
5161,-5.844,r&b
5162,-7.439,r&b
5163,-4.593,r&b
5164,-4.369,r&b
5165,-2.408,r&b
5166,-13.202,r&b
5167,-9.228,r&b
5168,-5.799,r&b
5169,-4.215,r&b
5170,-7.917,r&b
5211,-7.127,r&b
5232,-2.967,r&b
5237,-5.827,r&b
5239,-4.68,r&b
5240,-5.221,r&b
5241,-7.585,r&b
5242,-7.216,r&b
5243,-5.035,r&b
5244,-4.499,r&b
5245,-6.055,r&b
5247,-5.07,r&b
5248,-3.247,r&b
5249,-9.966,r&b
5250,-5.065,r&b
5251,-5.317,r&b
5252,-3.55,r&b
5253,-5.09,r&b
5254,-11.478,r&b
5255,-5.206,r&b
5256,-4.784,r&b
5570,-4.369,r&b
5571,-9.798,r&b
5572,-7.779,r&b
5573,-9.307,r&b
5574,-7.158,r&b
5575,-6.29,r&b
5576,-5.444,r&b
5577,-19.26,r&b
5578,-6.179,r&b
5579,-6.312,r&b
5580,-7.478,r&b
5581,-10.269,r&b
5582,-8.168,r&b
5583,-6.986,r&b
5584,-7.578,r&b
5585,-10.361,r&b
5586,-10.814,r&b
5587,-5.26,r&b
5588,-12.198,r&b
5589,-8.073,r&b
5590,-8.602,r&b
5591,-10.109,r&b
5592,-4.82,r&b
5593,-12.454,r&b
5594,-8.926,r&b
5595,-8.664,r&b
5596,-8.784,r&b
5597,-6.897,r&b
5598,-5.766,r&b
5599,-9.487,r&b
5600,-9.198,r&b
5601,-9.035,r&b
5602,-10.854,r&b
5603,-3.502,r&b
5604,-3.376,r&b
5605,-10.345,r&b
5606,-13.399,r&b
5607,-14.958,r&b
5608,-12.849,r&b
5609,-8.117,r&b
5610,-13.149,r&b
5611,-7.01,r&b
5612,-8.656,r&b
5613,-18.88,r&b
5614,-5.802,r&b
5615,-7.7,r&b
5616,-8.922,r&b
5617,-6.15,r&b
5618,-11.184,r&b
5876,-7.395,r&b
5888,-6.792,r&b
5889,-7.671,r&b
5890,-11.524,r&b
5891,-8.466,r&b
5892,-7.263,r&b
5894,-7.007,r&b
5895,-4.914,r&b
5896,-7.816,r&b
5897,-7.267,r&b
5898,-9.165,r&b
5899,-7.942,r&b
5902,-9.239,r&b
5903,-13.115,r&b
5906,-7.613,r&b
5907,-8.128,r&b
5908,-8.504,r&b
5909,-10.501,r&b
5910,-6.254,r&b
5911,-6.164,r&b
5912,-10.998,r&b
5913,-3.421,r&b
5914,-9.403,r&b
5915,-5.466,r&b
5916,-7.044,r&b
5917,-10.003,r&b
5918,-8.901,r&b
5919,-2.888,r&b
5929,-6.774,r&b
5930,-7.683,r&b
5931,-8.264,r&b
5932,-8.346,r&b
6045,-7.356,r&b
6046,-5.94,r&b
6077,-5.677,r&b
6078,-8.24,r&b
6079,-10.348,r&b
6080,-8.861,r&b
6081,-4.699,r&b
6082,-4.231,r&b
6086,-5.566,r&b
6087,-5.714,r&b
6088,-11.879,r&b
6089,-10.6,r&b
6090,-5.679,r&b
6091,-9.57,r&b
6107,-5.46,r&b
6110,-9.997,r&b
6111,-9.132,r&b
6112,-7.7,r&b
6113,-7.877,r&b
6114,-15.099,r&b
6295,-8.446,r&b
6296,-9.045,r&b
6297,-9.07,r&b
6299,-7.009,r&b
6300,-6.703,r&b
6307,-6.038,r&b
6308,-12.643,r&b
6309,-11.308,r&b
6310,-8.503,r&b
6311,-8.588,r&b
6312,-6.18,r&b
6313,-8.537,r&b
6314,-9.832,r&b
6315,-7.87,r&b
6316,-8.341,r&b
6317,-7.736,r&b
6318,-7.993,r&b
6319,-7.807,r&b
6320,-11.686,r&b
6321,-8.759,r&b
6322,-6.54,r&b
6323,-13.904,r&b
6324,-11.069,r&b
6325,-8.879,r&b
6326,-15.495,r&b
6327,-10.744,r&b
6328,-7.199,r&b
6329,-9.832,r&b
6330,-9.819,r&b
6331,-7.81,r&b
6332,-7.012,r&b
6333,-11.774,r&b
6334,-10.798,r&b
6335,-10.629,r&b
6336,-11.614,r&b
6337,-2.858,r&b
6338,-2.969,r&b
6339,-5.585,r&b
6340,-5.132,r&b
6341,-5.847,r&b
6342,-7.098,r&b
6343,-8.479,r&b
6344,-8.917,r&b
6345,-7.769,r&b
6346,-5.14,r&b
6347,-10.799,r&b
6348,-8.245,r&b
6349,-7.722,r&b
6350,-11.845,r&b
6351,-3.195,r&b
6721,-8.249,r&b
6722,-12.926,r&b
6723,-14.518,r&b
6724,-8.324,r&b
6725,-7.56,r&b
6726,-9.809,r&b
6727,-10.801,r&b
6728,-5.617,r&b
6768,-10.168,r&b
6769,-5.668,r&b
6770,-5.449,r&b
6771,-7.693,r&b
6772,-7.612,r&b
6773,-11.238,r&b
6774,-9.2,r&b
6775,-10.916,r&b
6776,-11.437,r&b
6777,-13.466,r&b
6778,-5.208,r&b
6779,-5.047,r&b
6780,-8.161,r&b
6781,-7.585,r&b
6782,-10.609,r&b
6783,-14.698,r&b
6784,-5.364,r&b
6785,-7.462,r&b
6786,-6.363,r&b
6787,-12.5,r&b
6788,-23.014,r&b
6789,-8.332,r&b
6790,-10.351,r&b
6791,-10.147,r&b
6806,-9.654,r&b
6807,-12.278,r&b
6808,-10.386,r&b
6809,-16.467,r&b
6810,-13.645,r&b
6811,-5.819,r&b
6835,-8.291,r&b
6837,-8.651,r&b
6838,-5.538,r&b
6839,-9.881,r&b
6840,-5.123,r&b
6841,-8.506,r&b
6842,-10.169,r&b
6851,-6.631,r&b
6856,-3.534,r&b
6860,-6.903,r&b
6861,-9.906,r&b
6862,-8.148,r&b
6863,-6.101,r&b
6864,-7.146,r&b
6865,-19.697,r&b
6866,-14.122,r&b
6867,-14.266,r&b
6868,-4.683,r&b
6869,-9.169,r&b
6870,-8.93,r&b
6871,-15.494,r&b
6873,-14.147,r&b
6874,-14.745,r&b
6875,-12.865,r&b
6880,-8.96,r&b
6883,-13.448,r&b
6884,-10.32,r&b
6885,-21.025,r&b
6886,-8.306,r&b
6888,-9.081,r&b
7077,-7.862,r&b
7078,-9.535,r&b
7079,-4.413,r&b
7096,-9.531,r&b
7130,-6.607,r&b
7131,-8.994,r&b
7132,-4.796,r&b
7143,-6.351,r&b
7144,-11.709,r&b
7145,-6.398,r&b
7146,-6.969,r&b
7147,-4.729,r&b
7148,-8.179,r&b
7149,-3.693,r&b
7203,-7.569,r&b
7204,-6.911,r&b
7205,-7.109,r&b
7206,-8.487,r&b
7207,-5.05,r&b
7208,-3.55,r&b
7209,-8.194,r&b
7210,-6.268,r&b
7218,-8.315,r&b
7221,-7.257,r&b
7222,-4.966,r&b
7223,-10.093,r&b
7224,-8.61,r&b
7225,-6.175,r&b
7226,-5.87,r&b
7227,-5.994,r&b
7228,-5.215,r&b
7229,-10.016,r&b
7233,-11.984,r&b
7234,-7.895,r&b
7235,-11.733,r&b
7236,-4.117,r&b
7237,-7.473,r&b
7238,-7.498,r&b
7244,-6.634,r&b
7246,-9.298,r&b
7250,-6.089,r&b
7251,-6.381,r&b
7252,-8.632,r&b
7253,-5.743,r&b
7254,-9.034,r&b
7255,-6.353,r&b
7256,-5.394,r&b
7495,-8.644,r&b
7496,-7.768,r&b
7497,-5.265,r&b
7498,-6.037,r&b
7499,-10.855,r&b
7500,-7.348,r&b
7501,-8.634,r&b
7502,-8.663,r&b
7509,-10.386,r&b
7510,-5.644,r&b
7511,-7.884,r&b
7512,-7.618,r&b
7526,-6.738,r&b
7531,-9.512,r&b
7532,-5.972,r&b
7533,-5.477,r&b
7534,-5.931,r&b
7535,-7.363,r&b
7536,-8.537,r&b
7537,-3.784,r&b
7538,-5.197,r&b
7539,-6.31,r&b
7540,-7.106,r&b
7541,-12.918,r&b
7544,-7.033,r&b
7545,-5.77,r&b
7546,-4.381,r&b
7547,-4.154,r&b
7553,-3.76,r&b
7554,-4.991,r&b
7555,-6.516,r&b
7556,-5.851,r&b
7564,-9.785,r&b
7565,-5.609,r&b
7566,-12.051,r&b
7567,-8.751,r&b
7568,-2.831,r&b
7569,-7.898,r&b
7570,-6.489,r&b
7582,-6.924,r&b
7583,-6.392,r&b
7597,-8.887,r&b
7598,-6.64,r&b
7599,-7.395,r&b
7601,-7.669,r&b
7602,-9.119,r&b
7603,-6.103,r&b
7604,-4.843,r&b
7605,-4.633,r&b
7606,-4.217,r&b
7615,-12.599,r&b
7616,-4.499,r&b
7617,-5.841,r&b
7951,-4.823,r&b
7952,-6.393,r&b
7953,-9.194,r&b
7954,-13.138,r&b
7955,-6.246,r&b
7956,-5.88,r&b
7957,-8.083,r&b
7958,-5.739,r&b
7987,-9.574,r&b
7994,-6.775,r&b
7995,-10.747,r&b
7996,-6.959,r&b
8005,-7.127,r&b
8006,-6.446,r&b
8007,-6.959,r&b
8008,-5.784,r&b
8035,-4.6,r&b
8036,-4.795,r&b
8047,-10.632,r&b
8051,-8.433,r&b
8052,-9.139,r&b
8062,-7.706,r&b
8063,-7.104,r&b
8099,-4.954,r&b
8109,-7.398,r&b
8111,-5.825,r&b
8112,-7.605,r&b
8113,-7.125,r&b
8114,-7.014,r&b
8115,-2.877,r&b
8116,-4.353,r&b
8117,-5.593,r&b
8118,-10.29,r&b
8119,-15.968,r&b
8120,-7.525,r&b
8121,-7.8,r&b
8133,-9.648,r&b
8134,-5.889,r&b
8135,-7.703,r&b
8137,-10.574,r&b
8138,-7.715,r&b
8139,-8.941,r&b
8140,-6.582,r&b
8141,-9.596,r&b
8142,-8.637,r&b
8143,-4.032,r&b
8144,-4.088,r&b
8145,-4.547,r&b
8436,-9.81,r&b
8437,-6.436,r&b
8438,-8.997,r&b
8439,-12.397,r&b
8440,-10.85,r&b
8441,-2.734,r&b
8442,-11.5,r&b
8443,-3.867,r&b
8444,-6.012,r&b
8445,-7.436,r&b
8446,-10.656,r&b
8447,-11.295,r&b
8448,-7.376,r&b
8449,-9.386,r&b
8450,-6.641,r&b
8451,-9.709,r&b
8452,-10.112,r&b
8453,-14.617,r&b
8454,-12.276,r&b
8455,-5.201,r&b
8460,-6.748,r&b
8461,-8.785,r&b
8462,-7.091,r&b
8463,-6.851,r&b
8464,-11.816,r&b
8476,-9.529,r&b
8477,-5.27,r&b
8478,-11.053,r&b
8479,-11.51,r&b
8595,-10.695,r&b
8596,-6.522,r&b
8597,-7.853,r&b
8604,-7.807,r&b
8605,-9.278,r&b
8606,-7.675,r&b
8607,-11.928,r&b
8608,-10.367,r&b
8609,-4.481,r&b
8610,-11.136,r&b
8611,-8.473,r&b
8612,-5.899,r&b
8613,-4.657,r&b
8614,-13.415,r&b
8615,-7.462,r&b
8616,-9.818,r&b
8617,-16.722,r&b
8618,-5.066,r&b
8619,-11.474,r&b
8620,-6.472,r&b
8621,-6.932,r&b
8622,-7.17,r&b
8623,-6.411,r&b
8624,-7.111,r&b
8625,-15.099,r&b
8626,-6.514,r&b
8627,-10.122,r&b
8628,-8.788,r&b
8629,-11.959,r&b
8630,-7.32,r&b
8631,-5.789,r&b
8632,-6.074,r&b
8633,-9.751,r&b
8634,-6.445,r&b
8635,-10.313,r&b
8636,-6.985,r&b
8637,-6.956,r&b
8638,-7.661,r&b
8639,-11.679,r&b
8640,-9.149,r&b
8641,-10.174,r&b
8642,-5.243,r&b
8643,-11.649,r&b
8644,-11.801,r&b
8645,-4.8,r&b
8646,-7.526,r&b
8647,-8.963,r&b
8648,-21.092,r&b
8649,-12.254,r&b
8650,-14.152,r&b
8651,-6.05,r&b
8652,-7.455,r&b
8653,-7.395,r&b
8654,-8.824,r&b
8655,-5.76,r&b
8656,-4.609,r&b
8657,-9.478,r&b
8658,-8.554,r&b
8659,-8.209,r&b
8660,-5.969,r&b
8661,-7.339,r&b
8662,-11.247,r&b
8663,-5.898,r&b
8664,-12.734,r&b
8665,-8.459,r&b
8666,-8.065,r&b
8667,-6.751,r&b
8668,-7.017,r&b
8669,-7.563,r&b
8670,-7.437,r&b
8675,-8.874,r&b
8676,-7.07,r&b
8677,-4.832,r&b
8679,-7.346,r&b
8680,-6.349,r&b
8681,-8.675,r&b
8682,-7.271,r&b
8683,-6.957,r&b
8684,-8.852,r&b
8685,-12.349,r&b
8741,-9.607,r&b
8742,-8.045,r&b
8743,-4.018,r&b
8753,-8.004,r&b
8754,-8.141,r&b
8755,-8.215,r&b
8849,-5.768,r&b
8850,-7.731,r&b
8851,-6.598,r&b
8852,-10.109,r&b
8853,-5.626,r&b
8854,-17.341,r&b
8859,-8.078,r&b
8860,-3.606,r&b
8861,-11.268,r&b
8865,-4.03,r&b
8866,-5.675,r&b
8867,-12.486,r&b
8868,-4.996,r&b
8878,-6.2,r&b
8879,-4.946,r&b
8880,-3.254,r&b
8881,-4.574,r&b
8882,-6.566,r&b
8883,-7.775,r&b
8884,-7.374,r&b
8885,-7.34,r&b
8890,-6.988,r&b
8898,-5.431,r&b
8899,-4.527,r&b
8900,-4.836,r&b
8901,-7.337,r&b
8902,-9.242,r&b
8903,-4.337,r&b
8904,-14.08,r&b
8905,-7.645,r&b
8907,-8.461,r&b
8908,-5.554,r&b
8909,-4.515,r&b
8910,-7.803,r&b
8911,-10.272,r&b
8912,-11.336,r&b
8913,-6.343,r&b
8914,-6.515,r&b
8915,-7.458,r&b
8916,-8.911,r&b
8922,-7.379,r&b
8923,-8.45,r&b
8924,-10.402,r&b
8925,-6.653,r&b
8963,-8.067,r&b
8975,-9.843,r&b
8976,-5.64,r&b
8977,-5.198,r&b
8978,-7.399,r&b
8979,-4.92,r&b
8980,-5.847,r&b
8981,-6.103,r&b
8982,-7.745,r&b
8983,-8.81,r&b
8984,-10.363,r&b
8985,-10.934,r&b
8987,-11.546,r&b
8988,-7.523,r&b
9182,-11.209,r&b
9183,-5.908,r&b
9184,-15.633,r&b
9185,-13.676,r&b
9186,-9.444,r&b
9187,-8.396,r&b
9188,-12.587,r&b
9189,-5.358,r&b
9190,-13.27,r&b
9191,-6.64,r&b
9205,-7.648,r&b
9206,-8.235,r&b
9207,-12.204,r&b
9208,-12.018,r&b
9209,-10.316,r&b
9210,-7.523,r&b
9215,-6.335,r&b
9216,-12.254,r&b
9217,-6.787,r&b
9218,-5.533,r&b
9219,-7.372,r&b
9220,-15.257,r&b
9221,-8.727,r&b
9222,-13.632,r&b
9223,-7.232,r&b
9224,-8.285,r&b
9225,-6.005,r&b
9226,-6.126,r&b
9227,-10.848,r&b
9228,-5.132,r&b
9229,-8.559,r&b
9230,-8.627,r&b
9231,-7.985,r&b
9232,-11.98,r&b
9233,-12.094,r&b
9234,-11.192,r&b
9235,-7.909,r&b
9236,-10.132,r&b
9238,-12.846,r&b
9239,-5.135,r&b
9240,-6.206,r&b
9241,-7.706,r&b
9242,-7.258,r&b
9243,-12.532,r&b
9247,-7.69,r&b
9248,-6.448,r&b
9249,-7.702,r&b
9257,-7.322,r&b
9264,-10.906,r&b
9265,-10.238,r&b
9311,-12.695,r&b
9312,-23.023,r&b
9313,-15.044,r&b
9314,-10.952,r&b
9315,-13.348,r&b
9336,-4.901,r&b
9337,-7.641,r&b
9338,-7.398,r&b
9339,-7.116,r&b
9340,-5.181,r&b
9341,-9.538,r&b
9342,-9.127,r&b
9406,-8.998,r&b
9419,-6.084,r&b
9420,-8.305,r&b
9421,-13.889,r&b
9426,-11.158,r&b
9427,-8.195,r&b
9428,-6.201,r&b
9429,-8.457,r&b
9430,-6.705,r&b
9431,-5.608,r&b
9432,-6.725,r&b
9446,-12.104,r&b
9447,-10.319,r&b
9448,-13.619,r&b
9449,-14.513,r&b
9450,-9.697,r&b
9451,-6.497,r&b
9452,-7.78,r&b
9457,-13.559,r&b
9458,-12.243,r&b
9459,-10.215,r&b
9460,-7.084,r&b
9461,-6.243,r&b
9462,-4.92,r&b
9463,-8.13,r&b
9472,-8.234,r&b
9473,-5.275,r&b
9474,-10.415,r&b
9475,-9.488,r&b
9476,-7.35,r&b
9477,-5.611,r&b
9498,-7.151,r&b
9499,-5.16,r&b
9500,-14.773,r&b
9512,-15.198,r&b
9513,-9.365,r&b
9514,-9.667,r&b
9515,-9.609,r&b
9516,-13.99,r&b
9517,-10.443,r&b
9518,-7.142,r&b
9519,-8.758,r&b
9520,-11.461,r&b
9521,-4.683,r&b
9522,-4.395,r&b
9523,-6.998,r&b
9531,-8.014,r&b
9532,-9.207,r&b
9533,-11.506,r&b
9541,-7.929,r&b
9631,-8.451,r&b
9632,-7.081,r&b
9633,-6.0,r&b
9634,-9.655,r&b
9635,-7.581,r&b
9636,-5.365,r&b
9684,-7.88,r&b
9685,-11.834,r&b
9686,-12.725,r&b
9687,-6.876,r&b
9688,-5.711,r&b
9697,-9.675,r&b
9706,-10.133,r&b
9707,-8.766,r&b
9708,-10.811,r&b
9709,-4.039,r&b
9710,-9.413,r&b
9711,-5.513,r&b
9712,-7.857,r&b
9713,-9.22,r&b
9714,-11.929,r&b
9715,-4.571,r&b
9716,-8.965,r&b
9717,-9.351,r&b
9718,-12.64,r&b
9719,-7.228,r&b
9720,-9.138,r&b
9721,-13.548,r&b
9722,-10.43,r&b
9723,-10.415,r&b
9724,-8.184,r&b
9725,-6.797,r&b
9726,-19.019,r&b
9727,-6.995,r&b
9728,-10.45,r&b
9729,-9.16,r&b
9740,-7.997,r&b
9741,-9.809,r&b
9758,-15.614,r&b
9759,-10.084,r&b
9770,-8.914,r&b
9771,-8.438,r&b
9772,-11.787,r&b
9778,-13.976,r&b
9779,-9.761,r&b
9780,-9.74,r&b
9781,-5.692,r&b
9782,-11.329,r&b
9783,-9.211,r&b
9784,-8.669,r&b
9785,-10.462,r&b
9786,-4.825,r&b
9788,-9.581,r&b
9789,-9.438,r&b
9790,-8.19,r&b
9791,-17.042,r&b
9792,-11.483,r&b
9793,-13.926,r&b
9794,-10.23,r&b
9795,-5.349,r&b
9796,-9.081,r&b
9797,-9.294,r&b
9798,-9.347,r&b
9799,-6.057,r&b
9800,-10.617,r&b
9801,-8.904,r&b
9802,-10.663,r&b
9803,-8.191,r&b
9804,-10.289,r&b
9805,-9.403,r&b
9806,-6.514,r&b
9807,-14.001,r&b
9808,-9.688,r&b
9811,-17.053,r&b
9812,-12.762,r&b
9813,-9.018,r&b
9814,-10.853,r&b
9815,-8.997,r&b
9816,-10.714,r&b
9817,-8.71,r&b
9818,-6.771,r&b
9819,-9.094,r&b
9820,-7.86,r&b
9821,-4.949,r&b
9824,-5.124,r&b
9825,-2.881,r&b
9829,-3.368,r&b
9830,-4.706,r&b
9831,-4.877,r&b
9832,-6.556,r&b
9833,-7.881,r&b
9878,-4.653,r&b
9879,-3.488,r&b
9880,-7.647,r&b
9881,-9.789,r&b
9882,-6.105,r&b
9883,-5.363,r&b
9888,-6.847,r&b
9889,-5.18,r&b
9890,-7.355,r&b
9903,-7.581,r&b
9904,-7.395,r&b
9905,-8.769,r&b
9906,-9.202,r&b
9907,-5.315,r&b
9908,-7.428,r&b
9909,-5.764,r&b
9912,-5.502,r&b
9915,-6.775,r&b
9916,-5.188,r&b
9917,-4.692,r&b
9918,-4.489,r&b
9919,-4.899,r&b
9938,-5.621,r&b
9939,-5.578,r&b
9993,-5.515,r&b
9994,-8.304,r&b
10000,-9.127,r&b
10023,-3.892,r&b
10024,-7.622,r&b
10025,-3.694,r&b
10026,-6.873,r&b
10027,-7.23,r&b
10028,-6.635,r&b
10029,-9.931,r&b
10030,-6.914,r&b
10031,-8.347,r&b
10032,-5.923,r&b
10046,-4.055,r&b
10056,-8.71,r&b
10150,-5.788,r&b
10151,-4.183,r&b
10152,-6.82,r&b
10153,-5.482,r&b
10159,-10.64,r&b
10160,-9.964,r&b
10161,-8.964,r&b
10162,-7.9,r&b
10163,-5.61,r&b
10164,-6.136,r&b
10165,-11.713,r&b
10166,-4.393,r&b
10167,-15.617,r&b
10168,-7.771,r&b
10169,-8.074,r&b
10170,-7.442,r&b
10171,-8.094,r&b
10172,-7.911,r&b
10173,-7.561,r&b
10174,-9.608,r&b
10175,-8.6,r&b
10176,-3.837,r&b
10179,-5.025,r&b
10180,-6.919,r&b
10181,-3.425,r&b
10182,-5.32,r&b
10183,-6.337,r&b
10184,-6.61,r&b
10185,-2.384,r&b
10186,-6.784,r&b
10187,-5.993,r&b
10188,-8.126,r&b
10189,-5.948,r&b
10190,-9.127,r&b
10191,-5.462,r&b
10192,-8.916,r&b
10193,-6.381,r&b
10194,-9.193,r&b
10195,-5.238,r&b
10196,-2.834,r&b
10197,-10.043,r&b
10198,-8.044,r&b
10199,-5.812,r&b
10200,-4.237,r&b
10201,-10.956,r&b
10202,-6.365,r&b
10204,-5.383,r&b
10205,-5.696,r&b
10206,-4.586,r&b
10207,-8.364,r&b
10208,-6.325,r&b
10209,-5.952,r&b
10210,-8.745,r&b
10211,-6.107,r&b
10212,-6.994,r&b
10213,-6.571,r&b
10214,-8.329,r&b
10215,-9.447,r&b
10216,-6.436,r&b
10217,-7.979,r&b
10221,-4.599,r&b
10222,-4.577,r&b
10223,-3.398,r&b
10224,-7.649,r&b
10229,-6.28,r&b
10230,-11.742,r&b
10231,-6.357,r&b
10232,-6.751,r&b
10233,-3.118,r&b
10236,-7.893,r&b
10237,-7.614,r&b
10242,-5.59,r&b
10243,-6.056,r&b
10253,-8.199,r&b
10254,-8.124,r&b
10255,-6.786,r&b
10256,-8.926,r&b
10257,-9.932,r&b
10258,-13.888,r&b
10259,-13.181,r&b
10260,-7.4,r&b
10261,-7.791,r&b
10262,-6.687,r&b
10263,-7.769,r&b
10264,-4.369,r&b
10265,-6.927,r&b
10266,-7.116,r&b
10273,-8.046,r&b
10274,-8.098,r&b
10275,-5.695,r&b
10276,-5.256,r&b
10277,-10.828,r&b
10278,-7.051,r&b
10279,-12.268,r&b
10280,-11.514,r&b
10281,-5.733,r&b
10282,-8.354,r&b
10283,-7.744,r&b
10284,-4.779,r&b
10285,-6.131,r&b
10286,-9.264,r&b
10287,-7.648,r&b
10288,-8.189,r&b
10289,-5.735,r&b
10290,-5.355,r&b
10291,-6.639,r&b
10292,-9.227,r&b
10293,-11.257,r&b
10294,-9.735,r&b
10295,-6.38,r&b
10296,-8.507,r&b
10297,-7.798,r&b
10298,-8.946,r&b
10299,-9.841,r&b
10300,-6.613,r&b
10305,-6.021,r&b
10306,-3.411,r&b
10307,-9.001,r&b
10308,-5.024,r&b
10309,-5.316,r&b
10310,-10.363,r&b
10311,-7.349,r&b
10312,-6.351,r&b
10313,-6.577,r&b
10314,-6.211,r&b
10315,-5.276,r&b
10316,-8.054,r&b
10317,-4.436,r&b
10321,-6.056,r&b
10322,-6.3,r&b
10339,-7.424,r&b
10340,-8.442,r&b
10341,-6.642,r&b
10342,-5.833,r&b
10343,-5.274,r&b
10344,-4.701,r&b
10345,-6.351,r&b
10346,-5.144,r&b
10347,-4.333,r&b
11203,-11.798,r&b
11204,-9.038,r&b
11205,-7.762,r&b
11206,-7.266,r&b
11207,-11.264,r&b
11214,-8.084,r&b
11215,-8.821,r&b
11216,-4.853,r&b
11217,-6.808,r&b
11218,-11.052,r&b
11219,-13.842,r&b
11220,-12.553,r&b
11221,-9.847,r&b
11222,-10.334,r&b
11223,-6.777,r&b
11224,-8.303,r&b
11225,-4.213,r&b
11226,-6.523,r&b
11227,-11.887,r&b
11228,-8.312,r&b
11231,-12.99,r&b
11232,-11.337,r&b
11233,-7.023,r&b
11234,-7.96,r&b
11235,-8.077,r&b
11239,-9.403,r&b
11240,-10.922,r&b
11241,-10.616,r&b
11242,-6.645,r&b
11243,-9.7,r&b
11244,-8.481,r&b
11245,-8.788,r&b
11256,-6.962,r&b
11257,-6.873,r&b
11258,-8.311,r&b
11259,-10.38,r&b
11260,-10.806,r&b
11261,-11.324,r&b
11262,-10.693,r&b
11263,-6.071,r&b
11264,-8.44,r&b
11265,-6.907,r&b
11266,-14.999,r&b
11267,-7.115,r&b
11268,-7.966,r&b
11269,-7.841,r&b
11270,-8.63,r&b
11273,-6.65,r&b
11274,-10.095,r&b
11275,-6.352,r&b
11276,-7.651,r&b
11277,-9.76,r&b
11281,-14.419,r&b
11282,-7.674,r&b
11291,-5.099,r&b
11292,-7.51,r&b
11293,-4.409,r&b
11294,-7.434,r&b
11295,-6.521,r&b
11296,-10.599,r&b
11297,-8.248,r&b
12450,-8.14,r&b
12451,-9.242,r&b
12452,-4.259,r&b
12453,-10.525,r&b
12463,-9.544,r&b
12464,-5.619,r&b
12465,-5.704,r&b
12466,-8.999,r&b
12467,-6.027,r&b
12468,-4.719,r&b
12469,-8.393,r&b
12470,-8.356,r&b
12471,-10.203,r&b
12472,-6.187,r&b
12473,-8.406,r&b
12474,-6.172,r&b
12475,-14.022,r&b
12476,-6.822,r&b
12477,-9.908,r&b
12478,-7.087,r&b
12479,-7.124,r&b
12480,-5.964,r&b
12481,-3.607,r&b
12482,-7.001,r&b
12483,-10.601,r&b
12484,-6.835,r&b
12485,-6.156,r&b
12486,-16.949,r&b
12487,-6.211,r&b
12488,-8.073,r&b
12489,-6.699,r&b
12490,-8.145,r&b
12491,-9.554,r&b
12492,-8.379,r&b
12493,-6.06,r&b
12494,-6.106,r&b
12495,-11.781,r&b
12496,-8.045,r&b
12497,-6.603,r&b
12504,-7.894,r&b
12505,-8.559,r&b
12506,-4.396,r&b
12507,-7.539,r&b
12508,-5.534,r&b
12575,-5.441,r&b
12576,-7.36,r&b
12577,-11.106,r&b
12578,-8.226,r&b
12579,-5.233,r&b
12580,-6.202,r&b
12581,-5.376,r&b
12582,-7.986,r&b
12583,-4.964,r&b
12584,-8.654,r&b
12585,-10.489,r&b
12586,-11.641,r&b
12587,-6.955,r&b
12588,-11.264,r&b
12589,-9.894,r&b
12590,-5.631,r&b
12591,-6.059,r&b
12592,-8.138,r&b
12593,-10.875,r&b
12594,-7.929,r&b
12595,-9.167,r&b
12596,-9.469,r&b
12597,-8.083,r&b
12598,-8.943,r&b
12599,-9.506,r&b
12600,-2.664,r&b
12601,-10.889,r&b
12602,-8.043,r&b
12603,-6.919,r&b
12604,-13.587,r&b
12605,-7.265,r&b
12606,-5.65,r&b
12607,-9.242,r&b
12608,-6.721,r&b
12984,-9.174,r&b
12985,-6.137,r&b
12986,-7.019,r&b
12987,-9.644,r&b
12988,-7.775,r&b
12989,-9.828,r&b
12990,-4.213,r&b
12991,-4.63,r&b
12992,-6.69,r&b
12995,-4.573,r&b
12996,-5.366,r&b
12997,-4.538,r&b
12998,-6.577,r&b
12999,-8.053,r&b
13000,-5.482,r&b
13001,-6.464,r&b
13002,-5.115,r&b
13003,-7.123,r&b
13004,-5.807,r&b
13005,-4.934,r&b
13006,-7.063,r&b
13007,-5.624,r&b
13008,-14.154,r&b
13009,-5.238,r&b
13010,-4.204,r&b
13011,-7.83,r&b
13012,-8.612,r&b
13013,-4.933,r&b
13014,-6.077,r&b
13015,-5.791,r&b
13016,-7.621,r&b
13017,-4.989,r&b
13018,-3.606,r&b
13019,-4.127,r&b
13020,-6.268,r&b
13021,-7.365,r&b
13022,-7.076,r&b
13023,-7.842,r&b
13024,-6.237,r&b
13025,-7.985,r&b
13026,-7.317,r&b
13027,-5.685,r&b
13028,-11.138,r&b
13029,-8.237,r&b
13030,-4.369,r&b
13031,-4.547,r&b
13032,-6.318,r&b
13033,-4.567,r&b
13034,-7.276,r&b
13042,-5.651,r&b
13043,-5.771,r&b
13044,-5.411,r&b
13045,-5.404,r&b
13056,-4.332,r&b
13057,-5.232,r&b
13058,-4.323,r&b
13118,-7.524,r&b
13119,-7.005,r&b
13120,-5.536,r&b
13121,-5.45,r&b
13122,-4.343,r&b
13133,-9.281,r&b
13134,-13.986,r&b
13135,-12.517,r&b
13136,-8.448,r&b
13137,-14.918,r&b
13138,-7.991,r&b
13139,-7.811,r&b
13140,-8.404,r&b
13141,-6.169,r&b
13142,-7.932,r&b
13143,-8.03,r&b
13144,-8.882,r&b
13145,-5.479,r&b
13146,-8.458,r&b
13147,-12.805,r&b
13148,-9.236,r&b
13149,-9.566,r&b
13150,-7.518,r&b
13151,-10.951,r&b
13152,-6.608,r&b
13153,-12.102,r&b
13154,-12.788,r&b
13155,-4.634,r&b
13156,-7.759,r&b
13157,-8.111,r&b
13158,-9.565,r&b
13159,-10.53,r&b
13160,-8.025,r&b
13161,-5.055,r&b
13162,-5.068,r&b
13163,-9.671,r&b
13164,-4.588,r&b
13165,-9.895,r&b
13166,-5.576,r&b
13167,-9.119,r&b
13168,-8.364,r&b
13169,-7.293,r&b
13170,-5.179,r&b
13171,-10.161,r&b
13172,-6.767,r&b
13173,-8.565,r&b
13174,-8.207,r&b
13175,-8.197,r&b
13176,-7.869,r&b
13177,-15.124,r&b
13178,-8.838,r&b
13179,-9.239,r&b
13180,-7.075,r&b
13181,-11.289,r&b
13182,-9.86,r&b
13183,-6.113,r&b
13184,-12.402,r&b
13185,-16.936,r&b
13186,-10.563,r&b
13187,-3.436,r&b
13188,-11.157,r&b
13189,-9.961,r&b
13190,-7.037,r&b
13208,-8.483,r&b
13209,-6.916,r&b
13210,-5.998,r&b
13211,-6.603,r&b
13212,-11.123,r&b
13213,-7.981,r&b
13214,-12.785,r&b
13215,-7.085,r&b
13450,-8.619,r&b
13451,-9.125,r&b
13452,-9.135,r&b
13453,-12.611,r&b
13454,-8.763,r&b
14589,-6.499,r&b
14590,-4.554,r&b
14591,-10.012,r&b
14592,-9.801,r&b
14593,-11.014,r&b
14596,-6.4,r&b
14611,-7.767,r&b
14612,-7.851,r&b
14613,-9.725,r&b
14614,-9.891,r&b
14615,-11.101,r&b
14616,-9.217,r&b
14617,-6.918,r&b
14618,-5.62,r&b
14619,-8.087,r&b
14620,-3.862,r&b
14621,-3.91,r&b
14622,-9.043,r&b
14623,-6.784,r&b
14624,-7.416,r&b
14625,-11.007,r&b
14626,-5.407,r&b
14627,-4.437,r&b
14628,-7.519,r&b
14629,-7.024,r&b
14630,-8.1,r&b
14631,-7.225,r&b
14632,-4.495,r&b
14633,-4.179,r&b
14634,-5.281,r&b
14635,-5.967,r&b
14636,-9.135,r&b
14637,-6.233,r&b
14638,-8.888,r&b
14640,-9.537,r&b
14641,-9.883,r&b
14642,-4.86,r&b
14643,-11.136,r&b
14644,-7.103,r&b
14645,-10.744,r&b
14646,-8.018,r&b
14647,-3.957,r&b
14648,-6.455,r&b
14649,-8.383,r&b
14650,-8.258,r&b
14651,-8.374,r&b
14652,-6.366,r&b
14653,-10.097,r&b
14654,-6.407,r&b
14655,-7.409,r&b
14656,-6.108,r&b
14657,-7.303,r&b
14658,-12.954,r&b
14659,-6.189,r&b
14660,-5.776,r&b
14661,-4.692,r&b
14662,-3.669,r&b
14663,-8.448,r&b
14664,-5.691,r&b
14665,-9.102,r&b
14666,-13.881,r&b
14667,-10.757,r&b
14668,-6.305,r&b
14669,-7.808,r&b
14670,-7.449,r&b
14682,-7.94,r&b
14694,-8.886,r&b
14810,-7.485,r&b
14811,-7.481,r&b
14812,-5.916,r&b
14813,-8.678,r&b
14822,-7.845,r&b
14823,-8.983,r&b
14824,-8.065,r&b
14844,-5.505,r&b
14845,-9.092,r&b
14846,-7.701,r&b
14847,-10.001,r&b
14848,-5.792,r&b
14849,-7.397,r&b
14850,-7.471,r&b
14851,-7.718,r&b
14852,-6.98,r&b
14853,-5.468,r&b
14854,-9.113,r&b
14855,-6.994,r&b
14856,-10.504,r&b
14857,-11.752,r&b
14981,-4.743,r&b
14993,-8.134,r&b
14994,-8.349,r&b
14995,-6.175,r&b
14996,-11.155,r&b
14997,-11.949,r&b
14998,-6.938,r&b
14999,-3.696,r&b
15000,-6.792,r&b
15001,-15.815,r&b
15002,-8.549,r&b
15003,-10.134,r&b
15004,-6.134,r&b
15005,-7.474,r&b
15006,-8.775,r&b
15007,-10.251,r&b
15008,-8.212,r&b
15009,-7.245,r&b
15010,-7.938,r&b
15011,-9.348,r&b
15012,-12.033,r&b
15013,-6.68,r&b
15014,-8.635,r&b
15015,-11.266,r&b
15016,-7.103,r&b
15017,-9.451,r&b
15018,-6.68,r&b
15019,-9.714,r&b
15020,-4.456,r&b
15021,-8.33,r&b
15022,-8.818,r&b
15033,-6.749,r&b
15034,-5.68,r&b
15035,-11.796,r&b
15036,-11.132,r&b
15086,-5.61,r&b
15087,-7.062,r&b
15088,-9.54,r&b
15089,-5.002,r&b
15090,-8.521,r&b
15091,-8.066,r&b
15092,-7.424,r&b
15093,-6.714,r&b
15094,-5.794,r&b
15095,-5.279,r&b
15096,-4.964,r&b
15098,-8.911,r&b
15099,-4.023,r&b
15100,-5.562,r&b
15116,-7.143,r&b
15122,-12.363,r&b
15123,-11.577,r&b
15124,-9.194,r&b
15125,-4.604,r&b
15126,-4.469,r&b
15127,-8.095,r&b
15128,-5.634,r&b
15129,-6.291,r&b
15130,-8.986,r&b
15135,-9.649,r&b
15144,-6.634,r&b
15145,-8.676,r&b
15146,-4.961,r&b
15157,-5.738,r&b
15158,-3.755,r&b
15159,-8.103,r&b
15160,-8.592,r&b
15503,-6.959,r&b
15504,-5.603,r&b
15505,-8.238,r&b
15506,-4.243,r&b
15507,-1.299,r&b
15508,-3.872,r&b
15509,-7.165,r&b
15510,-6.393,r&b
15511,-3.041,r&b
15515,-4.938,r&b
15516,-6.639,r&b
15517,-5.909,r&b
15518,-4.728,r&b
15519,-4.506,r&b
15520,-9.369,r&b
15521,-3.024,r&b
15522,-5.46,r&b
15523,-4.052,r&b
15524,-2.398,r&b
15525,-5.758,r&b
15526,-4.802,r&b
15527,-4.67,r&b
15528,-8.399,r&b
15529,-7.678,r&b
15530,-5.725,r&b
15531,-4.983,r&b
15532,-7.577,r&b
15533,-4.753,r&b
15534,-4.143,r&b
15535,-5.305,r&b
15536,-6.347,r&b
15537,-4.551,r&b
15538,-8.23,r&b
15539,-5.134,r&b
15540,-7.674,r&b
15541,-5.0,r&b
15542,-3.005,r&b
15543,-6.306,r&b
15544,-2.663,r&b
15545,-7.161,r&b
15546,-4.369,r&b
15547,-5.446,r&b
15548,-8.336,r&b
15549,-7.029,r&b
15550,-6.099,r&b
15551,-4.958,r&b
15552,-7.043,r&b
15553,-10.02,r&b
15554,-3.702,r&b
15555,-6.569,r&b
15556,-7.457,r&b
15557,-5.564,r&b
15558,-6.957,r&b
15559,-5.008,r&b
15565,-5.899,r&b
15566,-5.873,r&b
15567,-9.91,r&b
15568,-5.757,r&b
15569,-11.964,r&b
15837,-6.787,r&b
15838,-4.49,r&b
15839,-6.503,r&b
15840,-8.042,r&b
15847,-4.976,r&b
15848,-8.883,r&b
15849,-12.614,r&b
15850,-7.632,r&b
15853,-8.921,r&b
15854,-5.662,r&b
15855,-5.98,r&b
15856,-8.366,r&b
15857,-5.835,r&b
15858,-6.757,r&b
15867,-8.703,r&b
15868,-5.032,r&b
15869,-8.747,r&b
15870,-6.197,r&b
15871,-14.023,r&b
15872,-8.162,r&b
15879,-7.532,r&b
15880,-9.537,r&b
15881,-8.212,r&b
15882,-7.537,r&b
15883,-9.092,r&b
15884,-4.79,r&b
15885,-7.029,r&b
15886,-8.061,r&b
15895,-3.092,r&b
15896,-5.118,r&b
15897,-6.498,r&b
15898,-7.804,r&b
15899,-10.079,r&b
15938,-5.431,r&b
15939,-7.784,r&b
15940,-6.612,r&b
15949,-8.335,r&b
15950,-7.338,r&b
15963,-6.638,r&b
15964,-12.264,r&b
15965,-9.029,r&b
15966,-10.16,r&b
15967,-9.747,r&b
15968,-7.999,r&b
15969,-8.478,r&b
15970,-8.5,r&b
15971,-6.867,r&b
15972,-7.741,r&b
15973,-7.678,r&b
15974,-11.558,r&b
15975,-11.791,r&b
15976,-9.871,r&b
15977,-10.022,r&b
15978,-7.755,r&b
15979,-9.086,r&b
15980,-6.143,r&b
15981,-8.112,r&b
15982,-5.286,r&b
15983,-12.731,r&b
15984,-9.22,r&b
15985,-5.315,r&b
15986,-6.742,r&b
15987,-7.853,r&b
15988,-12.129,r&b
15989,-11.799,r&b
15990,-6.003,r&b
15991,-4.778,r&b
15992,-7.395,r&b
15993,-8.699,r&b
15994,-7.584,r&b
15995,-10.087,r&b
15996,-6.759,r&b
15997,-9.295,r&b
16012,-5.914,r&b
16013,-8.971,r&b
16014,-7.931,r&b
16015,-8.215,r&b
16016,-6.226,r&b
16032,-8.116,r&b
16033,-8.513,r&b
16339,-9.374,r&b
16340,-13.194,r&b
16341,-9.76,r&b
16342,-7.155,r&b
16343,-5.862,r&b
16344,-7.048,r&b
16345,-3.927,r&b
16346,-12.328,r&b
16347,-11.232,r&b
16348,-5.952,r&b
16349,-7.924,r&b
16350,-9.115,r&b
16351,-7.346,r&b
16352,-6.944,r&b
16353,-10.96,r&b
16354,-4.896,r&b
16355,-3.344,r&b
16356,-16.019,r&b
16357,-7.319,r&b
16358,-5.109,r&b
16359,-6.438,r&b
16431,-5.655,r&b
16432,-9.484,r&b
16433,-11.784,r&b
16434,-9.445,r&b
16435,-4.288,r&b
16436,-8.819,r&b
16437,-9.481,r&b
16438,-12.598,r&b
16439,-7.509,r&b
16440,-12.932,r&b
16441,-7.268,r&b
16442,-6.04,r&b
16443,-8.784,r&b
16444,-8.942,r&b
16445,-10.488,r&b
16446,-6.255,r&b
16447,-10.48,r&b
16448,-9.663,r&b
16449,-3.438,r&b
16450,-5.717,r&b
16451,-8.786,r&b
16452,-7.702,r&b
16453,-11.232,r&b
16454,-15.182,r&b
16455,-8.216,r&b
16456,-6.724,r&b
16457,-13.884,r&b
16458,-8.651,r&b
16459,-9.952,r&b
16460,-6.696,r&b
16461,-4.78,r&b
16462,-8.346,r&b
16463,-3.75,r&b
16464,-10.976,r&b
16465,-7.435,r&b
16466,-5.69,r&b
16467,-4.267,r&b
16468,-5.763,r&b
16469,-10.31,r&b
16470,-8.804,r&b
16471,-7.422,r&b
16472,-9.599,r&b
16473,-3.657,r&b
16474,-14.346,r&b
16475,-7.328,r&b
16476,-6.486,r&b
16477,-6.166,r&b
16478,-4.412,r&b
16479,-6.838,r&b
16480,-6.823,r&b
16481,-9.965,r&b
16482,-1.915,r&b
16483,-6.239,r&b
16484,-6.863,r&b
16485,-6.537,r&b
16486,-10.722,r&b
16487,-9.359,r&b
19009,-13.489,r&b
19010,-7.071,r&b
19011,-11.736,r&b
19012,-8.45,r&b
19013,-8.039,r&b
19014,-10.375,r&b
19015,-12.327,r&b
19016,-13.656,r&b
19017,-13.212,r&b
19018,-8.407,r&b
19019,-23.035,r&b
19020,-7.19,r&b
19021,-11.776,r&b
19022,-7.053,r&b
19023,-9.301,r&b
19024,-9.889,r&b
19025,-12.151,r&b
19026,-10.196,r&b
19027,-14.664,r&b
19028,-12.372,r&b
19029,-7.211,r&b
19030,-10.926,r&b
19031,-9.152,r&b
19032,-16.528,r&b
19033,-7.183,r&b
19034,-8.751,r&b
19035,-5.552,r&b
19036,-8.347,r&b
19037,-4.248,r&b
19038,-12.679,r&b
19039,-6.663,r&b
19040,-14.07,r&b
19041,-6.619,r&b
19042,-10.193,r&b
19043,-11.624,r&b
19044,-2.981,r&b
19045,-4.093,r&b
19046,-10.972,r&b
19047,-12.333,r&b
19048,-10.85,r&b
19049,-10.395,r&b
19050,-5.884,r&b
19051,-12.683,r&b
19052,-10.48,r&b
19053,-5.915,r&b
19054,-5.894,r&b
19055,-8.772,r&b
19056,-9.141,r&b
19057,-9.273,r&b
19058,-9.503,r&b
19059,-11.177,r&b
19060,-10.491,r&b
19061,-12.732,r&b
19062,-6.605,r&b
19063,-12.564,r&b
19064,-5.988,r&b
19065,-9.771,r&b
19066,-5.107,r&b
19067,-6.836,r&b
19068,-12.061,r&b
19069,-8.217,r&b
19070,-7.374,r&b
19071,-18.248,r&b
19072,-9.913,r&b
19073,-9.795,r&b
19074,-4.459,r&b
19075,-12.494,r&b
19076,-8.741,r&b
19106,-6.469,r&b
19107,-12.719,r&b
19108,-9.135,r&b
19109,-8.534,r&b
19110,-8.086,r&b
19111,-8.122,r&b
19112,-9.621,r&b
19128,-15.009,r&b
19137,-8.236,r&b
19138,-4.733,r&b
19139,-5.059,r&b
19140,-8.188,r&b
19141,-6.269,r&b
19142,-5.033,r&b
19143,-7.158,r&b
19144,-6.435,r&b
19145,-9.486,r&b
19146,-6.822,r&b
19147,-16.247,r&b
19148,-6.337,r&b
19149,-9.875,r&b
19150,-7.196,r&b
19151,-10.398,r&b
19152,-9.22,r&b
19153,-5.879,r&b
19158,-10.484,r&b
19160,-9.039,r&b
19161,-6.179,r&b
19162,-7.738,r&b
19163,-8.283,r&b
19164,-7.162,r&b
19165,-13.131,r&b
19166,-7.246,r&b
19167,-5.805,r&b
19168,-7.944,r&b
19169,-7.922,r&b
19170,-5.457,r&b
19171,-9.221,r&b
19172,-8.881,r&b
19173,-9.663,r&b
19174,-8.273,r&b
19175,-8.215,r&b
19176,-6.662,r&b
19177,-8.559,r&b
19178,-8.805,r&b
19179,-5.248,r&b
19180,-9.414,r&b
19181,-6.804,r&b
19182,-6.858,r&b
19183,-8.108,r&b
19184,-7.667,r&b
19185,-5.294,r&b
19186,-7.233,r&b
19187,-7.009,r&b
19188,-10.456,r&b
19190,-7.662,r&b
19191,-5.959,r&b
19192,-7.324,r&b
19193,-7.555,r&b
19194,-14.931,r&b
19195,-11.898,r&b
19196,-9.693,r&b
19197,-8.613,r&b
19199,-13.093,r&b
19200,-12.075,r&b
19201,-12.068,r&b
19207,-8.714,r&b
19216,-9.949,r&b
19217,-11.043,r&b
19218,-5.817,r&b
19219,-13.674,r&b
19220,-9.046,r&b
19225,-10.989,r&b
19226,-13.145,r&b
19227,-10.13,r&b
19228,-8.971,r&b
19229,-10.426,r&b
19230,-19.756,r&b
19231,-9.354,r&b
19232,-9.562,r&b
19246,-7.229,r&b
19247,-8.547,r&b
19248,-6.67,r&b
19320,-8.359,r&b
19321,-7.15,r&b
19322,-4.986,r&b
19323,-5.334,r&b
19324,-4.161,r&b
19325,-3.664,r&b
19327,-7.422,r&b
19335,-6.79,r&b
19336,-6.722,r&b
19337,-5.28,r&b
19338,-11.705,r&b
19339,-6.311,r&b
19340,-5.434,r&b
19341,-6.8,r&b
19342,-6.659,r&b
19343,-6.448,r&b
19345,-12.285,r&b
19350,-7.253,r&b
19351,-7.614,r&b
19382,-4.87,r&b
19383,-7.758,r&b
19384,-6.44,r&b
19385,-6.231,r&b
19386,-6.543,r&b
19387,-7.684,r&b
19388,-5.997,r&b
19389,-4.655,r&b
19390,-10.959,r&b
19391,-10.75,r&b
19392,-6.282,r&b
19393,-6.777,r&b
19394,-7.976,r&b
19395,-11.158,r&b
19396,-3.93,r&b
19397,-4.808,r&b
19398,-8.668,r&b
19399,-6.847,r&b
19400,-6.557,r&b
19401,-4.363,r&b
19402,-5.494,r&b
19403,-4.177,r&b
19404,-4.193,r&b
19405,-4.353,r&b
19406,-4.185,r&b
19407,-5.013,r&b
19408,-6.059,r&b
19409,-3.324,r&b
19410,-5.693,r&b
19411,-7.56,r&b
19412,-3.163,r&b
19413,-4.211,r&b
19414,-4.916,r&b
19415,-4.964,r&b
19432,-5.27,r&b
19433,-5.427,r&b
19434,-7.032,r&b
19435,-5.049,r&b
19436,-4.266,r&b
19437,-8.829,r&b
19438,-8.102,r&b
19439,-4.074,r&b
19440,-5.614,r&b
19441,-6.815,r&b
19442,-8.165,r&b
19443,-6.01,r&b
19444,-8.864,r&b
19449,-9.579,r&b
19458,-6.247,r&b
19460,-5.023,r&b
19461,-5.003,r&b
19462,-8.741,r&b
19463,-5.637,r&b
19464,-5.666,r&b
19465,-4.168,r&b
19466,-13.779,r&b
19473,-11.649,r&b
19475,-5.455,r&b
19476,-7.099,r&b
19477,-4.198,r&b
19478,-5.897,r&b
19479,-6.037,r&b
19482,-5.137,r&b
19483,-10.477,r&b
19484,-6.168,r&b
19485,-5.649,r&b
19486,-5.796,r&b
19487,-9.354,r&b
19488,-10.394,r&b
19489,-7.584,r&b
19490,-9.306,r&b
19491,-10.125,r&b
19492,-4.652,r&b
19493,-5.537,r&b
19494,-5.151,r&b
19495,-7.11,r&b
19496,-7.073,r&b
19497,-8.462,r&b
19498,-6.491,r&b
19499,-9.637,r&b
19500,-8.945,r&b
19501,-6.194,r&b
19502,-4.869,r&b
19503,-3.964,r&b
19504,-6.221,r&b
19505,-6.893,r&b
19506,-3.237,r&b
19507,-5.971,r&b
19508,-7.69,r&b
19509,-7.548,r&b
19510,-3.89,r&b
19511,-8.684,r&b
19512,-5.084,r&b
19513,-1.919,r&b
19514,-4.033,r&b
19515,-4.646,r&b
19516,-8.426,r&b
19518,-5.061,r&b
19519,-8.847,r&b
19520,-4.717,r&b
19521,-4.905,r&b
19526,-2.801,r&b
19532,-6.396,r&b
19533,-5.334,r&b
19534,-8.155,r&b
19535,-4.262,r&b
19536,-6.784,r&b
19537,-11.04,r&b
19538,-6.017,r&b
19539,-8.27,r&b
19540,-7.628,r&b
19541,-7.147,r&b
19542,-3.837,r&b
19543,-6.347,r&b
19544,-4.727,r&b
19545,-10.011,r&b
19546,-6.302,r&b
19547,-6.728,r&b
19548,-9.106,r&b
19549,-5.173,r&b
19550,-6.951,r&b
19551,-6.958,r&b
19552,-6.566,r&b
19553,-6.827,r&b
19554,-8.205,r&b
19555,-4.872,r&b
19556,-7.214,r&b
19557,-5.695,r&b
19558,-6.075,r&b
19559,-9.876,r&b
19560,-8.116,r&b
19561,-9.191,r&b
19562,-8.553,r&b
19563,-8.99,r&b
19565,-4.15,r&b
19566,-5.383,r&b
19567,-5.0,r&b
19568,-5.008,r&b
19572,-9.885,r&b
19575,-9.838,r&b
19576,-7.732,r&b
19581,-20.376,r&b
19582,-8.941,r&b
19583,-11.421,r&b
19584,-4.325,r&b
19585,-5.501,r&b
19586,-5.83,r&b
19587,-5.85,r&b
19588,-5.7,r&b
19589,-8.79,r&b
19590,-8.779,r&b
19591,-8.902,r&b
19592,-8.388,r&b
19593,-15.295,r&b
19594,-11.361,r&b
19595,-3.39,r&b
19596,-9.231,r&b
19597,-6.844,r&b
19598,-8.503,r&b
19599,-12.014,r&b
19600,-10.499,r&b
19601,-3.556,r&b
19602,-8.856,r&b
19603,-7.541,r&b
19604,-6.954,r&b
19605,-7.333,r&b
19606,-6.077,r&b
19607,-6.775,r&b
19608,-13.473,r&b
19609,-12.136,r&b
19610,-5.616,r&b
19611,-7.373,r&b
19614,-10.833,r&b
19615,-5.801,r&b
19616,-10.248,r&b
19617,-13.487,r&b
19618,-10.533,r&b
19619,-6.521,r&b
19620,-10.831,r&b
19621,-3.615,r&b
19622,-7.194,r&b
19623,-9.494,r&b
19624,-5.968,r&b
19625,-10.688,r&b
19626,-7.153,r&b
19627,-7.244,r&b
19628,-6.997,r&b
19629,-7.03,r&b
19630,-4.61,r&b
19631,-7.652,r&b
19632,-10.8,r&b
19633,-2.552,r&b
19634,-9.481,r&b
19635,-4.082,r&b
19636,-6.312,r&b
19637,-7.403,r&b
19638,-7.94,r&b
19639,-2.955,r&b
19640,-8.446,r&b
19641,-7.824,r&b
19642,-3.092,r&b
19643,-6.491,r&b
19644,-6.432,r&b
19645,-7.547,r&b
19646,-7.368,r&b
19647,-3.952,r&b
19668,-9.468,r&b
19669,-9.544,r&b
19670,-9.236,r&b
19671,-7.863,r&b
19710,-6.356,r&b
19718,-10.311,r&b
19719,-9.686,r&b
19720,-17.046,r&b
19721,-5.939,r&b
19722,-5.542,r&b
19723,-3.759,r&b
19724,-8.858,r&b
19725,-9.257,r&b
19726,-5.224,r&b
19727,-7.124,r&b
19728,-8.662,r&b
19729,-7.426,r&b
19730,-6.967,r&b
19731,-8.187,r&b
19732,-8.161,r&b
19733,-4.802,r&b
19734,-6.221,r&b
19735,-7.604,r&b
19736,-7.615,r&b
19737,-12.183,r&b
19738,-5.534,r&b
19739,-11.141,r&b
19740,-8.205,r&b
19741,-5.947,r&b
19742,-6.546,r&b
19743,-6.237,r&b
19744,-8.943,r&b
19745,-5.091,r&b
19746,-7.577,r&b
19747,-7.395,r&b
19748,-9.492,r&b
19749,-8.484,r&b
19750,-7.12,r&b
19751,-5.631,r&b
19752,-6.776,r&b
19753,-4.688,r&b
19754,-7.078,r&b
19755,-4.697,r&b
19756,-8.408,r&b
19757,-9.379,r&b
19758,-6.827,r&b
19759,-8.201,r&b
19760,-11.64,r&b
19761,-5.618,r&b
19762,-9.35,r&b
19763,-7.105,r&b
19764,-5.912,r&b
19765,-8.404,r&b
19766,-10.078,r&b
19767,-6.668,r&b
19768,-10.88,r&b
19769,-11.881,r&b
19770,-8.582,r&b
19771,-8.56,r&b
19772,-4.375,r&b
19773,-9.521,r&b
19774,-9.312,r&b
19775,-9.89,r&b
19776,-6.652,r&b
19777,-6.493,r&b
19778,-6.582,r&b
19779,-8.522,r&b
19780,-5.351,r&b
19781,-7.975,r&b
19782,-7.851,r&b
19783,-6.102,r&b
19784,-7.437,r&b
19785,-7.946,r&b
19786,-5.06,r&b
19830,-6.242,r&b
19831,-5.224,r&b
19832,-7.407,r&b
19833,-5.729,r&b
19834,-6.423,r&b
19835,-4.803,r&b
19836,-5.025,r&b
19837,-4.454,r&b
19838,-6.051,r&b
19839,-8.702,r&b
19840,-6.553,r&b
19841,-6.286,r&b
19842,-9.088,r&b
19843,-6.76,r&b
19844,-5.552,r&b
19845,-9.08,r&b
19846,-8.644,r&b
19848,-7.231,r&b
19849,-3.99,r&b
19850,-11.88,r&b
19851,-8.789,r&b
19852,-8.414,r&b
19853,-5.649,r&b
19854,-8.214,r&b
19855,-6.194,r&b
19856,-5.867,r&b
19858,-6.831,r&b
19859,-7.875,r&b
19860,-7.392,r&b
19861,-8.516,r&b
19862,-5.42,r&b
19863,-7.34,r&b
19864,-6.907,r&b
19881,-7.604,r&b
19883,-8.527,r&b
19884,-7.469,r&b
19885,-7.104,r&b
19886,-3.944,r&b
19887,-6.207,r&b
19888,-7.0,r&b
19889,-5.198,r&b
19890,-5.571,r&b
19891,-4.05,r&b
19892,-8.337,r&b
19893,-7.79,r&b
19894,-6.527,r&b
19895,-5.371,r&b
19896,-8.43,r&b
19897,-3.47,r&b
19898,-4.597,r&b
19899,-6.333,r&b
19900,-5.429,r&b
19901,-5.553,r&b
19902,-7.831,r&b
19903,-4.629,r&b
19904,-4.089,r&b
19905,-7.197,r&b
19906,-3.165,r&b
19907,-6.643,r&b
19908,-5.261,r&b
19909,-6.328,r&b
19910,-4.885,r&b
19911,-4.114,r&b
19912,-4.704,r&b
19913,-4.681,r&b
19914,-6.891,r&b
19915,-5.528,r&b
19916,-4.139,r&b
19917,-5.879,r&b
19918,-5.937,r&b
19919,-6.612,r&b
19921,-9.303,r&b
19927,-5.502,r&b
19937,-7.578,r&b
19938,-5.052,r&b
19939,-6.398,r&b
19945,-8.501,r&b
19953,-5.36,r&b
19954,-5.723,r&b
19955,-4.801,r&b
19956,-5.519,r&b
19957,-9.832,r&b
19958,-5.71,r&b
19959,-6.707,r&b
19960,-7.592,r&b
19961,-5.425,r&b
19962,-7.069,r&b
19963,-4.099,r&b
19964,-6.185,r&b
19965,-5.571,r&b
19966,-4.516,r&b
19967,-6.158,r&b
19968,-6.553,r&b
19969,-6.883,r&b
19970,-5.123,r&b
19971,-7.333,r&b
19974,-5.342,r&b
19975,-6.058,r&b
19981,-6.792,r&b
19990,-7.363,r&b
19991,-4.546,r&b
19992,-6.348,r&b
19993,-4.354,r&b
19994,-7.921,r&b
19995,-3.796,r&b
19996,-5.119,r&b
19997,-6.448,r&b
19998,-8.637,r&b
19999,-3.234,r&b
20000,-5.682,r&b
20001,-6.896,r&b
20002,-5.256,r&b
20003,-3.412,r&b
20004,-6.259,r&b
20005,-9.5,r&b
20006,-4.162,r&b
20007,-3.429,r&b
20008,-5.276,r&b
20009,-8.199,r&b
20010,-4.369,r&b
20011,-6.178,r&b
20012,-4.86,r&b
20013,-5.676,r&b
20014,-4.779,r&b
20015,-5.859,r&b
20016,-6.749,r&b
20018,-7.231,r&b
20019,-5.854,r&b
20020,-5.473,r&b
20021,-7.843,r&b
20022,-5.656,r&b
20023,-5.844,r&b
20024,-7.093,r&b
20025,-5.799,r&b
20266,-4.525,r&b
20546,-16.351,r&b
20547,-14.014,r&b
20548,-5.73,r&b
20549,-8.392,r&b
20550,-6.441,r&b
20551,-9.956,r&b
20552,-5.474,r&b
20553,-10.372,r&b
20554,-5.383,r&b
20555,-5.108,r&b
20556,-4.828,r&b
20557,-8.088,r&b
20558,-8.323,r&b
20559,-5.827,r&b
20560,-5.739,r&b
20561,-4.458,r&b
20562,-11.442,r&b
20563,-11.392,r&b
20564,-4.971,r&b
20565,-8.588,r&b
20566,-6.973,r&b
20567,-9.655,r&b
20568,-11.419,r&b
20569,-6.58,r&b
20570,-5.266,r&b
20571,-5.324,r&b
20572,-2.688,r&b
20573,-6.999,r&b
20574,-4.28,r&b
20575,-9.251,r&b
20576,-9.426,r&b
20577,-5.776,r&b
20578,-6.917,r&b
20579,-6.765,r&b
20580,-8.156,r&b
20581,-6.928,r&b
20582,-2.931,r&b
20583,-8.74,r&b
20584,-5.837,r&b
20585,-7.822,r&b
20586,-8.67,r&b
20587,-5.53,r&b
20588,-7.8,r&b
20589,-3.003,r&b
20590,-3.899,r&b
20591,-5.943,r&b
20592,-8.564,r&b
20593,-9.667,r&b
20594,-5.467,r&b
20595,-5.214,r&b
20596,-4.632,r&b
20597,-4.229,r&b
20598,-8.888,r&b
20599,-4.425,r&b
20600,-6.736,r&b
20601,-10.129,r&b
20602,-4.284,r&b
20603,-8.055,r&b
20604,-6.29,r&b
20605,-6.555,r&b
20606,-6.09,r&b
20607,-8.045,r&b
20608,-5.307,r&b
20609,-4.781,r&b
20610,-5.54,r&b
20611,-8.705,r&b
20612,-5.805,r&b
20613,-9.151,r&b
20614,-8.058,r&b
20615,-5.011,r&b
20616,-5.619,r&b
20617,-4.341,r&b
20618,-8.684,r&b
20619,-5.969,r&b
20620,-3.346,r&b
20621,-3.801,r&b
20622,-7.372,r&b
20623,-4.413,r&b
20624,-7.822,r&b
20625,-7.632,r&b
20626,-7.075,r&b
20627,-11.58,r&b
20628,-6.645,r&b
20629,-8.809,r&b
20630,-4.885,r&b
20631,-5.986,r&b
20632,-2.323,r&b
20633,-9.434,r&b
20634,-5.554,r&b
20635,-5.716,r&b
20636,-4.313,r&b
20637,-4.173,r&b
20638,-6.48,r&b
20639,-8.14,r&b
20640,-5.147,r&b
20641,-4.755,r&b
20642,-10.061,r&b
20643,-3.503,r&b
20644,-12.565,r&b
20645,-4.956,r&b
20646,-4.872,r&b
20647,-5.15,r&b
20648,-9.186,r&b
20649,-8.571,r&b
20650,-13.384,r&b
20651,-12.86,r&b
20652,-9.51,r&b
20653,-14.141,r&b
20654,-8.98,r&b
20655,-8.134,r&b
20656,-5.131,r&b
20657,-4.795,r&b
20658,-8.88,r&b
20659,-8.649,r&b
20660,-7.409,r&b
20661,-6.881,r&b
20663,-4.762,r&b
20664,-6.257,r&b
20665,-5.136,r&b
20666,-7.082,r&b
20667,-7.357,r&b
20668,-9.06,r&b
20669,-7.678,r&b
20670,-8.704,r&b
20671,-7.261,r&b
20672,-5.613,r&b
20673,-7.423,r&b
20674,-6.679,r&b
20675,-13.021,r&b
20676,-7.866,r&b
20677,-8.261,r&b
20678,-8.233,r&b
20679,-18.285,r&b
20680,-8.167,r&b
20681,-15.917,r&b
20682,-6.681,r&b
20683,-6.186,r&b
20684,-7.424,r&b
20685,-6.929,r&b
20686,-9.525,r&b
20687,-9.616,r&b
20688,-10.729,r&b
20689,-12.93,r&b
20690,-14.346,r&b
20691,-11.094,r&b
20692,-8.874,r&b
20693,-6.239,r&b
20694,-6.775,r&b
20695,-6.3,r&b
20696,-7.212,r&b
20697,-5.314,r&b
20701,-7.643,r&b
20702,-6.125,r&b
20703,-6.73,r&b
20704,-4.566,r&b
20705,-7.723,r&b
20706,-7.587,r&b
20707,-5.49,r&b
20708,-5.512,r&b
20709,-6.746,r&b
20710,-3.576,r&b
20711,-16.524,r&b
20712,-12.611,r&b
20713,-20.031,r&b
20714,-11.974,r&b
20715,-3.89,r&b
20716,-12.873,r&b
20717,-12.724,r&b
20718,-5.015,r&b
20719,-4.899,r&b
20720,-5.678,r&b
20721,-6.297,r&b
20722,-7.125,r&b
20723,-13.473,r&b
20724,-9.495,r&b
20725,-9.034,r&b
20726,-8.204,r&b
20727,-5.924,r&b
20728,-4.698,r&b
20729,-5.317,r&b
20730,-5.518,r&b
20731,-4.733,r&b
20732,-4.107,r&b
20733,-6.483,r&b
20734,-8.015,r&b
20735,-8.062,r&b
20736,-5.843,r&b
20737,-10.4,r&b
20738,-5.965,r&b
20739,-6.393,r&b
20740,-6.256,r&b
20741,-6.228,r&b
20742,-14.984,r&b
20743,-13.987,r&b
20744,-14.937,r&b
20745,-13.001,r&b
20746,-13.575,r&b
20747,-14.141,r&b
20748,-5.893,r&b
20752,-2.665,r&b
20753,-9.769,r&b
20754,-7.98,r&b
20755,-4.684,r&b
20756,-4.169,r&b
20757,-3.169,r&b
20766,-6.238,r&b
20767,-5.999,r&b
20768,-5.284,r&b
20769,-8.936,r&b
20770,-5.252,r&b
20771,-12.872,r&b
20772,-7.034,r&b
20773,-7.909,r&b
20774,-2.708,r&b
20776,-7.787,r&b
20777,-5.446,r&b
20783,-5.621,r&b
20787,-7.992,r&b
20788,-6.622,r&b
20789,-3.378,r&b
20791,-12.336,r&b
20792,-5.284,r&b
20793,-4.802,r&b
20794,-10.37,r&b
20795,-5.218,r&b
20806,-8.379,r&b
20817,-7.25,r&b
20818,-6.495,r&b
20819,-11.392,r&b
20820,-13.41,r&b
20821,-5.29,r&b
20826,-11.692,r&b
20827,-7.156,r&b
20828,-11.468,r&b
20829,-6.951,r&b
20830,-6.254,r&b
20831,-9.066,r&b
20832,-6.835,r&b
20833,-12.914,r&b
20834,-12.207,r&b
20835,-7.128,r&b
20836,-6.966,r&b
20837,-7.911,r&b
20838,-8.137,r&b
20853,-7.01,r&b
20864,-10.641,r&b
20865,-5.22,r&b
20866,-5.952,r&b
20867,-9.003,r&b
20868,-8.329,r&b
20869,-8.119,r&b
20870,-9.815,r&b
20871,-10.888,r&b
20872,-8.635,r&b
20873,-6.996,r&b
20874,-5.867,r&b
20875,-5.268,r&b
20876,-9.098,r&b
20877,-9.975,r&b
20878,-9.09,r&b
20879,-11.539,r&b
20880,-10.452,r&b
20881,-6.208,r&b
20882,-4.921,r&b
20883,-8.307,r&b
20884,-3.715,r&b
20885,-10.425,r&b
20886,-8.383,r&b
20887,-10.959,r&b
20888,-9.074,r&b
20889,-11.494,r&b
20890,-9.881,r&b
20891,-14.228,r&b
20892,-20.41,r&b
20893,-7.123,r&b
20894,-5.858,r&b
20895,-8.743,r&b
20896,-13.133,r&b
20897,-9.186,r&b
20898,-6.19,r&b
20899,-15.301,r&b
20900,-11.888,r&b
20901,-7.423,r&b
20902,-12.065,r&b
20903,-6.457,r&b
20904,-5.125,r&b
20905,-6.225,r&b
20906,-6.18,r&b
20907,-11.693,r&b
20908,-10.231,r&b
20910,-10.223,r&b
20911,-9.688,r&b
20912,-12.213,r&b
20913,-6.173,r&b
20914,-4.988,r&b
20915,-12.922,r&b
20916,-6.158,r&b
20917,-8.542,r&b
20918,-6.654,r&b
20919,-9.974,r&b
20920,-8.54,r&b
20921,-11.024,r&b
20922,-6.512,r&b
20923,-6.476,r&b
20924,-5.58,r&b
20925,-6.994,r&b
20926,-4.786,r&b
20927,-18.197,r&b
20928,-13.864,r&b
20929,-13.564,r&b
20930,-7.451,r&b
20931,-10.726,r&b
20936,-5.712,r&b
20937,-5.456,r&b
20938,-14.115,r&b
20939,-13.567,r&b
20940,-6.813,r&b
20941,-4.961,r&b
20942,-5.446,r&b
20943,-10.265,r&b
20945,-5.635,r&b
20946,-5.883,r&b
20947,-8.186,r&b
20948,-7.339,r&b
20964,-2.607,r&b
20978,-7.152,r&b
20979,-3.494,r&b
20986,-12.779,r&b
20987,-8.951,r&b
20988,-3.465,r&b
20990,-9.414,r&b
20991,-4.63,r&b
20992,-8.363,r&b
20993,-4.895,r&b
20994,-5.95,r&b
20995,-5.947,r&b
21017,-8.054,r&b
21018,-5.181,r&b
21019,-4.841,r&b
21277,-10.929,r&b
21278,-9.918,r&b
21279,-11.422,r&b
21280,-13.569,r&b
21281,-14.145,r&b
21282,-8.575,r&b
21283,-11.521,r&b
21284,-15.228,r&b
21285,-9.351,r&b
21286,-8.441,r&b
21287,-12.336,r&b
21288,-15.007,r&b
21289,-11.947,r&b
21290,-10.446,r&b
21291,-11.417,r&b
21292,-8.904,r&b
21293,-5.121,r&b
21294,-7.685,r&b
21295,-8.705,r&b
21296,-8.367,r&b
21297,-16.541,r&b
21298,-22.988,r&b
21299,-11.21,r&b
21300,-7.413,r&b
21301,-7.364,r&b
21302,-9.64,r&b
21303,-10.594,r&b
21304,-8.822,r&b
21305,-10.013,r&b
21306,-4.701,r&b
21307,-6.899,r&b
21308,-15.326,r&b
21309,-6.025,r&b
21310,-11.531,r&b
21311,-12.938,r&b
21312,-7.463,r&b
21313,-13.569,r&b
21314,-6.201,r&b
21315,-9.835,r&b
21316,-8.285,r&b
21317,-6.083,r&b
21318,-8.339,r&b
21319,-10.824,r&b
21320,-6.47,r&b
21321,-7.499,r&b
21322,-16.581,r&b
21323,-6.164,r&b
21324,-5.886,r&b
21325,-10.122,r&b
21326,-15.09,r&b
21327,-9.883,r&b
21328,-16.092,r&b
21329,-6.676,r&b
21330,-14.856,r&b
21331,-9.082,r&b
21332,-5.766,r&b
21333,-10.971,r&b
21334,-19.701,r&b
21335,-6.362,r&b
21336,-12.977,r&b
21337,-10.112,r&b
21338,-8.077,r&b
21339,-6.105,r&b
21340,-20.747,r&b
21341,-6.51,r&b
21342,-7.398,r&b
21343,-5.332,r&b
21344,-7.176,r&b
21345,-7.092,r&b
21346,-11.604,r&b
21347,-3.801,r&b
21348,-9.129,r&b
21349,-7.853,r&b
21350,-7.186,r&b
21351,-8.948,r&b
21352,-5.815,r&b
21353,-7.528,r&b
21354,-11.692,r&b
21355,-6.301,r&b
21356,-5.857,r&b
21357,-8.016,r&b
21358,-5.524,r&b
21359,-8.968,r&b
21360,-4.911,r&b
21361,-6.169,r&b
21362,-5.045,r&b
21363,-9.852,r&b
21364,-14.508,r&b
21365,-5.82,r&b
21366,-2.829,r&b
21367,-4.82,r&b
21368,-7.095,r&b
21369,-7.137,r&b
21370,-10.704,r&b
21371,-10.219,r&b
21372,-6.21,r&b
21373,-16.526,r&b
21374,-11.075,r&b
21375,-16.908,r&b
21376,-11.961,r&b
21377,-5.687,r&b
21378,-7.053,r&b
21379,-11.451,r&b
21380,-5.904,r&b
21381,-10.232,r&b
21382,-8.557,r&b
21383,-6.94,r&b
21384,-13.239,r&b
21385,-18.435,r&b
21386,-21.877,r&b
21387,-17.832,r&b
21388,-7.65,r&b
21389,-12.66,r&b
21390,-10.999,r&b
21391,-7.744,r&b
21392,-6.966,r&b
21393,-9.464,r&b
21394,-10.108,r&b
21395,-7.524,r&b
21396,-8.99,r&b
21397,-8.045,r&b
21398,-7.523,r&b
21399,-8.29,r&b
21400,-2.383,r&b
21401,-9.688,r&b
21402,-6.68,r&b
21403,-7.509,r&b
21404,-11.234,r&b
21405,-13.919,r&b
21406,-14.609,r&b
21407,-8.915,r&b
21408,-13.017,r&b
21409,-6.041,r&b
21410,-5.358,r&b
21411,-8.805,r&b
21412,-7.434,r&b
21413,-6.958,r&b
21414,-13.365,r&b
21415,-8.496,r&b
21416,-7.433,r&b
21417,-7.564,r&b
21418,-6.937,r&b
21419,-7.501,r&b
21420,-7.424,r&b
21421,-4.108,r&b
21422,-14.042,r&b
21423,-11.547,r&b
21424,-9.616,r&b
21425,-7.406,r&b
21426,-5.526,r&b
21427,-7.411,r&b
21428,-6.709,r&b
21429,-8.719,r&b
21430,-9.703,r&b
21431,-6.464,r&b
21432,-10.217,r&b
21433,-10.175,r&b
21434,-12.23,r&b
21435,-12.052,r&b
21436,-7.421,r&b
21437,-11.406,r&b
21438,-9.261,r&b
21439,-13.659,r&b
21440,-12.066,r&b
21441,-7.56,r&b
21442,-6.346,r&b
21443,-12.549,r&b
21444,-7.93,r&b
21445,-8.404,r&b
21446,-9.342,r&b
21447,-4.182,r&b
21448,-12.305,r&b
21449,-13.294,r&b
21450,-10.954,r&b
21451,-13.227,r&b
21452,-2.917,r&b
21453,-11.161,r&b
21454,-13.341,r&b
21455,-6.062,r&b
21456,-6.574,r&b
21457,-8.252,r&b
21458,-13.601,r&b
21459,-7.851,r&b
21460,-3.748,r&b
21461,-13.143,r&b
21462,-12.543,r&b
21463,-6.088,r&b
21464,-17.243,r&b
21465,-20.734,r&b
21466,-10.53,r&b
21467,-13.489,r&b
21468,-11.907,r&b
21469,-10.224,r&b
21470,-9.624,r&b
21471,-6.828,r&b
21472,-7.345,r&b
21473,-7.364,r&b
21474,-7.924,r&b
21475,-9.79,r&b
21476,-11.204,r&b
21477,-9.258,r&b
21478,-8.838,r&b
21479,-13.324,r&b
21480,-8.117,r&b
21481,-6.342,r&b
21482,-8.601,r&b
21483,-17.71,r&b
21484,-9.995,r&b
21485,-13.083,r&b
21486,-7.288,r&b
21487,-7.775,r&b
21488,-13.237,r&b
21489,-16.415,r&b
21490,-6.163,r&b
21491,-7.42,r&b
21492,-8.964,r&b
21493,-8.59,r&b
21494,-6.478,r&b
21495,-5.519,r&b
21496,-5.561,r&b
21497,-4.613,r&b
21498,-13.001,r&b
21499,-8.297,r&b
21500,-7.914,r&b
21501,-11.242,r&b
21502,-9.225,r&b
21503,-12.655,r&b
21504,-11.412,r&b
21505,-7.896,r&b
21506,-6.124,r&b
21507,-9.825,r&b
21508,-7.085,r&b
21509,-9.357,r&b
21510,-11.164,r&b
21511,-9.08,r&b
21512,-9.194,r&b
21513,-6.286,r&b
21514,-11.089,r&b
21515,-4.5,r&b
21516,-5.345,r&b
21905,-9.607,r&b
21906,-12.755,r&b
21907,-7.015,r&b
21908,-9.057,r&b
21909,-8.533,r&b
21910,-6.604,r&b
21911,-7.366,r&b
21912,-7.681,r&b
21913,-3.717,r&b
21914,-7.378,r&b
21915,-8.39,r&b
21916,-7.85,r&b
21917,-9.347,r&b
21918,-4.765,r&b
21919,-9.166,r&b
21920,-6.554,r&b
21921,-15.605,r&b
21922,-12.561,r&b
21923,-6.612,r&b
21924,-5.42,r&b
21925,-6.27,r&b
21926,-8.27,r&b
21927,-5.971,r&b
21928,-6.94,r&b
21929,-10.357,r&b
21930,-9.452,r&b
21931,-6.565,r&b
21932,-5.972,r&b
21933,-5.025,r&b
21934,-5.536,r&b
21935,-6.818,r&b
21936,-4.991,r&b
21937,-4.905,r&b
21938,-4.666,r&b
21939,-8.17,r&b
21940,-1.472,r&b
21941,-5.793,r&b
21942,-5.874,r&b
21943,-9.044,r&b
21944,-9.405,r&b
21945,-7.017,r&b
21946,-4.746,r&b
21947,-8.293,r&b
21948,-9.106,r&b
21949,-10.282,r&b
21950,-16.244,r&b
21951,-9.133,r&b
21952,-8.647,r&b
21953,-5.611,r&b
21954,-6.891,r&b
21955,-3.078,r&b
21956,-7.84,r&b
21957,-6.8,r&b
21958,-8.545,r&b
21959,-5.697,r&b
21960,-8.745,r&b
21961,-5.732,r&b
21962,-8.582,r&b
21963,-7.226,r&b
21964,-6.189,r&b
21965,-6.171,r&b
21966,-8.812,r&b
21967,-10.924,r&b
21968,-7.327,r&b
21969,-4.776,r&b
21970,-9.112,r&b
21971,-11.064,r&b
21972,-8.58,r&b
21973,-10.209,r&b
21974,-6.93,r&b
21975,-9.203,r&b
21976,-8.617,r&b
21977,-3.934,r&b
21978,-5.696,r&b
21979,-7.266,r&b
21980,-4.496,r&b
21981,-8.183,r&b
21982,-4.892,r&b
21983,-11.012,r&b
21984,-7.818,r&b
21985,-9.637,r&b
21986,-9.579,r&b
21987,-10.631,r&b
21988,-12.787,r&b
21989,-9.362,r&b
21990,-8.757,r&b
21991,-5.016,r&b
21992,-6.495,r&b
21993,-11.777,r&b
21994,-7.042,r&b
21995,-9.671,r&b
21996,-7.239,r&b
21997,-6.716,r&b
21998,-8.321,r&b
21999,-5.668,r&b
22000,-6.649,r&b
22001,-4.605,r&b
22002,-7.117,r&b
22003,-5.161,r&b
22004,-6.266,r&b
22005,-4.161,r&b
22006,-7.264,r&b
22007,-6.049,r&b
22008,-4.054,r&b
22009,-7.193,r&b
22010,-7.094,r&b
22011,-7.338,r&b
22012,-10.532,r&b
22013,-8.091,r&b
22014,-5.538,r&b
22015,-8.579,r&b
22016,-8.237,r&b
22017,-5.136,r&b
22018,-8.219,r&b
22019,-7.163,r&b
22020,-4.892,r&b
22021,-5.987,r&b
22022,-5.546,r&b
22023,-5.313,r&b
22024,-6.947,r&b
22025,-8.627,r&b
22026,-9.769,r&b
22027,-12.652,r&b
22028,-9.161,r&b
22029,-10.665,r&b
22030,-8.59,r&b
22031,-11.262,r&b
22032,-5.975,r&b
22033,-6.965,r&b
22034,-11.925,r&b
22035,-13.216,r&b
22036,-5.777,r&b
22037,-5.088,r&b
22038,-6.479,r&b
22039,-8.092,r&b
22040,-8.946,r&b
22041,-5.636,r&b
22042,-17.515,r&b
22043,-6.351,r&b
22044,-7.232,r&b
22045,-7.456,r&b
22046,-9.85,r&b
22047,-11.091,r&b
22048,-9.837,r&b
22049,-8.656,r&b
22050,-8.688,r&b
22051,-11.874,r&b
22052,-11.931,r&b
22053,-10.998,r&b
22054,-4.893,r&b
22055,-2.999,r&b
22056,-4.562,r&b
22057,-4.451,r&b
22058,-6.53,r&b
22059,-5.114,r&b
22060,-5.419,r&b
22061,-6.725,r&b
22062,-5.202,r&b
22063,-7.135,r&b
22165,-4.973,r&b
22166,-9.682,r&b
22167,-8.294,r&b
22168,-8.191,r&b
22169,-6.431,r&b
22170,-6.651,r&b
22171,-6.784,r&b
22172,-8.075,r&b
22173,-6.403,r&b
22174,-6.605,r&b
22175,-6.492,r&b
22176,-9.295,r&b
22177,-9.509,r&b
22178,-5.931,r&b
22179,-6.543,r&b
22180,-6.17,r&b
22181,-5.875,r&b
22498,-6.927,r&b
22499,-6.784,r&b
22500,-7.694,r&b
22501,-14.52,r&b
22502,-6.709,r&b
22503,-10.024,r&b
22504,-9.222,r&b
22505,-5.875,r&b
22506,-6.745,r&b
22507,-5.232,r&b
22508,-4.781,r&b
22509,-6.371,r&b
22510,-8.256,r&b
22511,-11.283,r&b
22512,-4.509,r&b
22513,-5.131,r&b
22535,-4.448,r&b
22537,-13.788,r&b
22538,-12.242,r&b
22539,-9.357,r&b
22540,-11.943,r&b
22541,-4.592,r&b
22542,-6.43,r&b
22543,-6.57,r&b
22544,-3.44,r&b
22545,-5.569,r&b
22546,-3.757,r&b
22547,-3.96,r&b
22548,-11.195,r&b
22549,-8.32,r&b
22550,-15.002,r&b
22551,-10.775,r&b
22552,-8.112,r&b
22553,-7.927,r&b
22554,-4.907,r&b
22555,-15.765,r&b
22556,-4.962,r&b
22557,-7.202,r&b
22558,-4.576,r&b
22559,-8.734,r&b
22560,-6.831,r&b
22561,-8.756,r&b
22562,-5.297,r&b
22563,-6.449,r&b
22564,-7.952,r&b
22565,-8.895,r&b
22566,-3.682,r&b
22567,-5.576,r&b
22568,-8.354,r&b
22569,-7.143,r&b
22570,-9.021,r&b
22571,-7.024,r&b
22572,-14.032,r&b
22573,-7.793,r&b
22574,-6.928,r&b
22575,-14.931,r&b
22576,-5.974,r&b
22577,-8.739,r&b
22578,-5.254,r&b
22579,-2.431,r&b
22580,-7.838,r&b
23047,-2.409,r&b
23049,-3.875,r&b
23053,-5.56,r&b
10,-4.81,rock
11,-18.759,rock
12,-5.687,rock
13,-7.945,rock
38,-7.963,rock
42,-14.727,rock
43,-12.177,rock
44,-9.307,rock
45,-11.975,rock
46,-9.037,rock
47,-7.941,rock
59,-9.357,rock
60,-11.366,rock
61,-8.055,rock
62,-9.719,rock
63,-11.203,rock
64,-11.376,rock
65,-10.358,rock
66,-7.569,rock
67,-10.21,rock
68,-8.957,rock
69,-10.302,rock
76,-6.274,rock
77,-11.789,rock
78,-9.286,rock
79,-5.935,rock
80,-6.116,rock
81,-9.876,rock
82,-9.601,rock
83,-11.824,rock
84,-9.837,rock
102,-7.368,rock
103,-6.029,rock
104,-6.934,rock
105,-6.763,rock
106,-6.703,rock
107,-9.036,rock
108,-8.335,rock
109,-6.014,rock
110,-6.481,rock
117,-5.83,rock
118,-7.746,rock
119,-11.384,rock
120,-9.587,rock
121,-5.152,rock
122,-8.937,rock
126,-4.312,rock
133,-9.065,rock
134,-3.496,rock
135,-9.606,rock
136,-9.688,rock
137,-7.21,rock
138,-5.732,rock
151,-4.406,rock
156,-5.134,rock
157,-5.136,rock
161,-7.052,rock
163,-4.781,rock
164,-3.279,rock
165,-5.397,rock
166,-5.473,rock
167,-3.095,rock
168,-3.395,rock
169,-6.164,rock
170,-2.352,rock
171,-3.175,rock
172,-6.429,rock
173,-5.097,rock
175,-2.341,rock
176,-4.547,rock
177,-6.491,rock
178,-5.56,rock
179,-7.756,rock
180,-4.215,rock
181,-10.283,rock
197,-5.115,rock
198,-1.77,rock
204,-3.975,rock
211,-3.912,rock
212,-4.212,rock
213,-8.164,rock
215,-8.849,rock
216,-6.525,rock
217,-3.644,rock
218,-5.372,rock
219,-2.264,rock
220,-4.096,rock
221,-15.532,rock
227,-3.945,rock
228,-6.233,rock
229,-4.756,rock
230,-4.115,rock
231,-3.033,rock
234,-9.132,rock
235,-9.96,rock
236,-10.683,rock
237,-7.402,rock
238,-4.108,rock
239,-4.421,rock
240,1.275,rock
241,-18.681,rock
242,-5.314,rock
243,-9.675,rock
244,-11.458,rock
245,-7.308,rock
246,-8.853,rock
247,-7.762,rock
248,-8.492,rock
249,-7.832,rock
250,-5.137,rock
251,-11.614,rock
252,-8.377,rock
253,-6.82,rock
254,-9.249,rock
255,-10.981,rock
256,-2.764,rock
266,-5.2,rock
268,-6.655,rock
273,-11.042,rock
274,-6.165,rock
275,-6.275,rock
276,-7.051,rock
277,-6.17,rock
278,-8.687,rock
279,-6.683,rock
280,-6.79,rock
281,-5.804,rock
282,-7.161,rock
283,-9.269,rock
284,-5.947,rock
285,-8.214,rock
286,-13.391,rock
287,-7.593,rock
288,-8.535,rock
289,-10.319,rock
290,-14.196,rock
291,-11.751,rock
292,-11.197,rock
293,-11.095,rock
294,-10.726,rock
295,-14.115,rock
296,-9.175,rock
297,-12.22,rock
298,-5.866,rock
299,-5.833,rock
300,-18.557,rock
301,-5.93,rock
302,-5.782,rock
303,-8.402,rock
304,-8.243,rock
305,-10.434,rock
306,-10.048,rock
307,-10.809,rock
308,-8.679,rock
309,-9.087,rock
310,-8.246,rock
311,-7.849,rock
312,-15.026,rock
313,-10.614,rock
314,-7.13,rock
315,-6.249,rock
316,-9.415,rock
317,-6.065,rock
318,-12.335,rock
319,-11.752,rock
320,-5.336,rock
321,-8.794,rock
322,-9.374,rock
323,-11.259,rock
324,-19.846,rock
325,-7.095,rock
326,-13.603,rock
327,-10.087,rock
328,-6.399,rock
329,-12.76,rock
330,-5.792,rock
332,-13.409,rock
420,-3.632,rock
421,-3.163,rock
422,-4.165,rock
423,-9.622,rock
424,-7.336,rock
425,-5.612,rock
426,-5.712,rock
427,-7.045,rock
428,-4.443,rock
431,-4.781,rock
432,-6.118,rock
433,-4.916,rock
434,-5.92,rock
435,-3.988,rock
436,-3.608,rock
437,-3.82,rock
438,-2.12,rock
439,-6.584,rock
440,-5.764,rock
441,-5.023,rock
442,-5.573,rock
519,-9.685,rock
522,-8.804,rock
523,-11.915,rock
524,-14.728,rock
525,-10.484,rock
538,-7.933,rock
539,-10.483,rock
540,-10.121,rock
542,-9.67,rock
546,-5.931,rock
547,-10.065,rock
548,-10.093,rock
549,-12.742,rock
550,-9.662,rock
552,-9.207,rock
553,-9.112,rock
556,-8.704,rock
557,-10.762,rock
558,-10.002,rock
565,-9.784,rock
569,-10.172,rock
570,-9.878,rock
571,-9.547,rock
572,-9.439,rock
573,-9.423,rock
574,-9.366,rock
575,-9.196,rock
576,-9.793,rock
577,-8.97,rock
578,-9.307,rock
579,-9.91,rock
731,-7.32,rock
732,-7.54,rock
748,-7.674,rock
752,-8.06,rock
753,-8.239,rock
761,-7.666,rock
762,-4.768,rock
764,-3.786,rock
765,-6.07,rock
952,-5.432,rock
972,-10.394,rock
973,-4.527,rock
974,-16.193,rock
975,-4.725,rock
976,-9.339,rock
977,-10.534,rock
978,-22.19,rock
989,-11.818,rock
990,-2.935,rock
991,-12.743,rock
992,-7.78,rock
993,-11.754,rock
994,-8.619,rock
995,-8.56,rock
1011,-5.021,rock
1012,-5.26,rock
1015,-4.545,rock
1016,-4.235,rock
1017,-7.388,rock
1034,-3.1,rock
1035,-3.14,rock
1036,-3.613,rock
1037,-7.069,rock
1038,-4.845,rock
1039,-5.856,rock
1040,-4.495,rock
1041,-5.301,rock
1052,-4.882,rock
1053,-4.593,rock
1054,-6.76,rock
1055,-5.49,rock
1056,-10.117,rock
1060,-3.499,rock
1061,-11.586,rock
1062,-3.727,rock
1063,-4.852,rock
1064,-7.312,rock
1091,-5.411,rock
1092,-10.117,rock
1104,-9.44,rock
1105,-7.138,rock
1108,-5.315,rock
1109,-5.672,rock
1110,-6.891,rock
1111,-6.928,rock
1131,-3.708,rock
1167,-4.139,rock
1318,-4.537,rock
1319,-6.293,rock
1320,-11.264,rock
1321,-9.7,rock
1322,-10.184,rock
1323,-6.858,rock
1324,-5.109,rock
1325,-5.931,rock
1326,-13.597,rock
1327,-5.849,rock
1328,-10.516,rock
1330,-5.6,rock
1331,-4.504,rock
1332,-12.082,rock
1333,-10.29,rock
1334,-6.713,rock
1337,-5.629,rock
1338,-4.939,rock
1340,-7.831,rock
1341,-10.294,rock
1342,-3.796,rock
1343,-8.972,rock
1344,-3.466,rock
1345,-5.567,rock
1418,-4.21,rock
1419,-8.534,rock
1480,-4.491,rock
1481,-4.682,rock
1482,-5.012,rock
1483,-4.739,rock
1484,-2.968,rock
1485,-3.609,rock
1486,-4.542,rock
1487,-5.384,rock
1488,-4.874,rock
1490,-5.051,rock
1492,-4.198,rock
1493,-5.513,rock
1494,-8.14,rock
1495,-5.954,rock
1496,-7.166,rock
1497,-12.402,rock
1500,-5.282,rock
1501,-3.324,rock
1502,-6.237,rock
1503,-3.761,rock
1504,-3.494,rock
1505,-2.843,rock
1508,-6.509,rock
1509,-3.866,rock
1510,-3.379,rock
1511,-4.549,rock
1512,-2.946,rock
1513,-7.296,rock
1514,-3.948,rock
1515,-4.527,rock
1516,-6.889,rock
1517,-4.983,rock
1518,-3.307,rock
1519,-7.033,rock
1520,-7.524,rock
1521,-7.313,rock
1522,-7.431,rock
1523,-6.606,rock
1524,-4.814,rock
1525,-5.258,rock
1526,-3.715,rock
1527,-4.979,rock
1528,-3.452,rock
1529,-7.243,rock
1546,-8.49,rock
1547,-8.668,rock
1548,-7.95,rock
1549,-7.281,rock
1550,-7.074,rock
1551,-9.284,rock
1552,-7.975,rock
1553,-19.746,rock
1554,-18.841,rock
1569,-5.97,rock
1570,-11.004,rock
1571,-12.069,rock
1572,-9.681,rock
1573,-9.296,rock
1577,-6.077,rock
1578,-3.989,rock
1579,-10.337,rock
1580,-7.818,rock
1581,-6.937,rock
1590,-5.42,rock
1591,-8.732,rock
1592,-6.718,rock
1593,-4.932,rock
1635,-5.376,rock
1636,-8.803,rock
1637,-9.55,rock
1638,-9.394,rock
1639,-2.932,rock
1640,-9.414,rock
1641,-3.356,rock
1642,-7.744,rock
1649,-8.279,rock
1650,-6.347,rock
1651,-6.665,rock
1652,-6.759,rock
1653,-3.272,rock
1654,-6.995,rock
1657,-10.098,rock
1658,-6.843,rock
1659,-5.693,rock
1660,-3.644,rock
1661,-6.011,rock
1662,-3.6,rock
1674,-2.533,rock
1675,-5.884,rock
1676,-7.454,rock
1690,-6.263,rock
1691,-4.151,rock
1700,-2.918,rock
1701,-4.465,rock
1702,-10.472,rock
1733,-9.873,rock
1734,-5.567,rock
2042,-8.879,rock
2126,-6.963,rock
2127,-6.352,rock
2134,-7.112,rock
2135,-9.129,rock
2136,-8.66,rock
2137,-12.448,rock
2138,-4.134,rock
2139,-7.428,rock
2151,-10.198,rock
2152,-7.56,rock
2153,-8.469,rock
2154,-6.655,rock
2155,-9.397,rock
2156,-6.549,rock
2157,-11.856,rock
2158,-12.633,rock
2159,-6.364,rock
2166,-9.661,rock
2167,-6.993,rock
2168,-11.842,rock
2169,-10.689,rock
2361,-9.657,rock
2533,-5.61,rock
2534,-11.951,rock
2535,-7.806,rock
2536,-5.232,rock
2537,-7.634,rock
2538,-8.029,rock
2539,-10.826,rock
2540,-11.963,rock
2541,-5.593,rock
2542,-13.454,rock
2543,-15.384,rock
2544,-9.071,rock
2545,-10.326,rock
2546,-7.54,rock
2547,-7.458,rock
2548,-4.286,rock
2549,-5.957,rock
2550,-6.263,rock
2551,-5.372,rock
2552,-7.093,rock
2553,-8.012,rock
2554,-13.633,rock
2555,-10.698,rock
2556,-9.768,rock
2560,-4.916,rock
2561,-8.936,rock
2562,-7.208,rock
2563,-4.97,rock
2564,-10.224,rock
2565,-8.375,rock
2566,-8.237,rock
2567,-6.886,rock
2568,-14.335,rock
2569,-8.959,rock
2570,-5.903,rock
2573,-4.791,rock
2574,-6.846,rock
2575,-9.671,rock
2576,-6.274,rock
2577,-11.181,rock
2578,-9.662,rock
2579,-10.883,rock
2580,-6.502,rock
2601,-5.188,rock
2602,-10.323,rock
2603,-7.432,rock
2717,-19.669,rock
2721,-12.366,rock
2735,-13.435,rock
2736,-8.325,rock
2737,-6.16,rock
2738,-11.849,rock
2739,-13.696,rock
2740,-5.421,rock
2741,-11.526,rock
2742,-11.793,rock
2743,-9.984,rock
2751,-14.425,rock
2754,-9.994,rock
2755,-6.668,rock
2756,-15.44,rock
2757,-12.548,rock
2758,-14.336,rock
2759,-7.976,rock
2760,-21.297,rock
2761,-10.767,rock
2762,-13.751,rock
2763,-10.946,rock
2764,-9.348,rock
2765,-8.666,rock
2766,-24.328,rock
2767,-10.75,rock
2768,-11.53,rock
2769,-11.653,rock
2775,-7.262,rock
2776,-8.788,rock
2780,-10.702,rock
2781,-13.226,rock
2788,-12.449,rock
2789,-13.736,rock
2790,-17.696,rock
2791,-9.369,rock
2792,-8.506,rock
2793,-9.269,rock
2794,-9.372,rock
2912,-5.728,rock
2913,-5.868,rock
2914,-6.856,rock
2915,-2.692,rock
2916,-2.954,rock
2917,-6.325,rock
2918,-10.024,rock
2919,-5.68,rock
2920,-11.117,rock
2921,-6.612,rock
2922,-8.723,rock
2923,-3.937,rock
2924,-6.756,rock
2925,-6.198,rock
2926,-10.327,rock
2927,-11.062,rock
2928,-6.465,rock
2929,-4.12,rock
2930,-3.221,rock
2931,-4.539,rock
2932,-4.246,rock
2933,-3.733,rock
2934,-5.175,rock
2935,-6.276,rock
2936,-17.68,rock
2937,-3.975,rock
2938,-7.774,rock
2939,-5.258,rock
2940,-3.501,rock
2941,-3.432,rock
2942,-14.395,rock
2943,-3.486,rock
2944,-3.608,rock
2945,-9.057,rock
2946,-3.177,rock
2947,-5.429,rock
2948,-3.154,rock
2949,-8.792,rock
2950,-7.769,rock
3469,-5.879,rock
3470,-5.974,rock
3471,-4.572,rock
3472,-3.751,rock
3473,-5.589,rock
3474,-3.173,rock
3475,-5.083,rock
3476,-10.1,rock
3477,-4.132,rock
3478,-4.942,rock
3479,-7.721,rock
3480,-4.13,rock
3481,-5.45,rock
3482,-2.49,rock
3483,-9.538,rock
3484,-4.91,rock
3485,-11.684,rock
3486,-7.011,rock
3487,-4.128,rock
3488,-12.593,rock
3489,-5.631,rock
3490,-9.209,rock
3491,-5.383,rock
3492,-6.085,rock
3493,-5.023,rock
3494,-6.167,rock
3495,-6.999,rock
3496,-4.912,rock
3497,-4.362,rock
3498,-10.709,rock
3499,-6.689,rock
3500,-4.48,rock
3501,-5.854,rock
3502,-15.682,rock
3503,-8.013,rock
3589,-5.179,rock
3590,-8.367,rock
3591,-5.803,rock
3592,-9.197,rock
3593,-11.694,rock
3594,-5.738,rock
3595,-9.165,rock
3596,-5.563,rock
3597,-8.152,rock
3602,-6.669,rock
3642,-4.85,rock
3643,-6.551,rock
3703,-4.95,rock
3704,-6.685,rock
3705,-5.641,rock
3706,-6.0,rock
3707,-4.246,rock
3709,-8.329,rock
3710,-3.55,rock
3711,-4.625,rock
3712,-6.988,rock
3713,-6.04,rock
3714,-3.967,rock
3715,-5.509,rock
3716,-5.369,rock
3719,-7.367,rock
3720,-9.407,rock
3736,-5.811,rock
3737,-7.549,rock
3738,-3.753,rock
3739,-5.436,rock
3740,-10.068,rock
3741,-4.761,rock
3742,-15.052,rock
3743,-5.316,rock
3745,-10.918,rock
3750,-7.707,rock
3752,-5.414,rock
3753,-8.172,rock
3754,-4.465,rock
3763,-10.405,rock
3764,-7.267,rock
3766,-6.961,rock
3767,-10.872,rock
3768,-8.497,rock
3769,-5.287,rock
3770,-6.287,rock
3771,-6.197,rock
3772,-4.644,rock
3773,-6.274,rock
3774,-4.677,rock
3775,-4.638,rock
3776,-15.222,rock
4526,-10.333,rock
4527,-6.956,rock
4528,-4.113,rock
4529,-10.781,rock
4530,-13.492,rock
4531,-11.897,rock
4532,-6.153,rock
4533,-9.695,rock
4534,-9.119,rock
4535,-9.159,rock
4536,-9.686,rock
4537,-10.973,rock
4539,-8.572,rock
4540,-8.833,rock
4541,-8.395,rock
4542,-9.116,rock
4543,-9.456,rock
4544,-7.166,rock
4545,-10.186,rock
4546,-9.352,rock
4547,-13.283,rock
4548,-8.295,rock
4549,-7.382,rock
4550,-10.483,rock
4551,-6.675,rock
4552,-11.896,rock
4553,-4.985,rock
4554,-5.099,rock
4555,-10.708,rock
4556,-6.441,rock
4557,-10.654,rock
4558,-5.575,rock
4559,-13.011,rock
4560,-8.023,rock
4561,-12.532,rock
4562,-7.028,rock
4563,-12.511,rock
4567,-5.642,rock
4568,-12.453,rock
4569,-5.352,rock
4610,-7.293,rock
4617,-4.809,rock
4618,-14.317,rock
4624,-8.171,rock
4625,-11.372,rock
4626,-11.115,rock
4627,-2.72,rock
4629,-6.185,rock
4630,-8.558,rock
4631,-7.78,rock
4632,-7.262,rock
4694,-8.374,rock
4730,-5.117,rock
4731,-8.611,rock
4732,-6.213,rock
4733,-9.744,rock
4734,-9.777,rock
4750,-13.214,rock
4751,-6.2,rock
4752,-8.472,rock
4753,-12.162,rock
4754,-13.263,rock
4755,-9.315,rock
4756,-7.465,rock
4758,-5.438,rock
4759,-7.239,rock
4760,-7.35,rock
4761,-9.732,rock
4762,-2.656,rock
4763,-9.516,rock
4764,-8.674,rock
4765,-12.481,rock
4766,-15.707,rock
4767,-9.205,rock
4768,-6.999,rock
4769,-4.995,rock
4770,-10.714,rock
4771,-11.715,rock
4772,-8.72,rock
4773,-10.092,rock
4774,-8.192,rock
4775,-4.055,rock
4776,-13.836,rock
4777,-9.602,rock
4778,-9.267,rock
4782,-9.189,rock
5327,-6.765,rock
5361,-10.573,rock
5362,-14.996,rock
5363,-11.217,rock
5364,-11.067,rock
5370,-6.614,rock
5371,-7.182,rock
5372,-12.817,rock
5373,-11.106,rock
5374,-10.313,rock
5375,-8.095,rock
5376,-8.403,rock
5377,-6.073,rock
5378,-14.62,rock
5379,-11.222,rock
5380,-5.955,rock
5381,-8.203,rock
5408,-12.794,rock
5413,-11.908,rock
5419,-14.112,rock
5427,-8.078,rock
5429,-9.009,rock
5430,-6.876,rock
5431,-7.551,rock
5432,-14.382,rock
5433,-14.044,rock
5435,-11.411,rock
5436,-10.993,rock
5437,-14.54,rock
5438,-5.988,rock
5439,-6.702,rock
5440,-9.965,rock
5441,-9.539,rock
5442,-9.617,rock
5453,-13.541,rock
5454,-4.434,rock
5462,-8.039,rock
5463,-4.924,rock
5474,-5.845,rock
5488,-5.853,rock
5489,-7.305,rock
5494,-7.44,rock
5495,-7.901,rock
5496,-4.566,rock
5501,-11.8,rock
5502,-13.064,rock
5503,-11.221,rock
5504,-5.916,rock
5505,-8.011,rock
5506,-14.051,rock
5507,-7.7,rock
5509,-7.803,rock
5510,-9.734,rock
5511,-6.146,rock
5514,-4.957,rock
5516,-9.733,rock
5517,-9.753,rock
5524,-6.74,rock
5525,-5.873,rock
5526,-12.595,rock
5527,-5.497,rock
5529,-3.904,rock
5530,-7.593,rock
5531,-14.522,rock
5547,-9.399,rock
5548,-14.295,rock
5552,-4.985,rock
5559,-13.924,rock
5560,-12.908,rock
5562,-7.772,rock
5563,-3.684,rock
5564,-16.041,rock
5565,-3.782,rock
5566,-15.881,rock
5567,-15.676,rock
5663,-8.485,rock
5664,-5.781,rock
5665,-12.778,rock
5666,-5.554,rock
5667,-4.911,rock
5668,-10.052,rock
5669,-10.862,rock
5670,-11.35,rock
5671,-4.986,rock
5672,-3.77,rock
5673,-4.923,rock
5677,-4.142,rock
5678,-7.602,rock
5679,-7.005,rock
5680,-5.679,rock
5722,-5.724,rock
5723,-3.359,rock
5724,-10.438,rock
5725,-4.766,rock
5730,-7.743,rock
5735,-8.288,rock
5736,-9.11,rock
5737,-6.71,rock
5738,-5.318,rock
5744,-4.311,rock
5745,-4.993,rock
5746,-11.301,rock
5747,-8.471,rock
5748,-2.998,rock
5749,-5.786,rock
5750,-7.563,rock
5751,-8.383,rock
5761,-7.734,rock
5762,-7.165,rock
5763,-3.316,rock
5764,-6.133,rock
5765,-6.288,rock
5768,-4.098,rock
5769,-11.286,rock
5770,-9.661,rock
5771,-6.598,rock
5772,-7.551,rock
5773,-8.078,rock
5774,-9.533,rock
5933,-10.623,rock
5934,-11.011,rock
5935,-13.105,rock
5936,-8.35,rock
5937,-11.313,rock
5938,-9.079,rock
5939,-12.143,rock
5940,-9.985,rock
5941,-9.351,rock
5945,-7.449,rock
5946,-9.588,rock
5947,-5.992,rock
5948,-13.96,rock
5949,-7.047,rock
5950,-11.262,rock
5951,-8.99,rock
5952,-18.646,rock
5954,-9.301,rock
5955,-15.662,rock
5956,-10.523,rock
5957,-12.409,rock
5958,-10.316,rock
5959,-7.329,rock
5979,-7.64,rock
5980,-10.951,rock
5992,-7.755,rock
6006,-5.675,rock
6007,-12.102,rock
6008,-7.224,rock
6009,-7.486,rock
6010,-9.684,rock
6011,-7.964,rock
6012,-15.579,rock
6013,-14.864,rock
6014,-12.117,rock
6015,-7.344,rock
6016,-11.887,rock
6017,-8.79,rock
6039,-13.25,rock
6040,-12.976,rock
6041,-15.964,rock
6042,-9.467,rock
6043,-6.095,rock
6044,-11.675,rock
6049,-5.967,rock
6050,-9.547,rock
6051,-14.269,rock
6052,-8.65,rock
6053,-8.056,rock
6073,-4.076,rock
6074,-7.36,rock
6075,-16.302,rock
6093,-7.622,rock
6094,-16.064,rock
6095,-11.011,rock
6096,-6.999,rock
6097,-12.436,rock
6098,-7.767,rock
6099,-5.515,rock
6100,-12.597,rock
6101,-7.938,rock
6102,-9.362,rock
6103,-5.123,rock
6104,-9.243,rock
6105,-15.645,rock
6117,-15.131,rock
6118,-10.035,rock
6119,-8.695,rock
6120,-12.648,rock
6121,-10.886,rock
6135,-3.045,rock
6136,-4.334,rock
6137,-8.347,rock
6138,-5.537,rock
6139,-6.101,rock
6140,-4.163,rock
6141,-5.567,rock
6142,-5.705,rock
6143,-4.809,rock
6144,-4.062,rock
6145,-8.312,rock
6146,-13.126,rock
6147,-13.742,rock
6148,-11.767,rock
6149,-15.925,rock
6150,-9.44,rock
6151,-4.121,rock
6167,-6.811,rock
6168,-8.299,rock
6172,-12.769,rock
6173,-9.569,rock
6174,-7.811,rock
6175,-10.954,rock
6176,-15.274,rock
6177,-8.358,rock
6178,-9.866,rock
6179,-7.538,rock
6180,-14.144,rock
6181,-10.134,rock
6182,-4.517,rock
6183,-6.791,rock
6184,-8.784,rock
6185,-4.23,rock
6186,-9.571,rock
6187,-14.162,rock
6188,-15.549,rock
6189,-12.442,rock
6190,-5.305,rock
6191,-7.323,rock
6192,-12.749,rock
6193,-6.399,rock
6194,-8.076,rock
6195,-12.203,rock
6196,-9.799,rock
6197,-8.72,rock
6198,-9.433,rock
6199,-5.955,rock
6200,-10.657,rock
6201,-6.098,rock
6202,-9.638,rock
6203,-11.672,rock
6204,-6.392,rock
6205,-9.339,rock
6206,-8.049,rock
6207,-10.848,rock
6208,-11.359,rock
6209,-7.663,rock
6210,-10.107,rock
6211,-6.681,rock
6212,-8.303,rock
6214,-4.897,rock
6215,-7.05,rock
6216,-6.189,rock
6217,-10.258,rock
6218,-9.138,rock
6219,-9.044,rock
6220,-10.872,rock
6221,-8.779,rock
6222,-6.323,rock
6223,-3.847,rock
6224,-3.171,rock
6225,-3.451,rock
6226,-3.668,rock
6227,-5.899,rock
6228,-2.785,rock
6229,-3.879,rock
6230,-3.398,rock
6231,-1.928,rock
6232,-4.116,rock
6233,-2.929,rock
6234,-4.257,rock
6235,-1.909,rock
6236,-5.204,rock
6237,-3.162,rock
6238,-4.058,rock
6239,-4.959,rock
6240,-5.821,rock
6241,-5.603,rock
6242,-2.689,rock
6243,-5.277,rock
6244,-5.529,rock
6245,-4.78,rock
6246,-3.622,rock
6247,-4.69,rock
6248,-5.613,rock
6251,-4.757,rock
6252,-5.18,rock
6253,-5.452,rock
6254,-8.747,rock
6255,-7.08,rock
6256,-11.062,rock
6257,-16.343,rock
6258,-3.528,rock
6259,-6.762,rock
6260,-4.229,rock
6261,-5.002,rock
6262,-4.654,rock
6263,-4.892,rock
6264,-6.62,rock
6265,-6.359,rock
6266,-5.535,rock
6267,-7.071,rock
6268,-7.687,rock
6269,-9.728,rock
6270,-11.977,rock
6271,-5.255,rock
6272,-9.581,rock
6280,-6.477,rock
6281,-4.867,rock
6282,-3.143,rock
6283,-1.465,rock
6284,-0.866,rock
6285,-5.578,rock
6286,-5.446,rock
6287,-3.591,rock
6288,-5.063,rock
6289,-4.726,rock
6290,-5.19,rock
6291,-4.414,rock
6292,-4.894,rock
6293,-4.327,rock
6294,-4.079,rock
6389,-9.935,rock
6390,-5.162,rock
6391,-7.776,rock
6392,-7.469,rock
6393,-6.055,rock
6408,-11.52,rock
6409,-11.135,rock
6410,-11.095,rock
6411,-15.308,rock
6412,-13.361,rock
6413,-13.271,rock
6414,-10.385,rock
6419,-11.758,rock
6420,-7.96,rock
6421,-13.288,rock
6422,-17.204,rock
6425,-8.465,rock
6427,-8.29,rock
6428,-12.617,rock
6429,-13.936,rock
6430,-11.771,rock
6431,-10.81,rock
6432,-10.793,rock
6433,-11.996,rock
6434,-10.083,rock
6435,-10.932,rock
6436,-14.072,rock
6437,-16.529,rock
6438,-5.544,rock
6439,-10.161,rock
6440,-10.027,rock
6441,-13.66,rock
6442,-9.705,rock
6443,-8.962,rock
6444,-11.466,rock
6445,-9.289,rock
6446,-7.176,rock
6456,-10.116,rock
6457,-14.3,rock
6458,-9.478,rock
6459,-12.044,rock
6481,-8.167,rock
6482,-12.98,rock
6483,-14.085,rock
6484,-6.842,rock
6485,-14.18,rock
6486,-14.745,rock
6487,-12.259,rock
6488,-13.448,rock
6489,-8.756,rock
6490,-12.643,rock
6491,-8.488,rock
6492,-11.987,rock
6493,-11.905,rock
6494,-16.95,rock
6495,-17.042,rock
6496,-7.44,rock
6497,-9.014,rock
6498,-6.522,rock
6506,-14.687,rock
6509,-7.324,rock
6510,-7.971,rock
6511,-7.516,rock
6512,-19.292,rock
6513,-6.829,rock
6514,-9.816,rock
6515,-10.351,rock
6516,-16.218,rock
6517,-10.285,rock
6518,-7.393,rock
6519,-7.972,rock
6520,-9.534,rock
6521,-7.877,rock
6522,-4.346,rock
6523,-10.159,rock
6524,-12.083,rock
6525,-4.336,rock
6526,-4.76,rock
6527,-5.769,rock
6528,-13.588,rock
6529,-12.778,rock
6530,-13.255,rock
6531,-5.937,rock
6532,-4.62,rock
6533,-8.104,rock
6534,-13.185,rock
6535,-7.009,rock
6536,-4.635,rock
6537,-3.587,rock
6540,-4.796,rock
6541,-8.193,rock
6542,-7.201,rock
6543,-3.7,rock
6646,-8.277,rock
6663,-9.446,rock
6664,-10.618,rock
6665,-8.621,rock
6666,-7.512,rock
6667,-9.422,rock
6668,-9.932,rock
6669,-7.612,rock
6670,-8.628,rock
6671,-10.245,rock
6672,-12.376,rock
6673,-7.519,rock
6674,-7.719,rock
6675,-8.309,rock
6676,-9.094,rock
6677,-7.838,rock
6678,-7.522,rock
6679,-7.642,rock
6680,-11.166,rock
6681,-9.519,rock
6684,-7.927,rock
6685,-7.875,rock
6686,-7.698,rock
6687,-7.426,rock
6688,-6.615,rock
6689,-10.111,rock
6690,-10.405,rock
6691,-9.233,rock
6692,-10.609,rock
6693,-8.797,rock
6694,-10.021,rock
6695,-7.373,rock
6696,-10.624,rock
6697,-2.863,rock
6698,-10.242,rock
6699,-8.095,rock
6700,-6.87,rock
6701,-7.802,rock
6702,-8.905,rock
6703,-9.213,rock
6704,-7.524,rock
6705,-12.837,rock
6706,-10.327,rock
6707,-10.755,rock
6708,-13.204,rock
6709,-6.501,rock
6710,-10.699,rock
6711,-9.366,rock
6712,-9.526,rock
6714,-6.534,rock
6715,-7.632,rock
6716,-5.357,rock
6717,-13.05,rock
6718,-4.508,rock
6719,-9.214,rock
6720,-10.245,rock
6729,-6.952,rock
6762,-8.83,rock
6793,-8.041,rock
6794,-5.015,rock
6795,-3.613,rock
6796,-5.074,rock
6797,-5.557,rock
6798,-6.285,rock
6800,-4.028,rock
6801,-11.09,rock
6802,-4.31,rock
6804,-4.313,rock
6825,-3.57,rock
6826,-8.112,rock
6827,-12.453,rock
6828,-4.601,rock
6829,-14.697,rock
6830,-3.505,rock
6831,-7.479,rock
6832,-6.356,rock
6852,-2.418,rock
6853,-8.032,rock
6854,-5.223,rock
6855,-7.775,rock
6857,-6.196,rock
6858,-8.665,rock
6859,-5.761,rock
6872,-5.188,rock
6876,-6.113,rock
6877,-7.973,rock
6882,-5.2,rock
6887,-4.739,rock
6889,-3.922,rock
6890,-4.993,rock
6902,-4.655,rock
6903,-4.12,rock
6904,-7.551,rock
6909,-9.927,rock
6910,-7.974,rock
6912,-4.095,rock
6913,-5.279,rock
6914,-5.156,rock
6915,-4.687,rock
6916,-7.503,rock
6917,-3.834,rock
6918,-7.532,rock
6919,-4.453,rock
6920,-10.847,rock
6921,-3.731,rock
6922,-5.24,rock
6923,-5.361,rock
6924,-3.839,rock
6925,-5.887,rock
6926,-5.637,rock
6939,-9.056,rock
6965,-5.392,rock
6966,-3.736,rock
6992,-2.386,rock
6997,-7.161,rock
6998,-2.491,rock
7000,-3.956,rock
7001,-2.931,rock
7002,-4.936,rock
7312,-6.401,rock
7313,-5.847,rock
7314,-7.238,rock
7315,-6.752,rock
7321,-7.007,rock
7322,-10.407,rock
7323,-9.805,rock
7324,-6.48,rock
7325,-12.814,rock
7326,-7.056,rock
7327,-14.932,rock
7328,-11.411,rock
7329,-16.23,rock
7330,-7.265,rock
7331,-7.251,rock
7332,-6.362,rock
7333,-8.464,rock
7334,-5.65,rock
7335,-5.949,rock
7342,-13.79,rock
7343,-14.286,rock
7344,-9.727,rock
7345,-6.516,rock
7346,-8.638,rock
7347,-8.841,rock
7348,-7.377,rock
7349,-7.201,rock
7350,-6.282,rock
7357,-9.595,rock
7394,-8.913,rock
7397,-6.745,rock
7398,-8.64,rock
7399,-8.278,rock
7400,-6.969,rock
7402,-7.95,rock
7403,-8.698,rock
7406,-10.251,rock
7407,-10.298,rock
7416,-7.39,rock
7417,-6.246,rock
7418,-9.201,rock
7434,-7.277,rock
7435,-4.017,rock
7453,-8.406,rock
7454,-8.169,rock
7455,-7.284,rock
7456,-6.832,rock
7459,-11.139,rock
7460,-6.886,rock
7470,-2.605,rock
7471,-11.945,rock
7472,-5.009,rock
7473,-7.03,rock
7474,-6.229,rock
7475,-7.551,rock
7476,-6.03,rock
7477,-6.953,rock
7478,-11.203,rock
7479,-10.39,rock
7483,-11.75,rock
7484,-6.947,rock
7485,-9.088,rock
7486,-10.096,rock
7487,-8.81,rock
7488,-5.875,rock
7489,-11.56,rock
7490,-8.391,rock
7491,-6.503,rock
7494,-6.104,rock
7630,-7.001,rock
7631,-7.372,rock
7632,-8.616,rock
7668,-7.36,rock
7669,-11.353,rock
7670,-8.339,rock
7671,-8.406,rock
7672,-9.249,rock
7673,-24.639,rock
7674,-7.856,rock
7675,-10.744,rock
7676,-4.807,rock
7677,-7.843,rock
7678,-7.647,rock
7679,-10.676,rock
7680,-6.475,rock
7694,-6.503,rock
7695,-4.113,rock
7696,-12.126,rock
7697,-7.093,rock
7698,-6.376,rock
7752,-9.224,rock
7753,-7.75,rock
7754,-8.89,rock
7762,-7.269,rock
7763,-10.457,rock
7768,-8.523,rock
7769,-18.621,rock
7770,-5.93,rock
7869,-4.898,rock
7870,-5.518,rock
7871,-7.878,rock
7872,-10.806,rock
7873,-16.687,rock
7874,-16.231,rock
7875,-8.436,rock
7876,-9.753,rock
7877,-5.345,rock
7878,-17.366,rock
7879,-10.263,rock
7880,-13.288,rock
7881,-15.142,rock
7882,-6.94,rock
7883,-6.719,rock
7884,-14.779,rock
7885,-7.0,rock
7886,-8.467,rock
7887,-9.912,rock
7888,-10.003,rock
7889,-6.775,rock
7890,-7.561,rock
7891,-8.142,rock
7892,-4.264,rock
7893,-5.022,rock
7894,-11.607,rock
7895,-9.112,rock
7896,-5.67,rock
7897,-5.001,rock
7898,-12.018,rock
8146,-5.085,rock
8147,-2.555,rock
8148,-2.713,rock
8149,-5.78,rock
8151,-3.779,rock
8152,-6.644,rock
8153,-4.372,rock
8154,-10.451,rock
8155,-4.431,rock
8156,-2.257,rock
8157,-4.196,rock
8158,-5.155,rock
8160,-6.483,rock
8161,-8.498,rock
8165,-5.72,rock
8166,-4.11,rock
8167,-4.001,rock
8169,-6.33,rock
8170,-6.977,rock
8171,-7.703,rock
8172,-15.35,rock
8173,-3.059,rock
8174,-6.736,rock
8175,-3.701,rock
8176,-4.236,rock
8177,-5.806,rock
8178,-14.898,rock
8179,-4.908,rock
8180,-4.668,rock
8181,-4.193,rock
8182,-5.079,rock
8183,-4.606,rock
8184,-3.777,rock
8185,-4.555,rock
8186,-6.196,rock
8193,-4.618,rock
8194,-3.258,rock
8195,-3.133,rock
8196,-2.966,rock
8197,-4.235,rock
8198,-4.05,rock
8199,-3.72,rock
8200,-2.686,rock
8201,-2.323,rock
8202,-6.026,rock
8203,-15.7,rock
8204,-6.777,rock
8205,-5.599,rock
8206,-3.908,rock
8207,-4.483,rock
8208,-2.602,rock
8209,-3.425,rock
8210,-6.938,rock
8211,-3.671,rock
8212,-4.538,rock
8213,-2.865,rock
8214,-4.523,rock
8215,-5.334,rock
8219,-8.451,rock
8220,-3.382,rock
8221,-2.938,rock
8222,-4.578,rock
8223,-3.775,rock
8224,-3.229,rock
8225,-3.668,rock
8226,-7.296,rock
8227,-9.942,rock
8228,-5.396,rock
8229,-5.042,rock
8230,-11.3,rock
8231,-6.834,rock
8232,-5.182,rock
8233,-4.203,rock
8234,-12.049,rock
8235,-3.237,rock
8236,-8.519,rock
8237,-5.053,rock
8238,-4.803,rock
8239,-6.457,rock
8240,-9.634,rock
8241,-8.638,rock
8242,-7.227,rock
8243,-2.788,rock
8244,-8.905,rock
8245,-10.081,rock
8246,-6.079,rock
8247,-5.724,rock
8248,-5.163,rock
8249,-17.707,rock
8250,-2.66,rock
8251,-4.04,rock
8252,-6.128,rock
8253,-12.999,rock
8254,-11.687,rock
8255,-13.551,rock
8256,-11.097,rock
8257,-9.811,rock
8258,-10.171,rock
8259,-14.918,rock
8260,-3.521,rock
8275,-6.431,rock
8276,-7.036,rock
8277,-2.688,rock
8278,-3.892,rock
8279,-3.409,rock
8280,-4.07,rock
8281,-4.172,rock
8282,-4.592,rock
8283,-3.026,rock
8284,-4.157,rock
8285,-3.41,rock
8286,-4.479,rock
8288,-3.433,rock
8295,-2.101,rock
8319,-4.237,rock
8329,-5.111,rock
8330,-3.063,rock
8331,-7.813,rock
8332,-7.611,rock
8333,-9.919,rock
8336,-8.29,rock
8337,-3.519,rock
8338,-9.82,rock
8340,-6.44,rock
8341,-9.305,rock
8342,-3.866,rock
8343,-12.483,rock
8344,-8.557,rock
8345,-11.78,rock
8346,-9.258,rock
8347,-9.652,rock
8348,-9.381,rock
8349,-4.253,rock
8350,-4.435,rock
8351,-11.999,rock
8352,-4.332,rock
8353,-6.076,rock
8354,-5.18,rock
8355,-4.709,rock
8356,-3.497,rock
8357,-5.296,rock
8358,-7.257,rock
8359,-5.515,rock
8360,-3.793,rock
8361,-5.131,rock
8362,-5.59,rock
8363,-6.44,rock
8365,-14.34,rock
8366,-5.89,rock
8382,-2.333,rock
8383,-4.683,rock
8384,-4.066,rock
8385,-5.625,rock
8386,-7.595,rock
8387,-4.276,rock
8388,-4.212,rock
8781,-9.438,rock
8782,-7.712,rock
8783,-8.052,rock
8784,-11.092,rock
8785,-8.897,rock
8786,-8.296,rock
8787,-5.55,rock
8788,-4.268,rock
8789,-5.824,rock
8790,-5.247,rock
8791,-4.896,rock
8801,-13.741,rock
8802,-10.163,rock
8844,-7.731,rock
8845,-11.438,rock
8846,-7.645,rock
8847,-5.032,rock
8862,-6.747,rock
8863,-6.847,rock
8864,-8.609,rock
8869,-7.659,rock
8870,-8.855,rock
8871,-8.649,rock
8872,-8.099,rock
8873,-9.188,rock
8874,-10.967,rock
8875,-10.231,rock
8876,-5.632,rock
8877,-7.011,rock
8886,-5.479,rock
8887,-11.674,rock
8888,-6.012,rock
8889,-12.244,rock
8891,-7.596,rock
8892,-8.344,rock
8893,-4.392,rock
8894,-5.826,rock
8895,-9.68,rock
8896,-2.97,rock
8897,-5.301,rock
8906,-15.039,rock
8917,-6.037,rock
8918,-6.262,rock
8919,-6.962,rock
8920,-15.021,rock
8921,-9.602,rock
8926,-8.786,rock
8927,-7.183,rock
8928,-7.962,rock
8929,-5.031,rock
8930,-6.763,rock
8931,-11.259,rock
8932,-8.519,rock
8933,-8.214,rock
8934,-6.994,rock
8935,-8.604,rock
8936,-7.927,rock
8937,-7.307,rock
8938,-11.034,rock
8939,-4.168,rock
8940,-14.531,rock
8941,-4.63,rock
8942,-4.641,rock
8943,-9.05,rock
8944,-11.853,rock
8945,-9.343,rock
8946,-11.089,rock
8947,-8.51,rock
8948,-9.211,rock
8949,-4.991,rock
8950,-12.483,rock
8951,-11.777,rock
8952,-6.396,rock
8953,-7.686,rock
8954,-9.484,rock
8955,-12.515,rock
8956,-11.493,rock
8957,-5.116,rock
8958,-8.053,rock
8959,-13.415,rock
8960,-5.981,rock
8961,-8.565,rock
8962,-6.369,rock
8964,-11.543,rock
8965,-8.286,rock
8966,-5.659,rock
8967,-9.902,rock
8968,-13.059,rock
8969,-6.784,rock
8970,-6.923,rock
8971,-4.883,rock
8972,-5.118,rock
8973,-4.197,rock
8974,-6.777,rock
8986,-5.583,rock
8989,-5.617,rock
8990,-11.585,rock
8991,-11.963,rock
8992,-7.547,rock
8993,-12.145,rock
8994,-7.168,rock
9007,-9.513,rock
9008,-13.916,rock
9031,-4.205,rock
9032,-4.536,rock
9033,-5.565,rock
9034,-4.639,rock
9035,-3.938,rock
9036,-3.929,rock
9037,-4.437,rock
9038,-4.05,rock
9039,-2.176,rock
9040,-5.285,rock
9041,-4.384,rock
9042,-4.603,rock
9043,-5.824,rock
9044,-3.618,rock
9045,-4.284,rock
9046,-3.503,rock
9047,-3.201,rock
9048,-2.219,rock
9049,-4.454,rock
9050,-5.568,rock
9051,-4.906,rock
9052,-4.773,rock
9053,-3.033,rock
9054,-3.018,rock
9055,-3.438,rock
9057,-3.327,rock
9058,-7.677,rock
9059,-4.358,rock
9060,-4.632,rock
9061,-4.211,rock
9062,-3.891,rock
9063,-3.349,rock
9064,-4.082,rock
9065,-3.416,rock
9066,-4.163,rock
9067,-5.12,rock
9068,-4.142,rock
9069,-3.768,rock
9070,-4.904,rock
9071,-4.006,rock
9072,-4.318,rock
9073,-3.771,rock
9074,-4.533,rock
9075,-3.821,rock
9076,-4.6,rock
9077,-4.162,rock
9078,-3.064,rock
9079,-5.455,rock
9080,-4.682,rock
9086,-3.944,rock
9087,-4.819,rock
9088,-3.523,rock
9089,-7.417,rock
9090,-3.576,rock
9091,-3.369,rock
9092,-3.453,rock
9093,-5.131,rock
9101,-1.711,rock
9102,-2.623,rock
9103,-3.266,rock
9111,-4.191,rock
9112,-4.52,rock
9113,-5.106,rock
9114,-4.389,rock
9147,-3.285,rock
9148,-1.241,rock
9149,-4.468,rock
9150,-5.065,rock
9151,-5.025,rock
9152,-6.126,rock
9153,-9.759,rock
9160,-13.382,rock
9161,-8.616,rock
9162,-9.637,rock
9165,-11.476,rock
9166,-9.456,rock
9167,-9.526,rock
9170,-7.102,rock
9171,-8.712,rock
9172,-4.025,rock
9173,-9.973,rock
9174,-8.873,rock
9175,-7.334,rock
9176,-9.911,rock
9177,-5.64,rock
9178,-7.599,rock
9179,-6.593,rock
9180,-6.506,rock
9181,-6.644,rock
9192,-6.014,rock
9193,-4.782,rock
9194,-6.056,rock
9195,-4.728,rock
9196,-7.097,rock
9197,-12.658,rock
9198,-7.539,rock
9199,-5.247,rock
9200,-11.054,rock
9201,-9.868,rock
9202,-5.843,rock
9203,-10.054,rock
9204,-8.263,rock
9213,-5.851,rock
9214,-9.079,rock
9284,-5.995,rock
9285,-5.477,rock
9286,-3.618,rock
9287,-8.17,rock
9288,-8.806,rock
9289,-10.276,rock
9351,-5.653,rock
9625,-3.4,rock
9626,-4.199,rock
9627,-4.51,rock
9628,-3.162,rock
9629,-4.342,rock
9630,-6.187,rock
9640,-4.878,rock
9641,-4.741,rock
9642,-2.494,rock
9643,-6.292,rock
9644,-5.312,rock
9645,-3.824,rock
9646,-2.847,rock
9647,-2.955,rock
9648,-5.516,rock
9649,-5.778,rock
9650,-6.418,rock
9651,-3.11,rock
9652,-6.435,rock
9653,-3.437,rock
9654,-5.769,rock
9655,-4.959,rock
9656,-6.007,rock
9657,-4.681,rock
9658,-4.27,rock
9659,-3.686,rock
9660,-4.174,rock
9661,-5.307,rock
9662,-6.161,rock
9663,-4.253,rock
9664,-3.191,rock
9665,-2.8,rock
9666,-4.116,rock
9667,-5.092,rock
9668,-8.287,rock
9669,-3.612,rock
9678,-4.244,rock
9679,-4.713,rock
9680,-5.427,rock
9681,-7.997,rock
9682,-2.811,rock
9683,-2.288,rock
9730,-3.843,rock
9731,-4.803,rock
9732,-5.529,rock
9733,-3.615,rock
9734,-8.071,rock
9735,-3.657,rock
9736,-3.165,rock
9737,-4.649,rock
9738,-12.667,rock
9739,-6.398,rock
9742,-2.948,rock
9743,-6.404,rock
9744,-5.315,rock
9745,-5.527,rock
9746,-6.172,rock
9747,-2.618,rock
9748,-7.296,rock
9749,-4.658,rock
9750,-3.708,rock
9751,-5.127,rock
9752,-6.845,rock
9753,-2.43,rock
9754,-5.176,rock
9755,-5.179,rock
9756,-4.722,rock
9757,-6.197,rock
9760,-4.698,rock
9761,-3.859,rock
9762,-5.539,rock
9763,-3.198,rock
9764,-2.273,rock
9765,-6.752,rock
9766,-7.367,rock
9767,-3.297,rock
9768,-4.907,rock
9769,-6.489,rock
9773,-4.43,rock
9774,-4.338,rock
9775,-3.855,rock
9776,-7.528,rock
9777,-4.177,rock
9787,-2.135,rock
11448,-10.434,rock
11449,-8.503,rock
11450,-11.633,rock
11451,-7.767,rock
11452,-14.529,rock
11453,-11.714,rock
11454,-11.985,rock
11455,-10.173,rock
11456,-12.516,rock
11457,-9.128,rock
11458,-6.678,rock
11459,-6.962,rock
11460,-10.019,rock
11461,-7.856,rock
11462,-4.201,rock
11463,-7.368,rock
11465,-3.31,rock
11466,-3.328,rock
11467,-6.582,rock
11468,-7.023,rock
11469,-6.071,rock
11470,-12.697,rock
11471,-13.454,rock
11472,-13.226,rock
11473,-7.547,rock
11476,-8.134,rock
11477,-12.65,rock
11478,-7.813,rock
11479,-12.6,rock
11480,-6.596,rock
11481,-10.129,rock
11482,-8.927,rock
11483,-7.645,rock
11484,-5.995,rock
11485,-5.147,rock
11486,-5.531,rock
11619,-8.427,rock
11620,-9.898,rock
11621,-9.978,rock
11622,-7.362,rock
11623,-7.773,rock
11624,-8.623,rock
11625,-9.042,rock
11631,-13.233,rock
11632,-12.446,rock
11633,-11.574,rock
11634,-5.072,rock
11635,-5.653,rock
11636,-4.487,rock
11637,-5.98,rock
11638,-10.008,rock
11639,-7.475,rock
11640,-5.424,rock
11641,-5.173,rock
11642,-16.942,rock
11643,-15.718,rock
11651,-12.633,rock
11654,-7.998,rock
11655,-5.6,rock
11656,-5.575,rock
11657,-6.406,rock
11658,-5.977,rock
11659,-6.716,rock
11660,-6.73,rock
12039,-9.116,rock
12040,-10.79,rock
12041,-8.027,rock
12042,-8.404,rock
12043,-6.913,rock
12044,-8.803,rock
12045,-8.267,rock
12046,-9.348,rock
12047,-9.133,rock
12048,-6.72,rock
12052,-8.477,rock
12053,-4.197,rock
12054,-3.474,rock
12055,-12.355,rock
12056,-6.281,rock
12057,-5.071,rock
12070,-10.684,rock
12741,-8.601,rock
12742,-10.594,rock
12743,-3.551,rock
12744,-5.162,rock
12745,-4.83,rock
12746,-4.422,rock
12747,-9.685,rock
12763,-4.872,rock
12764,-14.01,rock
12765,-5.651,rock
12766,-6.138,rock
12767,-5.175,rock
12768,-10.815,rock
12769,-6.7,rock
12770,-5.411,rock
12771,-1.654,rock
12772,-3.244,rock
12775,-8.189,rock
12776,-10.241,rock
12777,-7.193,rock
12778,-15.648,rock
12779,-5.872,rock
12780,-12.923,rock
12781,-5.88,rock
12782,-6.722,rock
12783,-2.1,rock
12784,-8.507,rock
12785,-5.704,rock
12786,-4.867,rock
12787,-10.724,rock
12788,-13.357,rock
12789,-4.681,rock
12790,-4.816,rock
12791,-6.51,rock
12792,-12.032,rock
12793,-3.5,rock
12794,-12.409,rock
12795,-6.764,rock
12796,-6.364,rock
12797,-7.457,rock
12798,-10.851,rock
12799,-6.812,rock
12800,-3.414,rock
12801,-15.492,rock
12802,-15.73,rock
12803,-11.717,rock
12804,-11.083,rock
12805,-8.297,rock
12806,-5.687,rock
12816,-11.713,rock
12817,-8.433,rock
12818,-5.943,rock
14413,-9.496,rock
14414,-9.812,rock
14428,-12.217,rock
14429,-5.181,rock
14430,-6.764,rock
14431,-11.748,rock
14432,-12.609,rock
14433,-13.346,rock
14434,-4.639,rock
14435,-11.558,rock
14436,-10.217,rock
14437,-6.027,rock
14438,-8.993,rock
14442,-14.567,rock
14443,-11.921,rock
14444,-4.897,rock
14445,-14.643,rock
14446,-15.646,rock
14447,-12.697,rock
14448,-13.045,rock
14449,-7.43,rock
14450,-8.769,rock
14451,-10.347,rock
14452,-9.004,rock
14455,-13.654,rock
14456,-10.618,rock
14457,-12.012,rock
14466,-11.017,rock
14467,-10.945,rock
14468,-22.618,rock
14469,-10.77,rock
14470,-5.93,rock
14538,-12.267,rock
14539,-10.298,rock
14540,-6.109,rock
14541,-8.119,rock
14542,-11.061,rock
14543,-14.122,rock
14544,-13.52,rock
14545,-8.642,rock
14546,-14.825,rock
14547,-9.697,rock
14548,-9.984,rock
14549,-13.735,rock
14551,-5.987,rock
14552,-6.777,rock
14553,-8.835,rock
14554,-12.324,rock
14555,-7.114,rock
14556,-13.105,rock
14557,-13.342,rock
14558,-16.185,rock
14559,-16.011,rock
14560,-9.928,rock
14561,-7.879,rock
14562,-10.194,rock
14563,-10.03,rock
14564,-10.078,rock
14565,-8.824,rock
14566,-4.921,rock
14567,-12.868,rock
14568,-12.967,rock
14569,-12.203,rock
14570,-12.239,rock
14571,-11.172,rock
14572,-17.352,rock
14573,-8.355,rock
14574,-12.017,rock
14575,-10.851,rock
14576,-14.06,rock
14577,-6.716,rock
14578,-7.371,rock
14579,-12.924,rock
14580,-12.907,rock
14581,-13.398,rock
14582,-7.142,rock
14583,-9.646,rock
14584,-12.892,rock
14585,-7.733,rock
14586,-8.485,rock
14587,-5.972,rock
14588,-12.497,rock
14594,-14.746,rock
14597,-8.369,rock
14598,-3.875,rock
14599,-7.784,rock
14737,-5.769,rock
14738,-12.179,rock
14739,-5.062,rock
14740,-7.951,rock
14741,-6.237,rock
14749,-6.326,rock
14750,-11.729,rock
14751,-8.56,rock
14752,-13.475,rock
14753,-5.27,rock
14754,-9.616,rock
14755,-10.164,rock
14756,-6.183,rock
14757,-11.367,rock
14758,-8.868,rock
14759,-7.95,rock
14760,-15.73,rock
14761,-3.79,rock
14762,-5.139,rock
14763,-9.717,rock
14764,-6.693,rock
14765,-12.923,rock
14766,-7.637,rock
14767,-2.733,rock
14768,-2.313,rock
14769,-6.899,rock
14770,-8.448,rock
14771,-7.299,rock
14772,-8.128,rock
14773,-18.253,rock
14774,-4.199,rock
14775,-4.116,rock
14776,-9.997,rock
14777,-9.992,rock
14778,-9.584,rock
14779,-10.205,rock
14780,-15.091,rock
14781,-8.18,rock
14782,-13.682,rock
14783,-6.195,rock
14784,-8.792,rock
14785,-6.908,rock
14786,-9.379,rock
14787,-5.735,rock
14788,-9.522,rock
14789,-11.673,rock
14790,-10.128,rock
14791,-10.482,rock
14792,-10.136,rock
14793,-10.028,rock
14794,-9.435,rock
14795,-13.204,rock
14796,-13.684,rock
14797,-11.465,rock
14798,-15.963,rock
14799,-15.616,rock
14800,-5.526,rock
14801,-9.155,rock
14802,-8.773,rock
14803,-19.012,rock
14804,-15.089,rock
14805,-14.956,rock
14806,-9.903,rock
14807,-14.034,rock
14808,-13.101,rock
14809,-16.628,rock
14814,-11.909,rock
14815,-7.681,rock
14816,-5.771,rock
14817,-10.797,rock
14818,-6.162,rock
14819,-5.828,rock
14820,-13.259,rock
14821,-13.106,rock
14825,-7.136,rock
14826,-9.96,rock
14827,-9.328,rock
14828,-10.067,rock
14829,-6.831,rock
14830,-13.085,rock
14831,-12.816,rock
14832,-9.271,rock
14833,-8.888,rock
14834,-10.964,rock
14835,-10.726,rock
14836,-10.497,rock
14837,-8.794,rock
14838,-9.557,rock
14839,-12.298,rock
14840,-10.611,rock
14841,-12.809,rock
14842,-10.286,rock
14843,-8.797,rock
14858,-9.619,rock
14859,-7.786,rock
14860,-6.388,rock
14861,-14.636,rock
14862,-6.895,rock
14863,-11.369,rock
14864,-12.548,rock
14865,-9.244,rock
14866,-10.785,rock
14867,-14.0,rock
14868,-7.813,rock
14869,-9.863,rock
14870,-14.576,rock
14871,-7.439,rock
14872,-8.924,rock
14873,-6.821,rock
14874,-8.441,rock
14875,-8.786,rock
14876,-12.902,rock
14877,-13.003,rock
14884,-9.659,rock
14885,-6.131,rock
14886,-5.843,rock
14887,-5.464,rock
14888,-7.648,rock
14889,-9.392,rock
14896,-13.588,rock
14897,-11.015,rock
14915,-15.881,rock
14925,-12.412,rock
14926,-10.687,rock
14927,-7.268,rock
14928,-8.515,rock
14929,-7.028,rock
14930,-9.78,rock
14931,-9.928,rock
14932,-11.913,rock
14933,-7.89,rock
14934,-7.325,rock
14935,-9.835,rock
14936,-8.212,rock
14937,-5.549,rock
14938,-5.591,rock
14939,-11.405,rock
14940,-3.785,rock
14941,-6.517,rock
14942,-11.6,rock
14943,-7.96,rock
14944,-5.358,rock
14945,-8.851,rock
14946,-8.367,rock
14947,-7.384,rock
14948,-8.538,rock
14949,-7.781,rock
14950,-11.258,rock
14951,-5.856,rock
14952,-6.705,rock
14953,-13.6,rock
14954,-13.061,rock
14955,-10.637,rock
14956,-7.552,rock
14957,-8.793,rock
14958,-9.288,rock
14959,-3.605,rock
14960,-9.326,rock
14961,-10.875,rock
14962,-5.787,rock
14963,-12.595,rock
14964,-11.709,rock
14965,-7.18,rock
14966,-8.089,rock
14967,-6.219,rock
14968,-4.801,rock
14969,-10.421,rock
14970,-12.062,rock
14971,-13.079,rock
14972,-8.89,rock
14973,-8.71,rock
14974,-13.333,rock
14975,-13.18,rock
14976,-10.267,rock
14977,-10.761,rock
14978,-5.391,rock
14979,-10.068,rock
14980,-9.558,rock
14982,-7.246,rock
14983,-4.881,rock
14984,-6.231,rock
14985,-9.192,rock
14986,-9.937,rock
14987,-9.803,rock
14988,-17.18,rock
14989,-6.042,rock
14990,-7.93,rock
14991,-4.992,rock
14992,-6.043,rock
15448,-5.53,rock
15449,-3.596,rock
15458,-2.352,rock
15459,-5.041,rock
15467,-3.982,rock
15468,-3.673,rock
15469,-3.339,rock
15470,-3.807,rock
15471,-3.323,rock
15472,-5.336,rock
15473,-4.237,rock
15474,-1.917,rock
15475,-2.358,rock
15476,-2.675,rock
15477,-3.843,rock
15478,-2.242,rock
15479,-2.24,rock
15480,-4.905,rock
15481,-5.182,rock
15482,-3.09,rock
15483,-3.795,rock
15484,-5.95,rock
15485,-3.846,rock
15486,-6.182,rock
15487,-4.647,rock
15488,-5.283,rock
15489,-5.157,rock
15490,-4.553,rock
15491,-5.319,rock
15492,-5.542,rock
15588,-2.141,rock
15589,-4.958,rock
15590,-2.43,rock
15591,-16.28,rock
15592,-5.96,rock
15593,-7.24,rock
15594,-3.478,rock
15595,-4.003,rock
15596,-4.756,rock
15597,-5.586,rock
15598,-4.008,rock
15599,-5.878,rock
15659,-6.121,rock
15660,-5.869,rock
15661,-8.303,rock
15662,-6.749,rock
15663,-7.643,rock
15664,-9.927,rock
15689,-5.276,rock
15690,-5.787,rock
15694,-3.879,rock
15695,-6.887,rock
15696,-5.698,rock
15697,-7.543,rock
15698,-6.937,rock
15699,-5.785,rock
15700,-6.8,rock
15701,-6.105,rock
15702,-6.112,rock
15703,-6.423,rock
15704,-9.593,rock
15705,-4.825,rock
15706,-7.811,rock
15710,-5.245,rock
15711,-14.369,rock
15712,-9.902,rock
15713,-7.679,rock
15714,-9.842,rock
15715,-6.438,rock
15716,-5.434,rock
15717,-4.826,rock
15718,-4.56,rock
15719,-7.148,rock
15720,-7.616,rock
15721,-6.846,rock
15722,-9.208,rock
15723,-5.772,rock
15724,-5.482,rock
15725,-6.472,rock
15737,-12.823,rock
15762,-7.738,rock
15763,-6.724,rock
15764,-10.151,rock
15765,-10.202,rock
15766,-7.316,rock
15767,-4.624,rock
15768,-14.57,rock
15769,-6.462,rock
15770,-5.673,rock
15771,-16.092,rock
15772,-7.006,rock
15773,-15.308,rock
15774,-5.588,rock
15775,-15.166,rock
15776,-7.677,rock
15777,-8.609,rock
15778,-6.219,rock
15779,-9.108,rock
15780,-8.541,rock
15781,-6.995,rock
15782,-9.686,rock
15783,-8.888,rock
15784,-5.496,rock
15785,-9.819,rock
15786,-11.589,rock
15787,-11.254,rock
15788,-9.928,rock
15789,-6.458,rock
15790,-7.625,rock
15791,-5.78,rock
15792,-7.842,rock
15793,-7.065,rock
15794,-23.459,rock
15795,-13.872,rock
15796,-8.035,rock
15797,-9.629,rock
15798,-8.628,rock
15799,-11.527,rock
15800,-8.44,rock
15801,-8.388,rock
15802,-6.089,rock
15803,-9.17,rock
15804,-6.326,rock
15805,-7.362,rock
15806,-5.594,rock
15811,-6.061,rock
15812,-10.012,rock
15813,-6.938,rock
15814,-6.43,rock
15815,-6.649,rock
15816,-9.546,rock
15817,-12.334,rock
15818,-12.339,rock
15819,-10.124,rock
15820,-7.202,rock
15821,-12.374,rock
15822,-9.151,rock
15826,-11.086,rock
15827,-12.441,rock
15998,-6.836,rock
15999,-3.442,rock
16000,-6.911,rock
16001,-6.094,rock
16002,-2.914,rock
16003,-5.939,rock
16004,-6.105,rock
16005,-4.649,rock
16006,-5.245,rock
16007,-4.592,rock
16008,-3.765,rock
16009,-3.633,rock
16010,-4.576,rock
16011,-3.673,rock
16017,-3.098,rock
16018,-5.193,rock
16019,-4.609,rock
16020,-4.238,rock
16021,-4.694,rock
16022,-4.221,rock
16023,-12.805,rock
16024,-2.746,rock
16025,-4.925,rock
16026,-7.0,rock
16027,-4.202,rock
16028,-7.342,rock
16029,-4.48,rock
16030,-8.089,rock
16031,-5.462,rock
16034,-5.348,rock
16035,-5.784,rock
16036,-2.139,rock
16037,-5.601,rock
16038,-3.884,rock
16046,-5.067,rock
16047,-6.116,rock
16048,-4.772,rock
16049,-7.259,rock
16050,-5.043,rock
16051,-3.901,rock
16052,-3.697,rock
16053,-2.449,rock
17979,-6.917,rock
17980,-9.519,rock
17981,-6.384,rock
17982,-5.358,rock
17983,-6.196,rock
17984,-9.001,rock
17985,-10.995,rock
17986,-4.325,rock
17987,-8.519,rock
17988,-4.746,rock
17989,-5.768,rock
17990,-3.629,rock
17996,-11.137,rock
17997,-10.841,rock
17998,-8.898,rock
17999,-4.918,rock
18000,-4.979,rock
18001,-4.496,rock
18002,-10.71,rock
18003,-6.872,rock
18004,-7.281,rock
18005,-5.445,rock
18006,-4.905,rock
18007,-7.14,rock
18008,-5.766,rock
18009,-2.982,rock
18010,-13.958,rock
18011,-3.233,rock
18012,-9.021,rock
18031,-8.692,rock
18032,-7.187,rock
18033,-3.908,rock
18034,-3.881,rock
18035,-3.647,rock
18036,-4.996,rock
18037,-3.607,rock
18038,-2.863,rock
18039,-3.817,rock
18047,-7.176,rock
18048,-5.27,rock
18049,-4.624,rock
18050,-6.666,rock
18051,-8.163,rock
18052,-3.754,rock
18053,-6.885,rock
18054,-4.955,rock
18055,-4.645,rock
18056,-5.047,rock
18057,-4.535,rock
18058,-4.748,rock
18059,-13.055,rock
18060,-13.015,rock
18061,-14.098,rock
18062,-18.152,rock
18063,-10.716,rock
18064,-10.933,rock
18065,-12.523,rock
18066,-12.835,rock
18067,-11.003,rock
18068,-3.23,rock
18069,-6.846,rock
18070,-4.013,rock
18071,-9.181,rock
18072,-7.788,rock
18073,-9.87,rock
18074,-3.68,rock
18075,-3.152,rock
18076,-2.042,rock
18077,-6.192,rock
18078,-9.788,rock
18079,-2.53,rock
18080,-4.649,rock
18081,-2.012,rock
18082,-2.407,rock
18083,-5.883,rock
18084,-5.139,rock
18085,-4.103,rock
18086,-4.643,rock
18087,-8.227,rock
18088,-5.362,rock
18089,-7.211,rock
18090,-5.218,rock
18091,-5.774,rock
18092,-4.054,rock
18093,-4.911,rock
18094,-4.09,rock
18095,-6.496,rock
18096,-5.627,rock
18098,-6.845,rock
18099,-10.184,rock
18100,-6.564,rock
18101,-4.046,rock
18102,-3.487,rock
18103,-3.03,rock
18104,-7.819,rock
18105,-5.024,rock
18106,-14.679,rock
18107,-11.822,rock
18108,-11.635,rock
18109,-4.897,rock
18110,-3.159,rock
18111,-2.306,rock
18112,-4.571,rock
18113,-7.928,rock
18114,-7.978,rock
18115,-5.559,rock
18116,-10.433,rock
18122,-7.638,rock
18123,-10.247,rock
18124,-17.227,rock
18125,-9.106,rock
18126,-3.71,rock
18127,-6.942,rock
18128,-4.046,rock
18129,-6.892,rock
18131,-8.624,rock
18132,-3.124,rock
18133,-7.113,rock
18134,-8.965,rock
18136,-10.835,rock
18137,-13.496,rock
18163,-2.533,rock
18171,-4.849,rock
18172,-12.255,rock
18173,-9.896,rock
18174,-6.227,rock
18175,-7.463,rock
18176,-9.026,rock
18177,-9.451,rock
18178,-13.286,rock
18179,-5.051,rock
18180,-8.745,rock
18181,-11.763,rock
18182,-14.63,rock
18183,-6.463,rock
18184,-4.55,rock
18185,-5.855,rock
18186,-6.189,rock
18187,-6.869,rock
18188,-12.663,rock
18189,-4.444,rock
18190,-12.87,rock
18193,-14.134,rock
18194,-8.657,rock
18195,-9.051,rock
18196,-6.903,rock
18197,-11.754,rock
18198,-7.058,rock
18199,-6.006,rock
18200,-16.729,rock
18201,-9.258,rock
18202,-8.123,rock
18203,-12.436,rock
18204,-8.355,rock
18205,-7.957,rock
18206,-10.319,rock
18207,-14.189,rock
18208,-3.467,rock
18209,-4.066,rock
18210,-3.509,rock
18211,-8.263,rock
18212,-6.148,rock
18213,-5.333,rock
18214,-9.229,rock
18215,-5.084,rock
18216,-10.45,rock
18217,-6.029,rock
18218,-9.362,rock
18219,-8.124,rock
18220,-11.179,rock
18221,-12.095,rock
18222,-5.329,rock
18223,-10.61,rock
18224,-5.54,rock
18225,-8.407,rock
18226,-11.381,rock
18227,-17.796,rock
18228,-11.686,rock
18229,-8.958,rock
18230,-5.61,rock
18231,-7.547,rock
18232,-9.307,rock
18233,-7.243,rock
18359,-6.22,rock
18360,-4.673,rock
18361,-6.586,rock
18362,-4.509,rock
18363,-15.819,rock
18364,-14.699,rock
18365,-15.91,rock
18366,-17.231,rock
18367,-14.273,rock
18368,-15.783,rock
18369,-5.467,rock
18370,-6.758,rock
18371,-4.851,rock
18372,-10.798,rock
18373,-7.265,rock
18374,-6.26,rock
18375,-3.679,rock
18376,-3.811,rock
18377,-15.856,rock
18381,-4.32,rock
18382,-5.576,rock
18383,-15.851,rock
18384,-16.536,rock
18385,-7.37,rock
18386,-8.015,rock
18387,-7.448,rock
18388,-5.602,rock
18389,-6.174,rock
18390,-6.22,rock
18391,-13.193,rock
18392,-13.593,rock
18393,-10.577,rock
18394,-11.964,rock
18395,-12.194,rock
18396,-12.264,rock
18397,-6.786,rock
18398,-11.38,rock
18399,-7.056,rock
18400,-5.93,rock
18401,-6.296,rock
18402,-8.691,rock
18403,-6.9,rock
18404,-7.553,rock
18405,-8.016,rock
18406,-8.174,rock
18407,-7.228,rock
18408,-6.693,rock
18409,-6.089,rock
18410,-5.667,rock
18411,-6.874,rock
18412,-6.521,rock
18413,-26.087,rock
18414,-6.337,rock
18415,-8.907,rock
18416,-6.065,rock
18417,-5.58,rock
18418,-12.49,rock
18419,-11.125,rock
18420,-13.703,rock
18456,-5.481,rock
18462,-5.916,rock
18463,-5.102,rock
18464,-6.47,rock
18466,-6.145,rock
18467,-7.487,rock
18468,-6.579,rock
18469,-9.087,rock
18486,-16.239,rock
18487,-4.404,rock
18488,-5.333,rock
18489,-2.949,rock
18490,-7.816,rock
18491,-6.046,rock
18492,-9.612,rock
18493,-5.095,rock
18494,-13.371,rock
18495,-8.836,rock
18496,-11.88,rock
18497,-4.321,rock
18498,-4.615,rock
18499,-3.633,rock
18501,-2.654,rock
18502,-2.789,rock
18503,-7.201,rock
18504,-4.627,rock
18505,-4.635,rock
18506,-10.846,rock
18507,-11.225,rock
18509,-11.568,rock
18510,-5.259,rock
18511,-5.509,rock
18512,-6.412,rock
18513,-3.563,rock
18514,-7.586,rock
18515,-7.051,rock
18535,-4.671,rock
18537,-6.215,rock
18538,-5.509,rock
18539,-12.051,rock
18540,-5.263,rock
18541,-10.256,rock
18542,-9.072,rock
18543,-11.4,rock
18544,-6.736,rock
18545,-15.568,rock
18546,-7.102,rock
18547,-5.964,rock
18548,-8.172,rock
18549,-6.557,rock
18550,-6.785,rock
18551,-4.76,rock
18564,-3.804,rock
18565,-13.475,rock
18566,-5.659,rock
18567,-13.615,rock
18568,-11.931,rock
18569,-10.725,rock
18578,-4.001,rock
18587,-6.053,rock
18588,-5.571,rock
18589,-14.884,rock
18590,-10.424,rock
18591,-6.416,rock
18592,-9.019,rock
18593,-2.962,rock
18594,-6.802,rock
18595,-6.624,rock
18596,-11.626,rock
18597,-4.591,rock
18598,-6.299,rock
18599,-4.464,rock
18600,-6.751,rock
18601,-5.591,rock
18602,-7.711,rock
18603,-5.872,rock
18604,-4.899,rock
18605,-5.105,rock
18606,-12.846,rock
18607,-5.436,rock
18608,-8.642,rock
18611,-3.296,rock
18612,-4.089,rock
18613,-11.541,rock
18614,-9.883,rock
18615,-3.886,rock
18616,-14.021,rock
18617,-6.051,rock
18707,-6.406,rock
18711,-10.106,rock
18712,-13.553,rock
18713,-12.871,rock
18714,-4.204,rock
18715,-4.983,rock
21627,-4.696,rock
21628,-5.666,rock
21629,-3.249,rock
21630,-4.556,rock
21631,-5.611,rock
21632,-5.146,rock
21633,-6.665,rock
21634,-5.294,rock
21635,-3.265,rock
21636,-7.955,rock
21637,-3.445,rock
21638,-5.526,rock
21639,-6.478,rock
21640,-4.627,rock
21641,-3.364,rock
21642,-4.424,rock
21643,-3.813,rock
21644,-4.757,rock
21645,-3.934,rock
21646,-2.776,rock
21647,-5.165,rock
21648,-8.627,rock
21649,-6.41,rock
21650,-7.63,rock
21651,-6.679,rock
21652,-6.331,rock
21653,-8.673,rock
21654,-10.843,rock
21655,-8.519,rock
21656,-7.07,rock
21657,-13.416,rock
21658,-4.769,rock
21659,-11.592,rock
21660,-7.466,rock
21661,-6.184,rock
21662,-5.953,rock
21663,-11.967,rock
21664,-6.642,rock
21665,-11.238,rock
21666,-8.775,rock
21667,-4.083,rock
21668,-3.503,rock
21669,-6.454,rock
21670,-6.321,rock
21671,-9.81,rock
21672,-8.116,rock
21673,-8.718,rock
21674,-13.071,rock
21675,-10.632,rock
21676,-5.113,rock
21677,-10.141,rock
21678,-8.838,rock
21679,-6.869,rock
21680,-13.643,rock
21681,-7.911,rock
21682,-11.687,rock
21683,-10.982,rock
21684,-7.634,rock
21685,-5.106,rock
21686,-7.301,rock
21687,-11.625,rock
21688,-9.158,rock
21689,-9.797,rock
21690,-13.207,rock
21691,-9.838,rock
21692,-6.197,rock
21693,-5.565,rock
21694,-11.357,rock
21695,-9.976,rock
21696,-5.215,rock
21697,-9.412,rock
21698,-15.051,rock
21699,-11.813,rock
21700,-8.088,rock
21701,-8.662,rock
21702,-7.855,rock
21703,-9.87,rock
21704,-9.366,rock
21705,-6.047,rock
21706,-10.715,rock
21707,-10.984,rock
21708,-11.209,rock
21709,-9.414,rock
21710,-8.192,rock
21711,-4.613,rock
21712,-7.452,rock
21713,-13.631,rock
21714,-14.124,rock
21715,-12.194,rock
21716,-6.76,rock
21717,-7.078,rock
21718,-7.689,rock
21719,-6.138,rock
21720,-11.121,rock
21721,-5.767,rock
21722,-12.437,rock
21723,-11.271,rock
21724,-5.011,rock
21725,-9.579,rock
21726,-5.806,rock
21727,-4.5,rock
21728,-8.361,rock
21729,-4.087,rock
21730,-10.847,rock
21731,-5.71,rock
21732,-4.646,rock
21733,-4.843,rock
21734,-7.46,rock
21735,-7.307,rock
21736,-5.119,rock
21737,-8.678,rock
21738,-7.865,rock
21739,-7.648,rock
21740,-4.039,rock
21741,-10.15,rock
21742,-4.862,rock
21743,-5.559,rock
21744,-5.9,rock
21745,-9.548,rock
21746,-8.12,rock
21747,-6.322,rock
22064,-10.528,rock
22065,-6.287,rock
22066,-5.598,rock
22067,-6.288,rock
22068,-8.201,rock
22069,-4.738,rock
22070,-5.833,rock
22071,-8.865,rock
22072,-7.35,rock
22073,-10.572,rock
22074,-5.218,rock
22075,-10.961,rock
22076,-7.428,rock
22077,-9.224,rock
22078,-7.024,rock
22079,-8.318,rock
22080,-7.842,rock
22081,-5.678,rock
22082,-4.651,rock
22083,-8.397,rock
22084,-13.014,rock
22085,-12.238,rock
22086,-10.527,rock
22087,-6.983,rock
22088,-5.433,rock
22089,-9.494,rock
22090,-9.522,rock
22091,-5.665,rock
22092,-5.758,rock
22093,-4.082,rock
22094,-6.255,rock
22095,-2.64,rock
22096,-8.858,rock
22097,-5.96,rock
22098,-8.045,rock
22099,-5.293,rock
22100,-13.685,rock
22101,-7.238,rock
22102,-7.226,rock
22103,-4.274,rock
22104,-7.8,rock
22105,-6.61,rock
22106,-11.812,rock
22107,-6.243,rock
22108,-6.338,rock
22109,-8.955,rock
22110,-3.486,rock
22111,-4.638,rock
22112,-3.744,rock
22113,-7.614,rock
22114,-9.834,rock
22115,-1.998,rock
22116,-3.477,rock
22117,-4.903,rock
22118,-6.918,rock
22119,-2.673,rock
22120,-9.875,rock
22121,-7.04,rock
22122,-9.82,rock
22123,-4.111,rock
22124,-5.739,rock
22125,-12.162,rock
22126,-7.466,rock
22127,-4.793,rock
22128,-4.473,rock
22129,-5.988,rock
22130,-6.582,rock
22131,-4.938,rock
22132,-14.327,rock
22133,-3.935,rock
22134,-4.194,rock
22135,-7.621,rock
22136,-5.856,rock
22137,-9.615,rock
22138,-3.072,rock
22139,-6.48,rock
22140,-4.741,rock
22141,-8.066,rock
22142,-7.655,rock
22143,-5.796,rock
22144,-13.267,rock
22145,-8.396,rock
22146,-9.441,rock
22147,-5.309,rock
22148,-7.745,rock
22149,-6.452,rock
22150,-7.028,rock
22151,-13.484,rock
22152,-4.031,rock
22153,-7.625,rock
22154,-6.735,rock
22155,-7.629,rock
22595,-4.54,rock
22596,-4.222,rock
22597,-5.102,rock
22598,-4.186,rock
22599,-5.632,rock
22600,-2.406,rock
22601,-4.393,rock
22602,-3.336,rock
22603,-3.775,rock
22604,-3.218,rock
22605,-3.383,rock
22606,-3.609,rock
22607,-5.658,rock
22608,-8.209,rock
22609,-3.093,rock
22610,-4.095,rock
22611,-3.316,rock
22612,-2.912,rock
22613,-4.59,rock
22614,-3.633,rock
22615,-4.91,rock
22616,-8.504,rock
22617,-4.817,rock
22618,-1.959,rock
22619,-3.268,rock
22620,-3.846,rock
22621,-5.458,rock
22622,-3.126,rock
22623,-3.154,rock
22624,-7.037,rock
22625,-2.176,rock
22626,-4.957,rock
22627,-4.788,rock
22628,-4.591,rock
22629,-3.807,rock
22630,-2.501,rock
22631,-5.731,rock
22632,-4.641,rock
22633,-4.918,rock
22634,-2.912,rock
22635,-6.304,rock
22636,-4.795,rock
22637,-4.518,rock
22638,-7.533,rock
22639,-5.721,rock
22640,-7.268,rock
22641,-5.173,rock
22642,-3.408,rock
22643,-3.763,rock
22644,-6.283,rock
22645,-3.899,rock
22646,-4.147,rock
22647,-4.995,rock
22648,-3.001,rock
22649,-3.591,rock
22650,-4.572,rock
22651,-5.888,rock
22652,-11.364,rock
22653,-5.869,rock
22654,-4.16,rock
22655,-4.49,rock
22656,-4.419,rock
22657,-3.659,rock
22658,-4.64,rock
22659,-3.517,rock
22660,-4.198,rock
22661,-6.136,rock
22662,-7.291,rock
22663,-4.807,rock
22664,-5.575,rock
22665,-3.244,rock
22666,-7.968,rock
22667,-7.654,rock
22668,-5.484,rock
22669,-3.014,rock
22670,-3.905,rock
22671,-3.332,rock
22672,-4.299,rock
22673,-7.85,rock
22674,-5.499,rock
22675,-4.687,rock
22676,-1.962,rock
22677,-3.739,rock
22678,-5.819,rock
22679,-4.654,rock
22680,-5.764,rock
22681,-4.151,rock
22682,-4.205,rock
22683,-5.453,rock
22684,-2.402,rock
22685,-4.582,rock
22686,-6.484,rock
22687,-5.47,rock
22688,-6.57,rock
22689,-4.855,rock
22690,-6.118,rock
22691,-5.771,rock
22692,-2.631,rock
22693,-7.734,rock
22694,-3.561,rock
22695,-3.441,rock
22696,-2.414,rock
22697,-5.077,rock
22698,-9.865,rock
22699,-4.569,rock
22700,-3.892,rock
22701,-3.994,rock
22702,-5.055,rock
22703,-5.111,rock
22704,-7.791,rock
22705,-6.746,rock
22706,-4.264,rock
22707,-4.145,rock
22708,-3.494,rock
22709,-3.275,rock
22710,-5.037,rock
22711,-3.877,rock
22712,-3.034,rock
22713,-3.572,rock
22714,-3.582,rock
22715,-2.966,rock
22716,-8.952,rock
22717,-2.927,rock
22718,-5.301,rock
22719,-4.715,rock
22720,-3.65,rock
22721,-4.093,rock
22722,-3.253,rock
22723,-5.264,rock
22724,-3.896,rock
22725,-4.584,rock
22726,-4.739,rock
22727,-2.657,rock
22728,-4.44,rock
22729,-3.438,rock
22730,-3.708,rock
22731,-4.145,rock
22732,-6.528,rock
22733,-4.469,rock
22734,-7.425,rock
22735,-4.517,rock
22736,-5.87,rock
22737,-3.906,rock
22738,-6.614,rock
22739,-4.566,rock
22740,-4.029,rock
22741,-4.973,rock
22742,-4.175,rock
22743,-3.144,rock
22744,-5.55,rock
22745,-1.554,rock
22746,-6.351,rock
22747,-4.943,rock
22748,-2.996,rock
22749,-3.008,rock
22750,-3.971,rock
22751,-3.285,rock
22752,-3.532,rock
22753,-3.304,rock
22754,-3.676,rock
22755,-4.441,rock
22756,-4.285,rock
22757,-6.249,rock
22758,-3.423,rock
22759,-4.46,rock
22760,-4.688,rock
22761,-6.137,rock
22762,-4.339,rock
22763,-3.41,rock
22764,-4.867,rock
22765,-4.781,rock
22766,-4.076,rock
22767,-5.845,rock
22768,-7.229,rock
22769,-4.407,rock
22770,-3.245,rock
22771,-4.192,rock
22772,-4.412,rock
22773,-3.73,rock
22774,-7.082,rock
22775,-3.798,rock
22776,-3.227,rock
22777,-4.66,rock
22778,-3.174,rock
22779,-4.475,rock
22780,-4.531,rock
22781,-4.777,rock
22782,-5.399,rock
22783,-3.491,rock
22784,-3.524,rock
22785,-4.633,rock
22786,-3.378,rock
22787,-3.548,rock
22788,-5.356,rock
22789,-6.387,rock
22790,-3.888,rock
22791,-4.184,rock
22792,-4.95,rock
22793,-2.188,rock
22794,-5.013,rock
22795,-2.707,rock
22796,-5.587,rock
22797,-2.758,rock
22798,-3.63,rock
22799,-3.945,rock
22800,-4.731,rock
22801,-6.968,rock
22802,-19.301,rock
22803,-16.507,rock
22804,-7.963,rock
22805,-7.679,rock
22806,-6.576,rock
22807,-4.927,rock
22808,-2.757,rock
22809,-4.525,rock
22810,-5.122,rock
22811,-4.918,rock
22812,-5.875,rock
22813,-3.205,rock
22814,-5.215,rock
22815,-9.448,rock
22816,-5.764,rock
22817,-4.133,rock
22818,-4.644,rock
22819,-5.608,rock
22820,-3.427,rock
22821,-3.677,rock
22822,-4.07,rock
22823,-5.057,rock
22824,-3.685,rock
22825,-4.476,rock
22826,-4.404,rock
22827,-6.003,rock
22828,-6.495,rock
22829,-5.524,rock
22830,-5.009,rock
22831,-4.088,rock
22832,-3.756,rock
22833,-2.6,rock
22834,-3.83,rock
22835,-5.295,rock
22836,-5.38,rock
22837,-4.32,rock
22838,-2.679,rock
22839,-5.204,rock
22840,-1.6,rock
22841,-6.976,rock
22842,-5.648,rock
22843,-3.761,rock
22844,-4.814,rock
22845,-4.41,rock
22846,-5.881,rock
22847,-5.598,rock
22848,-10.835,rock
22849,-9.342,rock
22850,-15.014,rock
22851,-7.136,rock
22852,-9.159,rock
22853,-7.666,rock
22854,-8.15,rock
22855,-4.496,rock
22856,-5.861,rock
22857,-3.354,rock
22858,-2.935,rock
22859,-8.685,rock
22860,-5.862,rock
22861,-7.191,rock
22862,-3.549,rock
22863,-5.433,rock
22864,-4.507,rock
22865,-5.66,rock
22866,-5.157,rock
22867,-5.708,rock
22868,-3.245,rock
22869,-3.663,rock
22870,-9.362,rock
22871,-6.251,rock
22872,-10.764,rock
22873,-4.902,rock
22874,-2.36,rock
22875,-8.968,rock
22876,-6.335,rock
22877,-7.496,rock
22878,-5.723,rock
22879,-2.695,rock
22880,-6.732,rock
22881,-5.756,rock
22882,-6.254,rock
22883,-4.262,rock
22884,-5.877,rock
22885,-3.981,rock
22886,-4.885,rock
22887,-3.188,rock
22888,-4.153,rock
22889,-6.876,rock
22890,-3.617,rock
22891,-3.318,rock
22892,-4.261,rock
22893,-10.503,rock
22894,-7.704,rock
22895,-13.783,rock
22896,-2.981,rock
22897,-13.354,rock
22898,-3.674,rock
22899,-6.733,rock
22900,-5.153,rock
22901,-6.788,rock
22902,-8.25,rock
22903,-8.897,rock
22904,-6.743,rock
22905,-6.783,rock
22906,-9.434,rock
22907,-9.739,rock
22908,-8.989,rock
22909,-6.185,rock
22910,-12.888,rock
22911,-12.029,rock
22912,-9.892,rock
22913,-6.408,rock
22914,-9.367,rock
22915,-21.218,rock
22916,-10.965,rock
22917,-7.686,rock
22918,-7.041,rock
22919,-10.596,rock
22920,-9.813,rock
22921,-11.213,rock
22922,-9.139,rock
22923,-8.441,rock
22924,-15.838,rock
22925,-13.069,rock
22926,-8.708,rock
22927,-6.117,rock
22928,-12.503,rock
22929,-9.543,rock
22930,-14.42,rock
22931,-13.271,rock
22932,-11.11,rock
22933,-6.896,rock
22934,-6.913,rock
22935,-5.207,rock
22936,-7.464,rock
22937,-5.653,rock
22938,-5.704,rock
22939,-7.52,rock
22940,-9.274,rock
22941,-9.218,rock
22942,-8.837,rock
22943,-16.437,rock
22944,-8.455,rock
22945,-7.476,rock
22946,-8.428,rock
22947,-4.632,rock
22948,-12.452,rock
22949,-7.417,rock
22950,-11.495,rock
22951,-5.484,rock
22952,-7.67,rock
22953,-7.755,rock
22954,-8.469,rock
22955,-8.4,rock
22956,-13.945,rock
22957,-7.165,rock
22958,-4.544,rock
22959,-7.115,rock
22960,-5.216,rock
22961,-4.762,rock
22962,-7.34,rock
22963,-4.209,rock
22964,-6.016,rock
22965,-4.19,rock
22966,-8.281,rock
22967,-10.069,rock
22968,-7.514,rock
22969,-7.698,rock
22970,-3.517,rock
22971,-5.576,rock
22972,-3.107,rock
22973,-11.569,rock
22974,-9.227,rock
22975,-9.891,rock
22976,-5.167,rock
22977,-6.663,rock
22978,-3.557,rock
22979,-13.217,rock
22980,-9.216,rock
22981,-6.198,rock
22982,-6.946,rock
22983,-4.24,rock
22984,-4.938,rock
22985,-2.738,rock
22986,-2.52,rock
22987,-2.435,rock
22988,-4.383,rock
22989,-5.433,rock
22990,-4.514,rock
22991,-2.274,rock
22992,-5.752,rock
22993,-3.792,rock
22994,-5.274,rock
22995,-3.641,rock
22996,-7.198,rock
22997,-3.041,rock
22998,-4.91,rock
22999,-3.771,rock
23000,-12.005,rock
23001,-8.377,rock
23002,-4.489,rock
23003,-3.191,rock
23004,-4.758,rock
23005,-6.861,rock
23006,-4.003,rock
23007,-2.802,rock
23008,-8.354,rock
23009,-7.187,rock
23010,-7.419,rock
23011,-7.596,rock
23012,-3.678,rock
23013,-4.004,rock
23014,-5.286,rock
23015,-2.896,rock
23016,-3.435,rock
23017,-6.741,rock
23018,-3.398,rock
23019,-6.185,rock
23020,-5.126,rock
23021,-7.189,rock
23022,-3.209,rock
23023,-4.723,rock
23024,-7.431,rock
23025,-3.903,rock
23026,-9.363,rock
23027,-11.906,rock
23028,-8.815,rock
23029,-6.566,rock
23030,-9.781,rock
23031,-10.057,rock
23032,-9.581,rock
23033,-7.495,rock
23034,-6.492,rock
23035,-6.932,rock
23036,-6.48,rock
23037,-5.744,rock
23038,-14.177,rock
23039,-4.744,rock
23040,-5.879,rock
23041,-9.996,rock
23042,-16.161,rock
23043,-6.082,rock
443,-12.613,rap
444,-11.705,rap
445,-13.062,rap
446,-5.095,rap
447,-7.942,rap
448,-6.338,rap
449,-5.969,rap
450,-5.652,rap
451,-6.734,rap
452,-5.961,rap
455,-5.54,rap
456,-4.208,rap
457,-6.746,rap
458,-4.401,rap
459,-3.69,rap
460,-4.363,rap
480,-6.194,rap
481,-6.163,rap
482,-7.023,rap
483,-7.317,rap
484,-8.698,rap
485,-9.477,rap
488,-5.895,rap
489,-11.11,rap
490,-7.495,rap
491,-9.461,rap
492,-8.015,rap
493,-10.658,rap
494,-8.683,rap
495,-11.613,rap
496,-10.58,rap
497,-6.655,rap
503,-11.618,rap
504,-11.978,rap
505,-13.116,rap
507,-6.555,rap
508,-12.287,rap
509,-7.634,rap
510,-9.529,rap
638,-4.954,rap
639,-6.902,rap
640,-8.22,rap
641,-3.938,rap
642,-2.747,rap
643,-6.792,rap
644,-8.061,rap
655,-4.901,rap
665,-9.857,rap
666,-6.065,rap
667,-4.592,rap
668,-3.918,rap
669,-4.007,rap
670,-11.7,rap
671,-6.311,rap
672,-8.843,rap
688,-6.814,rap
689,-7.877,rap
690,-9.404,rap
691,-4.731,rap
692,-6.691,rap
693,-4.029,rap
694,-3.892,rap
695,-8.953,rap
696,-8.324,rap
697,-3.306,rap
698,-9.573,rap
699,-5.949,rap
700,-7.359,rap
701,-7.109,rap
702,-4.781,rap
703,-8.533,rap
716,-4.838,rap
717,-9.957,rap
718,-7.791,rap
719,-5.497,rap
720,-3.782,rap
721,-8.05,rap
722,-7.639,rap
723,-7.4,rap
724,-4.517,rap
725,-6.845,rap
726,-11.518,rap
727,-5.789,rap
728,-5.712,rap
729,-12.006,rap
730,-5.913,rap
733,-6.368,rap
734,-4.259,rap
735,-5.257,rap
736,-10.442,rap
737,-8.507,rap
738,-3.786,rap
739,-4.623,rap
740,-7.721,rap
741,-7.889,rap
742,-10.11,rap
743,-10.047,rap
744,-8.309,rap
745,-5.178,rap
746,-8.641,rap
747,-8.421,rap
749,-7.755,rap
750,-3.0,rap
751,-3.763,rap
754,-6.555,rap
755,-9.188,rap
756,-5.641,rap
757,-6.709,rap
758,-5.543,rap
759,-7.148,rap
760,-10.518,rap
763,-7.185,rap
936,-5.434,rap
937,-13.063,rap
938,-4.409,rap
940,-7.984,rap
941,-8.579,rap
942,-10.954,rap
943,-3.929,rap
944,-5.775,rap
945,-9.611,rap
946,-8.208,rap
947,-5.638,rap
948,-10.136,rap
949,-6.882,rap
950,-10.151,rap
951,-7.389,rap
953,-6.526,rap
954,-8.332,rap
955,-10.209,rap
956,-11.035,rap
957,-9.554,rap
958,-7.377,rap
959,-14.252,rap
960,-10.01,rap
961,-7.04,rap
962,-11.632,rap
971,-7.883,rap
1003,-8.104,rap
1004,-9.703,rap
1005,-6.025,rap
1006,-7.251,rap
1007,-7.399,rap
1008,-4.75,rap
1009,-8.467,rap
1021,-6.002,rap
1022,-3.243,rap
1023,-6.562,rap
1024,-11.491,rap
1025,-6.143,rap
1026,-9.701,rap
1027,-9.288,rap
1028,-6.542,rap
1029,-6.547,rap
1030,-6.511,rap
1031,-11.552,rap
1032,-9.256,rap
1033,-6.499,rap
1042,-6.272,rap
1043,-5.075,rap
1044,-9.932,rap
1057,-7.666,rap
1058,-10.05,rap
1065,-7.401,rap
1066,-6.881,rap
1067,-3.8,rap
1070,-11.093,rap
1071,-8.303,rap
1072,-10.093,rap
1073,-7.477,rap
1074,-3.399,rap
1075,-8.165,rap
1078,-4.731,rap
1079,-8.677,rap
1080,-5.983,rap
1081,-8.445,rap
1082,-5.233,rap
1083,-14.283,rap
1084,-7.384,rap
1088,-5.628,rap
1089,-5.88,rap
1090,-7.664,rap
1112,-3.748,rap
1121,-6.179,rap
1129,-5.325,rap
1130,-11.451,rap
1137,-7.784,rap
1138,-4.734,rap
1139,-5.841,rap
1143,-10.19,rap
1148,-7.674,rap
1154,-8.623,rap
1155,-8.887,rap
1156,-7.332,rap
1161,-9.104,rap
1162,-5.931,rap
1163,-5.026,rap
1164,-9.774,rap
1165,-5.28,rap
1166,-9.55,rap
1168,-11.167,rap
1169,-7.417,rap
1170,-9.655,rap
1171,-10.117,rap
1172,-10.443,rap
1229,-11.48,rap
1230,-5.164,rap
1231,-11.618,rap
1232,-5.331,rap
1233,-8.584,rap
1257,-6.802,rap
1258,-7.235,rap
1259,-6.522,rap
1260,-7.359,rap
1261,-6.83,rap
1262,-7.005,rap
1263,-7.146,rap
1264,-5.808,rap
1265,-11.183,rap
1266,-4.842,rap
1267,-9.09,rap
1268,-5.046,rap
1269,-9.64,rap
1270,-5.07,rap
1289,-6.802,rap
1292,-6.923,rap
1293,-8.92,rap
1303,-7.51,rap
1304,-11.198,rap
1311,-6.345,rap
1312,-8.641,rap
1315,-7.101,rap
1316,-11.743,rap
1317,-6.565,rap
1346,-8.739,rap
1347,-5.15,rap
1348,-8.857,rap
1349,-8.068,rap
1350,-5.271,rap
1351,-4.581,rap
1352,-9.08,rap
1353,-8.071,rap
1354,-8.505,rap
1400,-5.105,rap
1401,-6.593,rap
1402,-6.785,rap
1403,-8.079,rap
1404,-2.534,rap
1405,-5.282,rap
1406,-11.08,rap
1407,-3.322,rap
1408,-6.986,rap
1409,-5.413,rap
1410,-9.377,rap
1411,-6.044,rap
1412,-8.076,rap
1413,-3.141,rap
1414,-7.227,rap
1415,-4.673,rap
1416,-6.343,rap
1417,-5.744,rap
1420,-11.209,rap
1421,-7.201,rap
1422,-3.937,rap
1448,-4.363,rap
1449,-6.626,rap
1450,-7.856,rap
1451,-6.297,rap
1452,-8.323,rap
1453,-6.688,rap
1464,-5.931,rap
1465,-5.418,rap
1466,-4.837,rap
1467,-5.252,rap
1468,-5.888,rap
1469,-7.482,rap
1470,-6.596,rap
1474,-3.226,rap
1475,-7.574,rap
1476,-4.832,rap
1477,-8.771,rap
1479,-8.475,rap
1498,-10.783,rap
1499,-6.206,rap
1506,-6.664,rap
1507,-5.984,rap
1530,-8.139,rap
1531,-7.773,rap
1532,-8.722,rap
1533,-7.668,rap
1534,-5.094,rap
1535,-6.403,rap
1536,-2.129,rap
1537,-5.359,rap
1538,-10.548,rap
1539,-4.081,rap
1540,-4.443,rap
1541,-4.55,rap
1542,-6.4,rap
1543,-8.347,rap
1582,-3.353,rap
1583,-8.444,rap
1584,-6.142,rap
1585,-9.455,rap
1586,-8.603,rap
1587,-5.829,rap
1588,-20.338,rap
1589,-6.948,rap
1594,-6.931,rap
1595,-5.673,rap
1596,-8.344,rap
1597,-4.837,rap
1598,-2.797,rap
1599,-5.015,rap
1600,-4.319,rap
1601,-5.276,rap
1602,-5.673,rap
1603,-7.749,rap
1607,-3.37,rap
1608,-5.472,rap
1609,-6.665,rap
1610,-4.343,rap
1611,-7.066,rap
1612,-10.47,rap
1613,-3.144,rap
1614,-3.011,rap
1615,-7.002,rap
1616,-3.932,rap
1618,-2.941,rap
1619,-6.996,rap
1620,-5.413,rap
1958,-8.292,rap
1959,-17.772,rap
1960,-3.458,rap
1961,-7.004,rap
1962,-5.09,rap
1963,-10.277,rap
1964,-9.252,rap
1965,-4.49,rap
1966,-5.58,rap
1967,-5.147,rap
1969,-4.282,rap
1970,0.326,rap
1971,-5.113,rap
1972,-9.223,rap
1973,-5.635,rap
1974,-9.747,rap
1975,-5.133,rap
1976,-8.873,rap
1977,-9.289,rap
1978,-5.954,rap
1979,-6.689,rap
1993,-10.151,rap
1994,-5.69,rap
2026,-5.894,rap
2027,-5.534,rap
2028,-6.191,rap
2054,-7.802,rap
2055,-1.174,rap
2058,-6.848,rap
2059,-4.463,rap
2071,-6.573,rap
2072,-5.62,rap
2073,-4.126,rap
2074,-3.37,rap
2075,-9.159,rap
2076,-6.28,rap
2077,-7.674,rap
2114,-7.345,rap
2115,-6.516,rap
2116,-4.612,rap
2130,-3.668,rap
2131,-10.595,rap
2132,-4.645,rap
2133,-4.735,rap
2140,-4.624,rap
2141,-5.491,rap
2210,-4.147,rap
2211,-5.989,rap
2212,-6.218,rap
2213,-7.959,rap
2214,-6.857,rap
2215,-6.43,rap
2216,-6.761,rap
2232,-7.141,rap
2233,-6.168,rap
2234,-6.263,rap
2235,-11.893,rap
2236,-6.419,rap
2237,-6.331,rap
2238,-7.603,rap
2239,-5.608,rap
2240,-6.198,rap
2241,-7.209,rap
2242,-7.449,rap
2243,-8.165,rap
2244,-9.608,rap
2245,-11.837,rap
2246,-8.368,rap
2247,-4.262,rap
2248,-5.546,rap
2249,-6.259,rap
2250,-6.128,rap
2251,-9.738,rap
2252,-8.528,rap
2253,-10.431,rap
2254,-7.232,rap
2255,-9.677,rap
2256,-10.006,rap
2257,-9.695,rap
2258,-7.184,rap
2259,-7.099,rap
2275,-6.891,rap
2276,-5.914,rap
2277,-6.174,rap
2278,-7.512,rap
2279,-4.797,rap
2280,-8.993,rap
2281,-6.009,rap
2282,-3.804,rap
2283,-10.734,rap
2286,-6.453,rap
2305,-4.578,rap
2306,-1.983,rap
2307,-7.127,rap
2321,-6.156,rap
2322,-14.408,rap
2324,-6.728,rap
2325,-5.7,rap
2326,-6.064,rap
2327,-8.193,rap
2328,-10.394,rap
2329,-4.162,rap
2330,-6.008,rap
2331,-8.558,rap
2332,-5.152,rap
2349,-6.93,rap
2350,-9.762,rap
2351,-13.615,rap
2352,-6.546,rap
2353,-9.309,rap
2377,-10.87,rap
2378,-8.305,rap
2379,-11.558,rap
2388,-12.245,rap
2398,-8.809,rap
2399,-7.3,rap
2400,-7.876,rap
2401,-8.187,rap
2405,-5.131,rap
2406,-6.935,rap
2407,-17.652,rap
2408,-7.837,rap
2410,-8.746,rap
2411,-9.972,rap
2414,-7.143,rap
2472,-6.418,rap
2473,-7.952,rap
2474,-4.655,rap
2475,-7.911,rap
2476,-7.998,rap
2477,-8.074,rap
2478,-7.336,rap
2479,-10.04,rap
2480,-5.851,rap
2481,-5.853,rap
2482,-6.135,rap
2483,-9.313,rap
2484,-5.712,rap
2494,-9.043,rap
2495,-6.581,rap
2496,-8.088,rap
2497,-9.32,rap
2498,-9.901,rap
2499,-7.119,rap
2500,-5.803,rap
2501,-5.98,rap
2502,-4.605,rap
2503,-3.29,rap
2504,-4.957,rap
2505,-6.969,rap
2506,-5.16,rap
2507,-7.985,rap
2508,-7.26,rap
2509,-5.258,rap
2510,-5.392,rap
2524,-8.078,rap
2527,-6.2,rap
2528,-10.296,rap
2529,-7.32,rap
2530,-9.922,rap
2531,-5.471,rap
2532,-9.938,rap
2557,-7.92,rap
2558,-4.455,rap
2559,-5.202,rap
2581,-6.421,rap
2582,-7.913,rap
2583,-7.913,rap
2584,-7.154,rap
2585,-7.602,rap
2586,-8.519,rap
2587,-6.906,rap
2588,-5.205,rap
2589,-5.863,rap
2590,-7.28,rap
2591,-6.729,rap
2592,-7.528,rap
2593,-7.581,rap
2594,-9.172,rap
2595,-5.281,rap
2596,-11.92,rap
2597,-6.081,rap
2598,-6.403,rap
2599,-8.276,rap
2600,-7.642,rap
2604,-7.766,rap
2605,-6.318,rap
2606,-5.333,rap
2607,-6.08,rap
2608,-7.754,rap
2609,-8.068,rap
2610,-6.138,rap
2611,-6.44,rap
2612,-5.528,rap
2613,-11.353,rap
2614,-6.397,rap
2615,-7.89,rap
2616,-7.804,rap
2617,-8.337,rap
2618,-4.476,rap
2619,-4.422,rap
2620,-3.033,rap
2621,-9.959,rap
2622,-7.046,rap
2623,-3.943,rap
2624,-3.863,rap
2625,-10.052,rap
2626,-7.583,rap
2627,-8.641,rap
2628,-5.015,rap
2629,-7.982,rap
2630,-3.05,rap
2631,-5.011,rap
2632,-5.425,rap
2633,-10.134,rap
2634,-6.916,rap
2635,-7.413,rap
2636,-2.875,rap
2638,-12.372,rap
2639,-6.843,rap
2640,-4.787,rap
2641,-3.933,rap
2655,-13.415,rap
2656,-6.78,rap
2657,-12.203,rap
2658,-7.265,rap
2659,-7.849,rap
2660,-3.15,rap
2661,-5.248,rap
2662,-6.002,rap
2663,-5.863,rap
2664,-2.953,rap
2665,-5.693,rap
2666,-3.574,rap
2667,-9.76,rap
2668,-6.062,rap
2669,-11.26,rap
2670,-6.471,rap
2671,-5.359,rap
2672,-5.921,rap
2673,-4.533,rap
2674,-8.435,rap
2675,-7.343,rap
2676,-7.577,rap
2677,-4.924,rap
2678,-6.385,rap
2679,-6.84,rap
2680,-6.486,rap
2681,-9.501,rap
2682,-4.256,rap
2683,-6.959,rap
2684,-8.895,rap
2685,-7.539,rap
2686,-10.692,rap
2687,-4.49,rap
2688,-4.525,rap
2689,-7.284,rap
2690,-6.042,rap
2691,-4.49,rap
2692,-9.082,rap
2694,-5.407,rap
2695,-4.141,rap
2696,-5.969,rap
2697,-8.442,rap
2698,-7.043,rap
2699,-6.121,rap
2700,-6.144,rap
2811,-24.882,rap
2812,-10.261,rap
2813,-6.428,rap
2814,-3.356,rap
2815,-4.576,rap
2816,-3.504,rap
2817,-4.807,rap
2818,-4.916,rap
2819,-4.027,rap
2820,-5.334,rap
2821,-3.425,rap
2822,-2.799,rap
2824,-9.274,rap
2825,-7.707,rap
2826,-4.794,rap
2827,-3.442,rap
2828,-3.031,rap
2829,-3.42,rap
2833,-6.971,rap
2834,-10.558,rap
2838,-7.121,rap
2839,-4.275,rap
2840,-6.625,rap
2841,-6.837,rap
2842,-4.057,rap
2843,-4.143,rap
2844,-4.472,rap
2845,-5.684,rap
2846,-2.958,rap
2847,-6.272,rap
2855,-7.886,rap
2856,-4.813,rap
2857,-9.045,rap
2858,-4.241,rap
2859,-7.263,rap
2860,-6.506,rap
2861,-10.282,rap
2862,-7.115,rap
2863,-3.05,rap
2864,-3.775,rap
2865,-6.963,rap
2866,-9.638,rap
2867,-3.678,rap
2868,-6.933,rap
2869,-10.802,rap
2870,-6.231,rap
2871,-10.446,rap
2872,-5.319,rap
2873,-10.814,rap
2876,-7.465,rap
2877,-13.207,rap
2878,-4.534,rap
2879,-2.386,rap
2880,-10.97,rap
2881,-6.403,rap
2882,-11.846,rap
2883,-4.261,rap
2884,-6.265,rap
2885,-4.973,rap
2886,-7.783,rap
2887,-7.49,rap
2888,-3.349,rap
2889,-5.763,rap
2890,-8.058,rap
2891,-2.25,rap
2892,-8.555,rap
2910,-6.739,rap
2911,-2.068,rap
2951,-4.584,rap
2952,-7.903,rap
2953,-4.518,rap
2954,-3.133,rap
2955,-2.972,rap
2956,-5.482,rap
2957,-4.953,rap
2958,-3.982,rap
2959,-5.73,rap
2960,-5.604,rap
2961,-5.932,rap
2962,-2.732,rap
2963,-4.475,rap
2964,-6.667,rap
2965,-6.038,rap
2967,-6.555,rap
2985,-6.557,rap
2986,-5.685,rap
2987,-5.31,rap
2988,-6.733,rap
2989,-4.192,rap
2990,-6.118,rap
2991,-3.763,rap
2992,-4.937,rap
2993,-4.271,rap
2994,-2.931,rap
2995,-6.187,rap
2996,-4.225,rap
2997,-4.674,rap
2998,-2.393,rap
2999,-3.514,rap
3000,-2.317,rap
3001,-3.359,rap
3002,-6.125,rap
3003,-4.563,rap
3015,-3.113,rap
3016,-6.389,rap
3017,-4.958,rap
3018,-2.754,rap
3019,-2.613,rap
3020,-4.098,rap
3021,-3.602,rap
3022,-6.538,rap
3023,-3.761,rap
3024,-6.437,rap
3025,-3.424,rap
3026,-3.582,rap
3054,-6.421,rap
3062,-8.2,rap
3063,-7.369,rap
3064,-5.579,rap
3065,-11.099,rap
3066,-7.268,rap
3067,-4.551,rap
3068,-7.109,rap
3069,-6.729,rap
3070,-5.123,rap
3071,-10.066,rap
3072,-9.093,rap
3076,-2.299,rap
3077,-9.168,rap
3078,-6.059,rap
3079,-16.352,rap
3080,-4.323,rap
3081,-9.284,rap
3082,-6.496,rap
3083,-7.089,rap
3084,-6.965,rap
3085,-7.947,rap
3086,-11.544,rap
3087,-4.764,rap
3088,-8.064,rap
3089,-9.513,rap
3090,-4.987,rap
3091,-8.192,rap
3092,-6.654,rap
3093,-10.303,rap
3094,-5.811,rap
3095,-5.676,rap
3114,-6.731,rap
3115,-5.724,rap
3116,-5.699,rap
3120,-11.733,rap
3127,-10.011,rap
3128,-6.686,rap
3129,-5.261,rap
3130,-7.448,rap
3131,-2.38,rap
3132,-4.4,rap
3133,-9.792,rap
3134,-4.416,rap
3135,-5.856,rap
3136,-1.958,rap
3137,-6.442,rap
3138,-15.73,rap
3140,-5.074,rap
3141,-6.214,rap
3142,-6.478,rap
3145,-2.848,rap
3146,-8.755,rap
3166,-7.012,rap
3167,-5.117,rap
3178,-6.474,rap
3179,-6.096,rap
3205,-4.696,rap
3206,-5.819,rap
3207,-6.734,rap
3213,-9.943,rap
3215,-10.175,rap
3216,-5.688,rap
3217,-10.121,rap
3220,-3.921,rap
3225,-9.478,rap
3226,-10.843,rap
3227,-5.776,rap
3228,-7.587,rap
3237,-2.987,rap
3244,-3.292,rap
3245,-6.28,rap
3246,-6.236,rap
3251,-6.365,rap
3252,-4.721,rap
3253,-9.384,rap
3254,-9.18,rap
3255,-7.604,rap
3256,-9.917,rap
3257,-12.147,rap
3258,-5.775,rap
3259,-6.309,rap
3260,-2.828,rap
3261,-7.918,rap
3267,-7.247,rap
3268,-13.323,rap
3269,-6.865,rap
3274,-4.601,rap
3276,-10.068,rap
3277,-11.683,rap
3278,-4.732,rap
3279,-9.378,rap
3280,-5.138,rap
3281,-10.023,rap
3282,-4.956,rap
3297,-6.873,rap
3305,-5.514,rap
3306,-8.167,rap
3307,-8.216,rap
3308,-7.714,rap
3309,-8.583,rap
3311,-7.004,rap
3312,-5.347,rap
3313,-6.722,rap
3314,-13.58,rap
3315,-6.618,rap
3324,-6.869,rap
3325,-3.843,rap
3326,-4.253,rap
3327,-8.846,rap
3328,-7.81,rap
3329,-2.463,rap
3330,-7.217,rap
3331,-4.284,rap
3332,-7.53,rap
3333,-8.444,rap
3334,-8.692,rap
3335,-10.819,rap
3336,-4.633,rap
3337,-0.158,rap
3338,-8.343,rap
3339,-6.851,rap
3340,-6.185,rap
3341,-6.109,rap
3342,-3.881,rap
3343,-5.949,rap
3344,-4.339,rap
3345,-6.411,rap
3346,-6.808,rap
3347,-8.736,rap
3348,-16.035,rap
3349,-6.824,rap
3350,-6.832,rap
3351,-4.358,rap
3352,-6.178,rap
3353,-8.392,rap
3354,-8.514,rap
3355,-5.696,rap
3356,-6.959,rap
3357,-7.587,rap
3358,-9.37,rap
3361,-4.118,rap
3362,-2.397,rap
3363,-5.269,rap
3364,-7.098,rap
3365,-2.837,rap
3366,-7.173,rap
3367,-10.368,rap
3371,-6.087,rap
3372,-5.617,rap
3373,-4.153,rap
3374,-4.609,rap
3375,-5.521,rap
3376,-4.302,rap
3377,-6.947,rap
3424,-6.326,rap
3425,-3.666,rap
3426,-2.577,rap
3428,-4.607,rap
3429,-4.182,rap
3431,-2.696,rap
3432,-6.082,rap
3433,-2.826,rap
3434,-5.114,rap
3437,-1.828,rap
3438,-3.828,rap
3439,-3.778,rap
3440,-8.041,rap
3457,-3.652,rap
3458,-3.983,rap
3459,-6.669,rap
3460,-4.033,rap
3461,-1.477,rap
3462,-7.01,rap
3463,-10.448,rap
3464,-5.683,rap
3465,-0.482,rap
3466,-9.761,rap
3468,-7.504,rap
3512,-7.709,rap
3517,-8.9,rap
3518,-6.19,rap
3519,-16.098,rap
3520,-11.641,rap
3521,-5.452,rap
3522,-7.424,rap
3523,-8.963,rap
3524,-7.87,rap
3525,-3.929,rap
3526,-7.497,rap
3527,-6.593,rap
3528,-7.148,rap
3529,-4.81,rap
3546,-5.33,rap
3547,-7.141,rap
3548,-8.798,rap
3549,-6.243,rap
3550,-5.804,rap
3551,-5.612,rap
3552,-6.548,rap
3553,-6.222,rap
3554,-6.537,rap
3556,-5.789,rap
3557,-5.595,rap
3558,-1.971,rap
3559,-5.86,rap
3560,-3.661,rap
3561,-12.16,rap
3562,-4.472,rap
3563,-6.43,rap
3564,-12.911,rap
3566,-7.537,rap
3567,-6.367,rap
3568,-6.846,rap
3569,-5.746,rap
3570,-8.293,rap
3571,-11.239,rap
3572,-8.509,rap
3573,-8.314,rap
3574,-5.098,rap
3575,-4.197,rap
3576,-8.239,rap
3577,-6.821,rap
3578,-6.296,rap
3579,-5.931,rap
3580,-6.705,rap
3581,-5.554,rap
3582,-3.247,rap
3645,-9.181,rap
3646,-9.692,rap
3647,-7.042,rap
3648,-11.407,rap
3649,-6.669,rap
3650,-6.541,rap
3651,-5.708,rap
3652,-5.334,rap
3654,-4.216,rap
3656,-8.378,rap
3668,-11.169,rap
3682,-14.539,rap
3684,-7.017,rap
3685,-9.653,rap
3686,-11.914,rap
3687,-9.268,rap
3688,-9.359,rap
3693,-9.954,rap
3765,-10.242,rap
3778,-5.72,rap
3779,-10.656,rap
3780,-6.736,rap
3781,-13.499,rap
3788,-4.347,rap
3793,-5.653,rap
3794,-3.562,rap
3801,-4.458,rap
3802,-6.17,rap
3803,-4.102,rap
3804,-4.219,rap
3805,-5.887,rap
3806,-6.839,rap
3807,-5.793,rap
3808,-6.541,rap
3809,-6.772,rap
3810,-4.695,rap
3811,-5.321,rap
3812,-7.168,rap
3813,-3.788,rap
3814,-7.728,rap
3816,-5.744,rap
3817,-4.727,rap
3818,-3.838,rap
3819,-9.608,rap
3820,-3.6,rap
3821,-4.969,rap
3822,-6.063,rap
3823,-5.235,rap
3824,-10.142,rap
3825,-5.368,rap
3826,-5.494,rap
3953,-7.089,rap
3954,-6.576,rap
3955,-5.517,rap
3956,-4.988,rap
3957,-6.242,rap
3958,-6.122,rap
3959,-3.016,rap
3960,-5.997,rap
3961,-7.549,rap
3962,-5.826,rap
3963,-5.319,rap
3966,-3.235,rap
3967,-4.457,rap
3968,-4.248,rap
3969,-7.19,rap
3972,-4.293,rap
3973,-6.627,rap
3974,-8.83,rap
3975,-5.298,rap
3976,-6.67,rap
3977,-5.81,rap
3978,-5.55,rap
3979,-3.595,rap
3980,-4.412,rap
3981,-3.92,rap
3982,-6.414,rap
3983,-4.81,rap
3984,-4.631,rap
3985,-4.885,rap
3986,-6.457,rap
3987,-5.27,rap
3988,-4.866,rap
3989,-6.473,rap
3990,-4.962,rap
3991,-6.159,rap
3992,-4.322,rap
3993,-5.625,rap
3994,-5.667,rap
3995,-2.876,rap
3996,-5.474,rap
3997,-5.837,rap
3998,-2.794,rap
3999,-5.673,rap
4000,-8.725,rap
4001,-6.089,rap
4002,-4.232,rap
4003,-6.118,rap
4004,-6.75,rap
4005,-6.869,rap
4006,-6.324,rap
4007,-5.047,rap
4008,-7.176,rap
4009,-9.491,rap
4010,-4.415,rap
4011,-4.128,rap
4012,-2.677,rap
4013,-5.433,rap
4014,-7.107,rap
4015,-4.395,rap
4016,-6.641,rap
4017,-7.124,rap
4018,-5.726,rap
4019,-5.763,rap
4020,-5.049,rap
4021,-6.367,rap
4022,-6.532,rap
4023,-5.734,rap
4024,-8.523,rap
4025,-7.865,rap
4026,-4.093,rap
4027,-6.792,rap
4028,-9.044,rap
4029,-7.292,rap
4030,-5.275,rap
4031,-5.612,rap
4032,-7.626,rap
4033,-6.583,rap
4034,-5.886,rap
4035,-6.756,rap
4036,-6.345,rap
4037,-7.112,rap
4038,-7.526,rap
4039,-8.617,rap
4040,-8.347,rap
4041,-7.362,rap
4042,-6.663,rap
4043,-7.165,rap
4044,-5.02,rap
4045,-8.149,rap
4046,-7.272,rap
4047,-3.989,rap
4048,-5.881,rap
4049,-4.504,rap
4050,-7.092,rap
4051,-5.065,rap
4052,-6.672,rap
4053,-5.728,rap
4054,-5.678,rap
4055,-4.485,rap
4056,-7.21,rap
4057,-5.794,rap
4058,-6.312,rap
4066,-6.682,rap
4067,-4.52,rap
4068,-4.607,rap
4078,-6.834,rap
4079,-5.837,rap
4311,-6.259,rap
4312,-5.838,rap
4313,-9.996,rap
4314,-4.549,rap
4315,-2.678,rap
4316,-6.962,rap
4317,-3.549,rap
4318,-4.946,rap
4319,-4.29,rap
4320,-6.293,rap
4321,-7.203,rap
4322,-10.24,rap
4323,-6.414,rap
4324,-10.493,rap
4325,-11.481,rap
4326,-7.067,rap
4327,-8.323,rap
4330,-6.168,rap
4331,-4.747,rap
4332,-7.047,rap
4333,-10.079,rap
4334,-6.645,rap
4335,-8.851,rap
4336,-6.343,rap
4337,-3.284,rap
4338,-7.664,rap
4339,-5.219,rap
4340,-6.181,rap
4341,-6.323,rap
4342,-9.836,rap
4343,-7.802,rap
4344,-10.065,rap
4345,-6.358,rap
4346,-6.94,rap
4347,-5.861,rap
4348,-8.811,rap
4349,-6.411,rap
4350,-10.657,rap
4351,-4.871,rap
4352,-4.129,rap
4353,-7.316,rap
4354,-4.296,rap
4355,-4.673,rap
4356,-3.657,rap
4357,-3.528,rap
4358,-8.12,rap
4359,-8.552,rap
4360,-6.619,rap
4361,-12.473,rap
4362,-7.401,rap
4363,-2.669,rap
4364,-8.041,rap
4365,-5.327,rap
4366,-11.009,rap
4367,-11.112,rap
4387,-14.941,rap
4388,-12.924,rap
4389,-5.906,rap
4390,-5.051,rap
4391,-5.6,rap
4392,-3.519,rap
4393,-7.55,rap
4520,-4.633,rap
4521,-7.997,rap
4522,-6.966,rap
4523,-4.5,rap
4524,-6.739,rap
4525,-9.718,rap
4538,-7.575,rap
4633,-4.091,rap
4634,-4.668,rap
4635,-5.919,rap
4636,-5.625,rap
4637,-5.745,rap
4638,-6.075,rap
4639,-5.58,rap
4640,-1.344,rap
4641,-13.799,rap
4644,-11.265,rap
4645,-5.147,rap
4646,-7.162,rap
4647,-9.105,rap
4648,-6.872,rap
4649,-8.34,rap
4650,-7.192,rap
4651,-5.926,rap
4652,-7.722,rap
4653,-4.842,rap
4654,-5.714,rap
4655,-9.583,rap
4656,-7.874,rap
4657,-5.424,rap
4658,-6.601,rap
4659,-8.574,rap
4660,-7.877,rap
4661,-6.074,rap
4662,-5.588,rap
4663,-7.685,rap
4664,-9.333,rap
4665,-5.007,rap
4666,-7.242,rap
4667,-6.059,rap
4668,-7.479,rap
4669,-7.206,rap
4670,-7.058,rap
4671,-4.631,rap
4672,-6.506,rap
4673,-6.104,rap
4674,-6.177,rap
4675,-10.261,rap
4676,-4.762,rap
4677,-7.217,rap
4678,-6.271,rap
4679,-4.946,rap
4680,-9.881,rap
4681,-6.704,rap
4682,-5.16,rap
4683,-6.093,rap
4684,-4.529,rap
4685,-6.298,rap
4686,-9.031,rap
4687,-5.392,rap
4688,-6.989,rap
4689,-7.717,rap
4690,-6.574,rap
4691,-5.278,rap
4692,-7.152,rap
4693,-8.865,rap
4695,-9.032,rap
4696,-7.07,rap
4697,-8.137,rap
4698,-5.35,rap
4699,-6.731,rap
4700,-6.599,rap
4701,-3.136,rap
4702,-9.362,rap
4703,-4.684,rap
4704,-6.4,rap
4705,-7.087,rap
4706,-3.077,rap
4707,-8.384,rap
4709,-3.597,rap
4710,-5.668,rap
4711,-7.65,rap
4712,-8.573,rap
4713,-2.754,rap
4714,-4.291,rap
4715,-9.479,rap
4716,-8.74,rap
4717,-5.271,rap
4718,-5.1,rap
4719,-5.317,rap
4720,-7.5,rap
4722,-7.271,rap
4723,-2.809,rap
4724,-3.998,rap
4725,-6.453,rap
4726,-6.491,rap
4727,-3.725,rap
4728,-8.99,rap
4729,-6.629,rap
4735,-5.8,rap
4736,-3.806,rap
4737,-3.778,rap
4738,-9.485,rap
4739,-4.493,rap
4740,-5.743,rap
4741,-4.39,rap
4742,-9.742,rap
4743,-6.116,rap
4744,-1.903,rap
4745,-7.538,rap
4746,-6.194,rap
4747,-4.445,rap
4748,-10.071,rap
4749,-4.197,rap
4757,-4.905,rap
4779,-7.657,rap
4780,-6.612,rap
4781,-5.928,rap
4850,-6.799,rap
4851,-5.368,rap
4857,-7.525,rap
4871,-7.498,rap
4872,-4.522,rap
4873,-9.373,rap
4874,-3.618,rap
4875,-12.266,rap
4876,-7.094,rap
4877,-10.955,rap
4878,-6.983,rap
4879,-7.7,rap
4880,-8.925,rap
4895,-3.439,rap
4896,-5.732,rap
4936,-11.701,rap
4937,-6.186,rap
4938,-6.892,rap
4939,-9.18,rap
4940,-7.841,rap
4941,-6.349,rap
5125,-3.462,rap
5126,-8.496,rap
5135,-4.32,rap
5136,-9.432,rap
5137,-4.952,rap
5138,-10.117,rap
5139,-5.183,rap
5140,-7.332,rap
5142,-4.908,rap
5143,-7.873,rap
5144,-5.425,rap
5145,-8.681,rap
5193,-8.013,rap
5194,-7.393,rap
5195,-4.361,rap
5196,-8.787,rap
5197,-2.985,rap
5198,-8.15,rap
5199,-8.464,rap
5200,-3.802,rap
5201,-10.331,rap
5202,-6.315,rap
5203,-5.957,rap
5204,-5.935,rap
5205,-6.543,rap
5207,-8.27,rap
5213,-6.041,rap
5214,-5.249,rap
5215,-2.372,rap
5216,-5.881,rap
5217,-3.51,rap
5223,-5.819,rap
5224,-3.2,rap
5225,-6.846,rap
5226,-4.805,rap
5227,-2.517,rap
5238,-3.325,rap
5246,-5.576,rap
5257,-6.204,rap
5258,-5.028,rap
5259,-8.4,rap
5260,-5.229,rap
5261,-11.958,rap
5262,-11.507,rap
5263,-6.726,rap
5264,-6.146,rap
5265,-7.582,rap
5266,-7.019,rap
5267,-7.056,rap
5268,-7.87,rap
5269,-6.872,rap
5270,-6.253,rap
5271,-7.699,rap
5272,-12.304,rap
5273,-8.656,rap
5274,-7.72,rap
5275,-11.375,rap
5276,-7.499,rap
5277,-1.743,rap
5278,-8.3,rap
5279,-9.297,rap
5280,-8.377,rap
5281,-8.413,rap
5282,-7.265,rap
5283,-7.433,rap
5284,-5.809,rap
5285,-10.693,rap
5286,-7.435,rap
5287,-4.57,rap
5288,-7.304,rap
5289,-4.122,rap
5290,-7.357,rap
5291,-7.09,rap
5292,-5.047,rap
5293,-9.9,rap
5294,-2.845,rap
5295,-7.906,rap
5296,-8.681,rap
5297,-3.798,rap
5298,-5.757,rap
5299,-10.454,rap
5300,-7.286,rap
5301,-7.801,rap
5302,-7.447,rap
5303,-4.886,rap
5304,-4.89,rap
5305,-3.869,rap
5306,-5.286,rap
5307,-6.549,rap
5308,-6.973,rap
5309,-6.809,rap
5310,-6.335,rap
5311,-10.723,rap
5312,-6.723,rap
5313,-6.988,rap
5314,-6.565,rap
5315,-9.123,rap
5316,-6.409,rap
5317,-4.817,rap
5318,-6.017,rap
5319,-6.4,rap
5320,-9.244,rap
5321,-5.014,rap
5322,-11.302,rap
5323,-7.82,rap
5324,-6.954,rap
5325,-10.113,rap
5326,-7.548,rap
5328,-6.398,rap
5329,-8.833,rap
5330,-3.743,rap
5331,-5.549,rap
5332,-7.59,rap
5333,-7.57,rap
5334,-5.514,rap
5335,-4.365,rap
5336,-6.659,rap
5337,-10.246,rap
5338,-6.692,rap
5339,-6.349,rap
5340,-2.866,rap
5341,-6.771,rap
5342,-6.267,rap
5343,-3.23,rap
5344,-4.106,rap
5345,-5.762,rap
5354,-9.79,rap
5356,-3.482,rap
5383,-4.513,rap
5384,-4.404,rap
5385,-6.962,rap
5386,-7.495,rap
5387,-7.649,rap
5388,-5.805,rap
5389,-9.509,rap
5390,-6.865,rap
5400,-5.444,rap
5402,-7.358,rap
5403,-5.481,rap
5404,-6.502,rap
5406,-3.4,rap
5407,-8.04,rap
5409,-7.387,rap
5410,-6.071,rap
5411,-6.916,rap
5412,-3.942,rap
5416,-7.849,rap
5417,-10.027,rap
5418,-8.859,rap
5420,-6.851,rap
5421,-5.064,rap
5422,-9.793,rap
5423,-6.301,rap
5424,-1.387,rap
5425,-5.523,rap
5426,-5.636,rap
5443,-6.724,rap
5444,-7.056,rap
5445,-2.78,rap
5446,-8.49,rap
5447,-6.553,rap
5448,-3.552,rap
5449,-7.466,rap
5450,-7.259,rap
5451,-4.768,rap
5452,-5.116,rap
5468,-4.027,rap
5469,-3.67,rap
5470,-4.426,rap
5472,-7.666,rap
5473,-4.953,rap
5475,-5.475,rap
5490,-5.239,rap
5491,-4.154,rap
5492,-8.591,rap
5493,-7.643,rap
5623,-6.004,rap
5624,-7.048,rap
5625,-4.512,rap
5626,-4.235,rap
5627,-6.42,rap
5731,-4.026,rap
5732,-5.308,rap
5733,-5.131,rap
5734,-7.076,rap
5739,-4.057,rap
5740,-5.06,rap
5741,-4.717,rap
5742,-6.217,rap
5743,-6.579,rap
5752,-3.857,rap
5753,-4.399,rap
5754,-12.367,rap
5755,-5.941,rap
5756,-2.234,rap
5757,-4.174,rap
5758,-5.824,rap
5759,-3.019,rap
5760,-5.352,rap
5766,-8.101,rap
5767,-5.743,rap
5775,-3.006,rap
5776,-1.744,rap
5777,-7.682,rap
5778,-5.439,rap
5779,-7.851,rap
5802,-6.697,rap
5803,-7.175,rap
5804,-11.137,rap
5805,-6.737,rap
5807,-11.028,rap
5808,-7.222,rap
5809,-5.008,rap
5810,-8.901,rap
5814,-3.576,rap
5815,-12.438,rap
5816,-11.807,rap
5817,-6.802,rap
5823,-8.525,rap
5824,-7.95,rap
5825,-9.429,rap
5826,-13.995,rap
5827,-3.608,rap
5828,-12.624,rap
5829,-9.387,rap
5830,-6.095,rap
5831,-6.712,rap
5832,-8.927,rap
5833,-9.413,rap
5834,-10.384,rap
5835,-11.445,rap
5836,-6.725,rap
5837,-13.803,rap
5838,-10.0,rap
5839,-11.468,rap
5840,-6.146,rap
5841,-12.348,rap
5842,-10.433,rap
5843,-8.516,rap
5844,-8.269,rap
5845,-12.09,rap
5846,-7.763,rap
5847,-5.506,rap
5848,-6.562,rap
5849,-9.457,rap
5850,-12.098,rap
5851,-6.781,rap
5852,-8.219,rap
5853,-5.424,rap
5854,-8.25,rap
5855,-5.689,rap
5856,-3.849,rap
5857,-3.555,rap
5858,-10.198,rap
5859,-17.277,rap
5860,-2.51,rap
5861,-7.139,rap
5862,-9.965,rap
5863,-8.7,rap
5864,-7.723,rap
5865,-7.092,rap
5866,-8.348,rap
5867,-7.649,rap
5868,-7.482,rap
5870,-10.409,rap
5873,-12.775,rap
5874,-5.796,rap
5875,-12.312,rap
5953,-9.718,rap
6122,-8.91,rap
6123,-4.984,rap
6124,-12.307,rap
6402,-9.846,rap
6403,-4.01,rap
6404,-2.914,rap
6405,-8.026,rap
6406,-11.067,rap
6415,-7.828,rap
6416,-3.553,rap
6417,-3.402,rap
6418,-2.935,rap
6423,-7.02,rap
6424,-4.273,rap
6447,-3.063,rap
6448,-3.005,rap
6449,-7.612,rap
6450,-5.311,rap
6451,-8.128,rap
6452,-10.311,rap
6453,-7.092,rap
6454,-7.311,rap
6455,-3.351,rap
6460,-8.165,rap
6461,-7.603,rap
6462,-1.768,rap
6463,-4.805,rap
6464,-9.086,rap
6465,-2.299,rap
6466,-8.506,rap
6467,-3.466,rap
6468,-1.406,rap
6469,-3.277,rap
6470,-4.773,rap
6471,-8.263,rap
6472,-4.583,rap
6473,-5.425,rap
6474,-5.31,rap
6475,-2.365,rap
6476,-3.097,rap
6477,-3.711,rap
6478,-11.84,rap
6479,-11.307,rap
6480,-4.0,rap
7106,-3.489,rap
7110,-4.25,rap
7111,-3.903,rap
7112,-5.512,rap
7118,-3.477,rap
7119,-5.637,rap
7120,-4.584,rap
7122,-1.183,rap
7123,-5.009,rap
7124,-4.147,rap
7125,-10.169,rap
7126,-7.849,rap
7127,-3.908,rap
7128,-3.89,rap
7129,-5.401,rap
7135,-4.162,rap
7136,-3.89,rap
7137,-2.765,rap
7150,-4.661,rap
7151,-5.612,rap
7152,-2.938,rap
7153,-3.93,rap
7156,-2.853,rap
7157,-3.967,rap
7158,-6.174,rap
7159,-4.673,rap
7160,-3.178,rap
7161,-5.276,rap
7162,-2.54,rap
7163,-4.645,rap
7164,-7.292,rap
7165,-6.249,rap
7166,-4.174,rap
7167,-1.438,rap
7168,-6.545,rap
7169,-4.783,rap
7170,-4.929,rap
7171,-3.195,rap
7175,-3.841,rap
7176,-4.449,rap
7177,-3.914,rap
7178,-7.104,rap
7179,-5.503,rap
7180,-3.865,rap
7181,-6.995,rap
7182,-3.402,rap
7183,-5.111,rap
7184,-4.73,rap
7185,-3.282,rap
7186,-4.226,rap
7187,-2.77,rap
7188,-2.89,rap
7189,-5.246,rap
7190,-5.79,rap
7191,-5.356,rap
7192,-5.926,rap
7193,-11.906,rap
7194,-5.928,rap
7195,-7.045,rap
7196,-6.983,rap
7197,-6.349,rap
7198,-6.726,rap
7199,-4.959,rap
7201,-5.458,rap
7202,-5.586,rap
7211,-4.459,rap
7212,-5.254,rap
7213,-6.016,rap
7214,-4.746,rap
7215,-6.863,rap
7216,-5.133,rap
7245,-4.337,rap
7264,-3.683,rap
7267,-7.475,rap
7268,-7.806,rap
7269,-2.701,rap
7270,-4.947,rap
7271,-11.968,rap
7272,-9.322,rap
7273,-3.544,rap
7274,-6.284,rap
7275,-5.823,rap
7276,-8.415,rap
7277,-6.626,rap
7278,-3.696,rap
7279,-5.574,rap
7280,-5.221,rap
7281,-6.629,rap
7282,-4.77,rap
7283,-8.563,rap
7284,-5.668,rap
7285,-3.604,rap
7286,-3.113,rap
7287,-3.72,rap
7288,-5.044,rap
7289,-5.054,rap
7293,-5.588,rap
7294,-5.697,rap
7295,-5.905,rap
7296,-8.198,rap
7297,-7.58,rap
7503,-10.169,rap
7504,-5.799,rap
7505,-4.077,rap
7506,-5.621,rap
7507,-8.423,rap
7508,-6.951,rap
7513,-5.027,rap
7514,-7.356,rap
7515,-5.671,rap
7516,-3.706,rap
7517,-12.303,rap
7518,-4.804,rap
7519,-14.723,rap
7520,-7.085,rap
7521,-5.025,rap
7522,-5.918,rap
7523,-10.327,rap
7524,-5.846,rap
7525,-7.444,rap
7527,-6.027,rap
7528,-6.544,rap
7529,-12.514,rap
7530,-5.408,rap
7542,-12.341,rap
7543,-11.211,rap
7548,-7.182,rap
7549,-6.523,rap
7550,-6.787,rap
7551,-7.443,rap
7552,-6.643,rap
7557,-11.24,rap
7558,-4.316,rap
7559,-1.965,rap
7560,-6.551,rap
7561,-6.126,rap
7562,-5.642,rap
7563,-5.857,rap
7571,-6.484,rap
7572,-5.41,rap
7573,-6.674,rap
7574,-7.989,rap
7575,-4.212,rap
7576,-8.454,rap
7577,-3.94,rap
7578,-5.251,rap
7579,-6.937,rap
7580,-10.726,rap
7581,-8.247,rap
7584,-7.337,rap
7585,-7.941,rap
7586,-6.412,rap
7587,-7.006,rap
7588,-4.799,rap
7589,-5.676,rap
7590,-6.875,rap
7591,-8.729,rap
7592,-5.707,rap
7593,-5.822,rap
7594,-6.728,rap
7595,-2.006,rap
7596,-2.778,rap
7600,-2.101,rap
7607,-8.362,rap
7608,-6.711,rap
7609,-4.467,rap
7610,-3.53,rap
7611,-11.365,rap
7612,-14.526,rap
7613,-2.609,rap
7614,-6.725,rap
7618,-11.095,rap
7619,-6.502,rap
7620,-7.427,rap
7621,-7.759,rap
7622,-7.76,rap
7623,-5.124,rap
7624,-7.228,rap
7625,-9.05,rap
7626,-6.886,rap
7627,-5.173,rap
7628,-5.216,rap
8392,-3.241,rap
8399,-3.917,rap
8400,-5.318,rap
8401,-4.644,rap
8402,-4.873,rap
8403,-3.704,rap
8404,-2.892,rap
8406,-5.943,rap
8407,-8.145,rap
8408,-8.332,rap
8409,-2.361,rap
8410,-6.627,rap
8411,-7.162,rap
8412,-4.003,rap
8413,-4.289,rap
8414,-9.365,rap
8415,-4.197,rap
8416,-6.746,rap
8417,-5.717,rap
8418,-6.599,rap
8419,-7.636,rap
8420,-6.514,rap
8421,-7.601,rap
8422,-4.025,rap
8423,-5.555,rap
8424,-4.111,rap
8425,-6.015,rap
8426,-19.212,rap
8427,-4.342,rap
8428,-16.177,rap
8429,-4.845,rap
8430,-7.514,rap
8431,-3.591,rap
8432,-9.078,rap
8433,-10.643,rap
8434,-13.11,rap
8435,-8.944,rap
8480,-7.418,rap
8481,-3.249,rap
8482,-6.031,rap
8500,-5.448,rap
8507,-3.781,rap
8508,-12.433,rap
8517,-15.11,rap
8518,-4.293,rap
8533,-6.663,rap
8557,-3.052,rap
8558,-10.523,rap
8559,-2.902,rap
8560,-6.024,rap
8756,-10.268,rap
8757,-9.213,rap
8758,-3.585,rap
8759,-4.487,rap
8760,-4.87,rap
8761,-11.742,rap
8768,-5.621,rap
8769,-6.975,rap
8770,-7.172,rap
8771,-4.068,rap
8772,-6.412,rap
8773,-2.803,rap
8774,-5.008,rap
8775,-8.32,rap
8776,-10.244,rap
8777,-6.533,rap
8778,-6.47,rap
8779,-5.157,rap
8780,-4.9,rap
9056,-6.393,rap
9081,-8.168,rap
9082,-6.987,rap
9083,-8.672,rap
9084,-9.38,rap
9085,-6.794,rap
9094,-5.266,rap
9095,-9.144,rap
9096,-2.121,rap
9097,-12.432,rap
9098,-10.306,rap
9099,-5.924,rap
9100,-7.685,rap
9104,-11.787,rap
9105,-6.294,rap
9106,-5.289,rap
9107,-3.997,rap
9108,-4.511,rap
9109,-6.844,rap
9110,-7.107,rap
9115,-13.499,rap
9116,-11.069,rap
9117,-5.474,rap
9118,-9.88,rap
9119,-17.301,rap
9120,-5.783,rap
9121,-9.922,rap
9122,-17.502,rap
9123,-6.106,rap
9124,-6.442,rap
9125,-8.289,rap
9126,-6.005,rap
9127,-9.793,rap
9128,-7.895,rap
9129,-5.153,rap
9130,-9.476,rap
9131,-5.637,rap
9132,-4.693,rap
9133,-7.32,rap
9134,-8.532,rap
9135,-6.211,rap
9136,-12.128,rap
9137,-7.185,rap
9138,-7.664,rap
9139,-9.51,rap
9140,-5.878,rap
9141,-9.74,rap
9142,-9.796,rap
9143,-7.887,rap
9144,-12.082,rap
9145,-4.558,rap
9146,-9.194,rap
9154,-10.447,rap
9155,-7.241,rap
9156,-9.552,rap
9157,-5.853,rap
9158,-11.587,rap
9159,-3.52,rap
9163,-5.003,rap
9164,-5.333,rap
9168,-5.122,rap
9169,-12.459,rap
9418,-6.106,rap
9422,-5.139,rap
9423,-5.516,rap
9424,-4.463,rap
9425,-6.952,rap
9433,-5.469,rap
9434,-6.131,rap
9435,-4.925,rap
9436,-7.449,rap
9437,-6.729,rap
9438,-6.356,rap
9439,-7.581,rap
9440,-4.45,rap
9441,-3.822,rap
9442,-4.26,rap
9443,-6.618,rap
9444,-2.875,rap
9445,-5.591,rap
9453,-6.781,rap
9454,-8.078,rap
9455,-5.154,rap
9456,-5.023,rap
9464,-6.167,rap
9465,-4.237,rap
9466,-5.209,rap
9467,-8.458,rap
9468,-4.869,rap
9469,-5.663,rap
9470,-5.634,rap
9471,-4.955,rap
9478,-4.972,rap
9479,-7.427,rap
9480,-5.744,rap
9481,-4.988,rap
9482,-6.924,rap
9483,-6.222,rap
9484,-7.186,rap
9485,-5.019,rap
9486,-8.825,rap
9487,-4.693,rap
9488,-6.324,rap
9489,-5.792,rap
9490,-5.785,rap
9491,-6.677,rap
9492,-8.538,rap
9493,-5.227,rap
9494,-6.783,rap
9495,-6.931,rap
9496,-3.882,rap
9497,-4.712,rap
9501,-9.645,rap
9502,-5.824,rap
9503,-5.703,rap
9504,-5.807,rap
9505,-6.142,rap
9506,-6.559,rap
9507,-5.009,rap
9508,-7.453,rap
9509,-7.317,rap
9510,-8.789,rap
9511,-11.946,rap
9524,-4.234,rap
9525,-5.7,rap
9526,-4.757,rap
9527,-8.921,rap
9528,-5.61,rap
9529,-9.959,rap
9530,-6.835,rap
9534,-6.515,rap
9535,-5.336,rap
9536,-6.36,rap
9537,-5.181,rap
9538,-3.086,rap
9539,-9.77,rap
9540,-3.909,rap
9542,-4.279,rap
9543,-6.352,rap
9544,-7.064,rap
9545,-5.089,rap
9546,-4.227,rap
9547,-7.386,rap
9548,-5.799,rap
9549,-7.565,rap
9550,-6.349,rap
9551,-7.31,rap
9585,-6.565,rap
9586,-5.754,rap
9587,-8.582,rap
9588,-7.275,rap
9589,-5.275,rap
9591,-4.172,rap
9592,-8.202,rap
9593,-6.859,rap
9594,-7.577,rap
9595,-9.097,rap
9596,-5.371,rap
9597,-6.328,rap
9598,-10.564,rap
9599,-7.93,rap
9600,-4.95,rap
9601,-10.647,rap
9602,-13.203,rap
9603,-7.573,rap
9604,-8.73,rap
9605,-5.219,rap
9606,-4.361,rap
9607,-8.625,rap
9608,-6.784,rap
9609,-8.23,rap
9610,-5.977,rap
9611,-6.398,rap
9612,-6.479,rap
9613,-13.943,rap
9614,-7.208,rap
9615,-4.827,rap
9616,-8.252,rap
9617,-7.016,rap
9620,-6.781,rap
9621,-8.269,rap
9622,-7.326,rap
9623,-10.886,rap
9624,-5.942,rap
9638,-9.682,rap
9639,-5.131,rap
9670,-2.949,rap
9671,-8.28,rap
9672,-4.304,rap
9673,-4.926,rap
9674,-5.064,rap
9675,-5.686,rap
9676,-6.17,rap
9677,-9.547,rap
9689,-4.296,rap
9690,-8.395,rap
9691,-5.874,rap
9692,-5.851,rap
9693,-11.484,rap
9694,-6.032,rap
9695,-2.185,rap
9698,-5.365,rap
9699,-5.542,rap
9700,-6.406,rap
9701,-7.034,rap
9702,-8.367,rap
9703,-4.852,rap
9704,-4.856,rap
9705,-3.678,rap
9809,-8.253,rap
9810,-7.924,rap
9822,-4.989,rap
9823,-9.215,rap
9826,-11.2,rap
9827,-10.952,rap
9828,-14.138,rap
9834,-5.183,rap
9835,-13.222,rap
9836,-6.32,rap
9837,-13.652,rap
9838,-7.943,rap
9839,-10.085,rap
9840,-12.095,rap
9841,-8.78,rap
9842,-10.8,rap
9843,-4.018,rap
9844,-7.895,rap
9845,-12.84,rap
9846,-10.11,rap
9847,-10.74,rap
9850,-6.0,rap
9851,-7.363,rap
9852,-11.111,rap
9853,-13.957,rap
9854,-10.879,rap
9855,-6.399,rap
9856,-5.934,rap
9857,-9.974,rap
9858,-6.652,rap
9859,-10.741,rap
9860,-11.17,rap
9861,-7.378,rap
9862,-12.519,rap
9863,-11.457,rap
9864,-17.794,rap
9865,-10.508,rap
9866,-10.109,rap
9867,-10.239,rap
9868,-8.22,rap
9869,-5.317,rap
9870,-7.249,rap
9871,-9.532,rap
9872,-6.078,rap
9873,-12.316,rap
9874,-14.003,rap
9875,-11.559,rap
9876,-10.789,rap
9877,-16.293,rap
9884,-12.767,rap
9885,-12.81,rap
9886,-8.039,rap
9887,-9.431,rap
9891,-8.786,rap
9892,-13.757,rap
9893,-8.952,rap
9894,-13.562,rap
9895,-7.823,rap
9896,-9.591,rap
9897,-13.776,rap
9898,-17.199,rap
9899,-6.075,rap
9900,-12.555,rap
9901,-9.818,rap
9902,-11.169,rap
9910,-9.742,rap
9911,-7.409,rap
9913,-8.394,rap
9914,-6.122,rap
9920,-7.598,rap
9921,-5.73,rap
9922,-7.679,rap
9923,-17.181,rap
9924,-14.546,rap
9925,-12.515,rap
9926,-15.114,rap
9927,-12.845,rap
9928,-10.984,rap
9929,-12.128,rap
9930,-7.601,rap
9931,-12.844,rap
9932,-11.585,rap
9933,-12.46,rap
9934,-11.172,rap
9935,-11.118,rap
9936,-10.782,rap
9940,-10.173,rap
9941,-12.223,rap
9942,-6.155,rap
9943,-8.768,rap
9944,-12.787,rap
9945,-16.189,rap
9946,-6.884,rap
9947,-13.326,rap
9948,-13.693,rap
9949,-12.97,rap
9950,-10.58,rap
9960,-10.498,rap
9961,-9.735,rap
9962,-7.85,rap
9963,-12.704,rap
9964,-4.655,rap
9990,-16.938,rap
9991,-12.813,rap
9992,-5.636,rap
10001,-5.948,rap
10002,-7.503,rap
10003,-5.35,rap
10004,-5.079,rap
10005,-4.759,rap
10006,-15.225,rap
10007,-9.644,rap
10008,-12.07,rap
10009,-15.44,rap
10010,-9.5,rap
10011,-8.443,rap
10012,-5.311,rap
10013,-12.235,rap
10014,-13.267,rap
10033,-4.775,rap
10038,-15.962,rap
10039,-10.237,rap
10040,-11.275,rap
10041,-3.895,rap
10042,-9.484,rap
10098,-10.178,rap
10099,-15.514,rap
10112,-15.463,rap
10113,-15.897,rap
10114,-17.346,rap
10127,-9.577,rap
10130,-6.994,rap
10131,-12.51,rap
10132,-7.975,rap
10133,-12.873,rap
10134,-9.313,rap
10135,-2.455,rap
10177,-12.693,rap
10203,-11.183,rap
10352,-4.964,rap
10353,-5.3,rap
10354,-3.974,rap
10355,-11.709,rap
10356,-10.551,rap
10357,-4.682,rap
10358,-4.67,rap
10359,-12.717,rap
10360,-4.972,rap
10361,-8.764,rap
10362,-4.737,rap
10363,-4.992,rap
10364,-2.643,rap
10401,-9.182,rap
10402,-12.324,rap
10403,-14.574,rap
10404,-26.207,rap
10405,-9.699,rap
10406,-21.341,rap
10407,-8.366,rap
10408,-14.312,rap
10409,-7.119,rap
10410,-7.129,rap
10411,-15.653,rap
10412,-10.891,rap
10413,-10.254,rap
10414,-10.168,rap
10415,-13.298,rap
10416,-9.503,rap
10417,-18.66,rap
10418,-13.016,rap
10419,-11.411,rap
10420,-5.193,rap
10421,-10.901,rap
10422,-12.193,rap
10423,-9.804,rap
10424,-18.504,rap
10425,-19.291,rap
10426,-14.07,rap
10427,-8.072,rap
10428,-8.39,rap
10429,-15.275,rap
10430,-15.75,rap
10431,-12.282,rap
10432,-11.992,rap
10434,-8.965,rap
10435,-6.099,rap
10436,-16.266,rap
10437,-19.185,rap
10438,-17.186,rap
10439,-9.917,rap
10440,-10.599,rap
10441,-13.686,rap
10442,-17.098,rap
10443,-12.329,rap
10444,-13.126,rap
10445,-19.743,rap
10446,-13.737,rap
10447,-10.796,rap
10448,-11.61,rap
10449,-11.169,rap
10450,-8.64,rap
10451,-16.079,rap
10452,-23.952,rap
10453,-8.622,rap
10454,-16.88,rap
10455,-10.34,rap
10456,-12.838,rap
10457,-15.497,rap
10458,-13.078,rap
10459,-12.472,rap
10460,-7.459,rap
10461,-11.868,rap
10462,-10.941,rap
10463,-10.504,rap
10464,-20.895,rap
10465,-15.453,rap
10466,-10.949,rap
10467,-6.316,rap
10468,-17.898,rap
10469,-7.707,rap
10470,-5.768,rap
10471,-13.548,rap
10472,-14.347,rap
10473,-15.491,rap
10474,-10.519,rap
10475,-9.919,rap
10476,-18.479,rap
10490,-6.539,rap
10491,-2.296,rap
10555,-11.858,rap
10556,-16.921,rap
10557,-12.969,rap
10558,-12.673,rap
10559,-6.017,rap
10563,-6.674,rap
10564,-7.441,rap
10565,-6.163,rap
10566,-18.943,rap
10567,-8.971,rap
10568,-8.71,rap
10569,-6.513,rap
10570,-7.453,rap
10571,-6.928,rap
10572,-5.094,rap
10573,-7.673,rap
10574,-5.505,rap
10575,-6.874,rap
10576,-8.213,rap
10577,-4.008,rap
10578,-6.518,rap
10579,-10.471,rap
10580,-9.924,rap
10581,-8.031,rap
10582,-9.164,rap
10600,-4.145,rap
10601,-4.386,rap
10602,-7.178,rap
10603,-12.924,rap
10604,-7.644,rap
10605,-11.251,rap
10606,-5.97,rap
10607,-13.988,rap
10608,-8.575,rap
10609,-6.463,rap
10610,-3.368,rap
10611,-10.141,rap
10613,-6.206,rap
10614,-7.389,rap
10615,-5.713,rap
10623,-9.015,rap
10624,-6.464,rap
10625,-5.62,rap
10626,-7.143,rap
10627,-6.65,rap
10628,-9.724,rap
10629,-9.582,rap
10630,-5.545,rap
10631,-8.209,rap
10635,-11.47,rap
10636,-5.761,rap
10637,-3.854,rap
10638,-7.392,rap
10639,-4.224,rap
10640,-8.595,rap
10641,-5.082,rap
10642,-6.882,rap
10643,-4.973,rap
10644,-8.837,rap
10645,-5.608,rap
10646,-5.363,rap
10647,-4.88,rap
10648,-7.342,rap
10649,-7.484,rap
10650,-8.736,rap
10651,-7.726,rap
10652,-7.916,rap
10653,-11.909,rap
10654,-9.677,rap
10655,-8.73,rap
10656,-11.471,rap
10657,-6.913,rap
10658,-10.182,rap
10659,-8.731,rap
10660,-4.623,rap
10661,-7.945,rap
10662,-6.767,rap
10663,-8.309,rap
10664,-5.954,rap
10665,-7.643,rap
10666,-7.231,rap
10667,-4.901,rap
10668,-5.142,rap
10669,-7.344,rap
10670,-8.078,rap
10671,-8.979,rap
10672,-10.458,rap
10673,-8.985,rap
10674,-11.968,rap
10675,-10.714,rap
10676,-4.77,rap
10677,-7.576,rap
10678,-7.572,rap
10679,-8.512,rap
10680,-8.344,rap
10681,-4.378,rap
10682,-6.581,rap
10683,-11.284,rap
10684,-5.231,rap
10685,-5.699,rap
10686,-10.256,rap
10687,-6.242,rap
10689,-6.613,rap
10690,-9.603,rap
10691,-3.774,rap
10692,-8.561,rap
10693,-6.456,rap
10694,-5.171,rap
10695,-9.221,rap
10696,-9.786,rap
10697,-10.585,rap
10698,-7.962,rap
10699,-5.497,rap
10700,-7.618,rap
10701,-9.144,rap
10702,-5.097,rap
10703,-15.149,rap
10704,-8.105,rap
10765,-6.269,rap
10766,-9.326,rap
10767,-6.772,rap
10768,-5.587,rap
10769,-2.263,rap
10770,-9.036,rap
10771,-12.855,rap
10772,-6.305,rap
10773,-5.889,rap
10774,-8.399,rap
10775,-4.64,rap
10776,-7.314,rap
10777,-8.673,rap
10778,-9.613,rap
10779,-7.696,rap
10780,-9.979,rap
10781,-5.581,rap
10782,-3.488,rap
10783,-5.358,rap
10784,-9.2,rap
10785,-13.346,rap
10786,-12.42,rap
10787,-4.337,rap
10788,-4.968,rap
10789,-3.268,rap
10790,-8.895,rap
10791,-4.4,rap
10792,-4.995,rap
10793,-7.532,rap
10794,-7.239,rap
10795,-3.183,rap
10796,-5.245,rap
10797,-4.784,rap
10798,-4.968,rap
10799,-6.019,rap
10800,-4.888,rap
10801,-4.301,rap
10802,-5.276,rap
10803,-8.875,rap
10804,-5.712,rap
10805,-9.452,rap
10806,-11.825,rap
10807,-5.682,rap
10808,-8.279,rap
10809,-5.659,rap
10810,-5.926,rap
10811,-7.128,rap
10812,-5.188,rap
10813,-6.982,rap
10814,-3.788,rap
10815,-5.696,rap
10816,-8.91,rap
10817,-9.952,rap
10818,-13.501,rap
10819,-3.35,rap
10820,-6.508,rap
10821,-2.414,rap
10822,-4.33,rap
10823,-7.453,rap
10824,-7.376,rap
10825,-4.419,rap
10826,-6.064,rap
10827,-6.65,rap
10828,-6.085,rap
10829,-10.08,rap
10830,-8.021,rap
10831,-12.854,rap
10832,-5.734,rap
10833,-8.647,rap
10834,-7.654,rap
10835,-9.673,rap
10836,-11.047,rap
10837,-5.077,rap
10838,-4.323,rap
10839,-3.506,rap
10840,-4.59,rap
10841,-2.856,rap
10842,-11.823,rap
10843,-4.73,rap
10844,-6.379,rap
10845,-6.946,rap
10846,-3.92,rap
10847,-9.622,rap
10848,-5.381,rap
10849,-7.306,rap
10850,-5.391,rap
10851,-4.762,rap
10852,-9.317,rap
10853,-8.891,rap
10854,-6.086,rap
10855,-10.546,rap
10856,-5.367,rap
10857,-8.292,rap
10858,-8.029,rap
10859,-10.174,rap
10860,-7.955,rap
10861,-12.232,rap
10862,-11.904,rap
10863,-6.95,rap
10864,-7.263,rap
10865,-5.809,rap
10866,-3.323,rap
10867,-12.037,rap
10868,-6.838,rap
10869,-3.015,rap
10870,-4.014,rap
10871,-6.241,rap
10872,-6.816,rap
10873,-3.239,rap
10874,-4.466,rap
10875,-8.021,rap
10876,-8.28,rap
10877,-6.59,rap
10878,-4.228,rap
10879,-4.46,rap
10880,-4.319,rap
10881,-4.232,rap
10882,-3.792,rap
10918,-4.503,rap
10919,-7.957,rap
10920,-9.329,rap
10921,-5.229,rap
10922,-8.541,rap
10923,-6.941,rap
10924,-4.402,rap
10925,-5.305,rap
10926,-7.59,rap
10927,-9.206,rap
10928,-7.222,rap
10929,-4.736,rap
10930,-4.628,rap
10931,-5.775,rap
10932,-6.055,rap
10933,-8.828,rap
10934,-2.457,rap
10935,-4.375,rap
10936,-7.116,rap
10937,-6.507,rap
10938,-5.077,rap
10939,-6.884,rap
10940,-5.192,rap
10941,-1.702,rap
10942,-2.133,rap
10943,-4.62,rap
10944,-9.439,rap
10945,-9.073,rap
10946,-7.353,rap
10947,-8.634,rap
10948,-6.79,rap
10949,-5.596,rap
10950,-2.562,rap
10951,-5.601,rap
10952,-5.095,rap
10953,-5.606,rap
10954,-9.196,rap
10955,-4.391,rap
10956,-3.344,rap
10966,-5.096,rap
10967,-8.819,rap
10968,-8.466,rap
10969,-6.166,rap
10970,-8.053,rap
10985,-7.041,rap
10986,-5.34,rap
10987,-7.46,rap
10988,-8.586,rap
10989,-6.825,rap
10990,-6.831,rap
10991,-12.123,rap
10992,-10.667,rap
10993,-10.697,rap
10994,-11.278,rap
10995,-9.721,rap
10996,-6.27,rap
10997,-9.459,rap
10998,-8.35,rap
10999,-9.37,rap
11000,-5.414,rap
11001,-5.523,rap
11002,-15.538,rap
11003,-10.332,rap
11004,-14.252,rap
11005,-5.558,rap
11006,-4.799,rap
11007,-11.739,rap
11008,-3.739,rap
11009,-8.185,rap
11010,-3.881,rap
11011,-3.14,rap
11012,-9.0,rap
11013,-13.131,rap
11014,-12.469,rap
11015,-12.377,rap
11016,-9.969,rap
11017,-9.489,rap
11018,-8.09,rap
11019,-10.359,rap
11020,-7.806,rap
11021,-7.915,rap
11022,-11.886,rap
11023,-10.948,rap
11024,-10.904,rap
11025,-14.721,rap
11026,-10.98,rap
11027,-5.964,rap
11028,-9.875,rap
11029,-7.058,rap
11030,-7.832,rap
11031,-5.996,rap
11032,-5.587,rap
11033,-8.604,rap
11034,-9.715,rap
11035,-8.452,rap
11036,-10.596,rap
11037,-9.92,rap
11038,-8.064,rap
11039,-6.339,rap
11040,-5.921,rap
11041,-9.313,rap
11042,-5.34,rap
11043,-7.86,rap
11044,-9.882,rap
11045,-8.395,rap
11046,-6.944,rap
11047,-11.038,rap
11048,-8.778,rap
11049,-5.411,rap
11050,-7.045,rap
11051,-12.042,rap
11060,-8.258,rap
11061,-6.79,rap
11062,-7.217,rap
11063,-5.782,rap
11064,-7.909,rap
11065,-8.563,rap
11066,-7.388,rap
11067,-5.469,rap
11068,-5.755,rap
11384,-5.541,rap
11385,-4.724,rap
11386,-9.476,rap
11387,-6.818,rap
11388,-3.193,rap
11389,-4.884,rap
11390,-11.767,rap
11391,-4.589,rap
11392,-9.126,rap
11393,-4.884,rap
11394,-4.633,rap
11395,-8.086,rap
11396,-5.358,rap
11397,-4.707,rap
11398,-6.534,rap
11399,-7.509,rap
11400,-9.81,rap
11401,-8.476,rap
11402,-5.613,rap
11403,-2.43,rap
11404,-5.608,rap
11405,-2.968,rap
11406,-6.578,rap
11407,-5.757,rap
11408,-5.742,rap
11409,-6.71,rap
11410,-3.791,rap
11411,-6.388,rap
11412,-7.308,rap
11413,-6.952,rap
11414,-4.36,rap
11415,-5.683,rap
11416,-5.772,rap
11417,-5.641,rap
11419,-3.356,rap
11420,-4.921,rap
11421,-5.278,rap
11422,-10.742,rap
11423,-9.02,rap
11424,-7.817,rap
11425,-4.194,rap
11426,-5.067,rap
11427,-3.834,rap
11428,-9.795,rap
11429,-5.987,rap
11430,-3.88,rap
11431,-7.033,rap
11432,-10.31,rap
11433,-6.749,rap
11434,-6.677,rap
11435,-4.878,rap
11436,-7.278,rap
11437,-6.371,rap
11464,-4.496,rap
11474,-4.326,rap
11475,-7.513,rap
11492,-6.223,rap
11493,-3.781,rap
11494,-5.083,rap
11495,-12.695,rap
11496,-8.187,rap
11497,-9.547,rap
11498,-3.536,rap
11499,-4.784,rap
11510,-6.232,rap
11511,-3.029,rap
11512,-5.225,rap
11513,-4.326,rap
11514,-6.617,rap
11515,-8.055,rap
11516,-7.617,rap
11517,-7.439,rap
11519,-6.035,rap
11520,-1.647,rap
11521,-7.151,rap
11522,-4.844,rap
11523,-16.99,rap
11524,-3.593,rap
11525,-5.572,rap
11526,-3.026,rap
11527,-6.509,rap
11528,-6.668,rap
11529,-5.035,rap
11530,-4.946,rap
11531,-7.741,rap
11542,-7.39,rap
11543,-5.95,rap
11544,-8.255,rap
11545,-3.641,rap
11546,-5.919,rap
11547,-10.237,rap
11548,-6.511,rap
11549,-13.516,rap
11550,-8.623,rap
11551,-6.124,rap
11552,-10.81,rap
11553,-6.2,rap
11554,-7.366,rap
11555,-4.654,rap
11566,-12.327,rap
11567,-6.472,rap
11595,-7.079,rap
11596,-7.399,rap
11597,-5.919,rap
11598,-6.758,rap
11599,-7.68,rap
11600,-6.839,rap
11601,-5.164,rap
11607,-4.143,rap
11608,-5.537,rap
11609,-4.191,rap
11610,-7.273,rap
11611,-3.625,rap
11612,-6.061,rap
11613,-9.747,rap
11614,-8.419,rap
11615,-3.422,rap
11616,-2.246,rap
11617,-8.259,rap
11618,-5.198,rap
11626,-11.208,rap
11627,-3.271,rap
11628,-5.09,rap
11629,-6.108,rap
11630,-5.949,rap
12829,-9.263,rap
12830,-9.907,rap
12831,-5.525,rap
12832,-4.162,rap
12833,-4.71,rap
12834,-4.783,rap
12835,-7.364,rap
12836,-10.467,rap
12837,-7.194,rap
12838,0.551,rap
12839,-7.818,rap
12840,-9.635,rap
12841,-15.032,rap
12842,-3.902,rap
12843,-5.583,rap
12845,-7.588,rap
12846,-12.692,rap
12847,-12.908,rap
12848,-7.003,rap
12849,-8.076,rap
12850,-11.439,rap
12851,-4.586,rap
12852,-5.431,rap
12853,-14.845,rap
12854,-9.965,rap
12855,-5.981,rap
12856,-7.877,rap
12857,-6.951,rap
12858,-2.244,rap
12859,-6.123,rap
12860,-5.133,rap
12861,-4.374,rap
12862,-8.474,rap
12863,-8.885,rap
12864,-7.816,rap
12865,-8.267,rap
12866,-8.161,rap
12867,-4.497,rap
12868,-3.915,rap
12869,-6.705,rap
12870,-4.572,rap
12871,-3.206,rap
12872,-5.438,rap
12873,-2.153,rap
12874,-6.54,rap
12875,-7.025,rap
12876,-6.377,rap
12877,-7.804,rap
12878,-7.244,rap
12879,-1.181,rap
12880,-6.844,rap
12881,-7.092,rap
12882,-4.99,rap
12883,-2.712,rap
12884,-6.815,rap
12885,-5.332,rap
12886,-10.566,rap
12887,-10.01,rap
12888,-4.698,rap
12889,-4.573,rap
12890,-5.146,rap
12891,-4.07,rap
12892,-5.489,rap
12893,-6.512,rap
12894,-5.96,rap
12895,-0.734,rap
12896,-6.856,rap
12897,-5.389,rap
12898,-4.303,rap
12899,-6.643,rap
12900,-4.065,rap
12901,-5.956,rap
12902,-3.941,rap
12903,-4.911,rap
12904,-4.039,rap
12905,-5.828,rap
12906,-4.784,rap
12907,-2.316,rap
12908,-3.977,rap
12909,-4.463,rap
12910,-3.489,rap
12911,-4.171,rap
12912,-5.442,rap
12913,-8.147,rap
12914,-7.094,rap
12915,-6.761,rap
12916,-4.371,rap
12917,-5.065,rap
12918,-2.679,rap
12919,-6.62,rap
12920,-4.028,rap
12921,-5.557,rap
12922,-4.426,rap
12923,-8.031,rap
12924,-3.414,rap
12925,-5.018,rap
12926,-4.919,rap
12927,-7.44,rap
12928,-6.644,rap
12929,-6.946,rap
12930,-7.108,rap
12931,-4.55,rap
12932,-5.937,rap
12933,-7.094,rap
12934,-4.442,rap
12935,-2.295,rap
12936,-5.436,rap
12937,-5.811,rap
12938,-8.407,rap
12939,-3.754,rap
12940,-6.959,rap
12941,-8.62,rap
12942,-2.528,rap
12943,-4.777,rap
12944,-5.582,rap
12945,-8.377,rap
12946,-7.355,rap
12947,-4.516,rap
12948,-5.249,rap
12949,-3.802,rap
12950,-6.402,rap
12951,-5.547,rap
12952,-2.09,rap
12953,-8.122,rap
12954,-5.357,rap
12955,-4.765,rap
12956,-5.642,rap
12957,-4.384,rap
12958,-3.02,rap
12959,-7.508,rap
12960,-8.614,rap
12961,-9.036,rap
12962,-6.123,rap
12963,-7.931,rap
12964,-6.883,rap
12965,-6.513,rap
12966,-11.088,rap
12967,-7.98,rap
12968,-6.881,rap
12969,-9.36,rap
12970,-5.473,rap
12971,-5.922,rap
12972,-8.089,rap
12973,-6.846,rap
12974,-8.433,rap
12975,-9.727,rap
12976,-3.075,rap
12977,-7.22,rap
12978,-6.004,rap
12979,-5.793,rap
12980,-7.401,rap
12981,-8.125,rap
12982,-5.947,rap
12983,-4.176,rap
12993,-7.277,rap
12994,-10.389,rap
13446,-7.847,rap
13447,-15.636,rap
13448,-7.886,rap
13449,-14.158,rap
13461,-14.113,rap
13462,-10.113,rap
13463,-15.547,rap
13464,-14.382,rap
13465,-7.83,rap
13466,-16.13,rap
13467,-11.062,rap
13468,-11.039,rap
13469,-16.186,rap
13470,-8.157,rap
13471,-23.482,rap
13472,-10.338,rap
13473,-19.737,rap
13474,-9.488,rap
13475,-20.824,rap
13476,-13.044,rap
13477,-12.784,rap
13478,-13.09,rap
13479,-11.828,rap
13480,-13.634,rap
13481,-9.827,rap
13482,-9.215,rap
13483,-9.025,rap
13484,-10.689,rap
13485,-14.846,rap
13486,-15.988,rap
13487,-10.921,rap
13488,-12.274,rap
13489,-6.144,rap
13490,-14.268,rap
13491,-4.899,rap
13492,-12.337,rap
13493,-7.926,rap
13494,-11.708,rap
13495,-10.179,rap
13496,-11.26,rap
13497,-24.813,rap
13498,-9.747,rap
13499,-4.946,rap
13500,-5.721,rap
13501,-10.151,rap
13502,-7.341,rap
13503,-9.736,rap
13504,-15.317,rap
13505,-10.062,rap
13506,-13.716,rap
13507,-4.971,rap
13508,-17.086,rap
13509,-10.254,rap
13510,-7.257,rap
13511,-18.106,rap
13512,-9.394,rap
13513,-6.707,rap
13514,-9.657,rap
13515,-13.071,rap
13516,-9.922,rap
13517,-12.292,rap
13518,-18.2,rap
13519,-11.195,rap
13520,-11.878,rap
13521,-10.14,rap
13522,-12.028,rap
13523,-9.987,rap
13524,-7.216,rap
13525,-19.536,rap
13526,-8.71,rap
13527,-9.76,rap
13528,-8.154,rap
13529,-8.665,rap
13530,-9.091,rap
13531,-10.61,rap
13532,-18.776,rap
13533,-17.125,rap
13534,-10.464,rap
13535,-11.739,rap
13536,-9.298,rap
13540,-9.398,rap
13541,-15.269,rap
13542,-8.542,rap
13543,-7.868,rap
13544,-8.286,rap
13545,-16.015,rap
13546,-18.351,rap
13547,-12.051,rap
13548,-4.013,rap
13549,-9.133,rap
13550,-8.716,rap
13551,-6.445,rap
13552,-8.718,rap
13867,-7.321,rap
13868,-7.435,rap
13869,-3.726,rap
13870,-4.113,rap
13871,-5.58,rap
13872,-10.219,rap
13873,-10.406,rap
13874,-2.445,rap
13875,-5.953,rap
13876,-5.551,rap
13877,-7.338,rap
13878,-9.694,rap
13879,-12.051,rap
13880,-12.871,rap
13985,-4.979,rap
13986,-4.277,rap
13987,-4.611,rap
13988,-5.281,rap
13989,-4.401,rap
13990,-4.348,rap
13991,-6.024,rap
13992,-4.512,rap
13993,-4.868,rap
13994,-6.43,rap
13995,-8.673,rap
13996,-3.61,rap
13997,-6.797,rap
13999,-6.331,rap
14000,-6.916,rap
14001,-10.634,rap
14002,-11.117,rap
14003,-7.219,rap
14004,-6.896,rap
14005,-5.369,rap
14006,-6.307,rap
14007,-5.989,rap
14008,-7.164,rap
14010,-10.029,rap
14011,-6.304,rap
14013,-8.152,rap
14014,-5.867,rap
14015,-5.869,rap
14016,-6.034,rap
14017,-7.419,rap
14018,-6.275,rap
14019,-5.457,rap
14020,-5.194,rap
14021,-5.185,rap
14022,-6.475,rap
14023,-6.071,rap
14024,-5.933,rap
14025,-7.157,rap
14026,-6.493,rap
14027,-9.369,rap
14028,-7.188,rap
14029,-2.776,rap
14030,-7.049,rap
14031,-6.58,rap
14032,-5.29,rap
14033,-6.826,rap
14034,-6.01,rap
14035,-6.679,rap
14036,-5.525,rap
14037,-2.208,rap
14038,-3.303,rap
14039,-3.758,rap
14040,-5.254,rap
14041,-7.709,rap
14042,-6.49,rap
14044,-4.631,rap
14045,-8.411,rap
14046,-8.589,rap
14047,-3.675,rap
14048,-5.344,rap
14049,-5.362,rap
14050,-5.534,rap
14051,-5.884,rap
14052,-4.432,rap
14053,-5.078,rap
14054,-6.453,rap
14055,-6.555,rap
14056,-5.566,rap
14057,-4.591,rap
14058,-5.512,rap
14059,-4.108,rap
14060,-5.191,rap
14061,-5.454,rap
14062,-5.194,rap
14063,-5.996,rap
14064,-4.476,rap
14065,-6.212,rap
14066,-1.995,rap
14067,-5.897,rap
14068,-5.454,rap
14069,-4.674,rap
14070,-3.902,rap
14086,-7.171,rap
14221,-4.14,rap
14222,-6.748,rap
14223,-5.811,rap
14240,-6.293,rap
14241,-5.935,rap
14242,-6.007,rap
14252,-2.99,rap
14253,-4.76,rap
14254,-10.582,rap
15023,-4.015,rap
15024,-5.496,rap
15025,-3.666,rap
15026,-2.267,rap
15027,-3.946,rap
15028,-7.332,rap
15029,-4.175,rap
15030,-3.824,rap
15031,-7.605,rap
15032,-5.436,rap
15037,-7.331,rap
15038,-6.729,rap
15039,-5.25,rap
15040,-2.148,rap
15041,-4.605,rap
15042,-5.957,rap
15043,-5.24,rap
15044,-4.736,rap
15045,-5.396,rap
15046,-3.627,rap
15047,-3.806,rap
15048,-7.005,rap
15049,-2.947,rap
15050,-3.778,rap
15051,-3.081,rap
15052,-3.414,rap
15053,-2.959,rap
15054,-6.231,rap
15055,-4.153,rap
15056,-4.512,rap
15057,-2.251,rap
15058,-4.954,rap
15059,-11.259,rap
15060,-8.414,rap
15061,-4.518,rap
15062,-13.807,rap
15063,-5.228,rap
15064,-3.88,rap
15065,-2.225,rap
15066,-6.068,rap
15067,-3.389,rap
15068,-7.341,rap
15069,-5.7,rap
15070,-5.468,rap
15071,-5.709,rap
15072,-3.75,rap
15073,-5.773,rap
15074,-4.374,rap
15075,-6.002,rap
15076,-8.801,rap
15077,-4.865,rap
15078,-6.761,rap
15079,-6.537,rap
15080,-7.773,rap
15081,-3.733,rap
15082,-5.545,rap
15083,-5.174,rap
15084,-7.096,rap
15085,-2.299,rap
15097,-8.212,rap
15101,-3.928,rap
15102,-7.833,rap
15103,-6.576,rap
15104,-7.167,rap
15105,-6.263,rap
15106,-9.562,rap
15107,-6.676,rap
15108,-12.56,rap
15109,-5.128,rap
15110,-3.623,rap
15111,-5.188,rap
15112,-5.113,rap
15113,-1.785,rap
15114,-3.609,rap
15115,-7.455,rap
15117,-6.615,rap
15118,-6.408,rap
15119,-5.62,rap
15120,-4.973,rap
15121,-2.741,rap
15131,-6.789,rap
15132,-10.329,rap
15133,-7.003,rap
15134,-6.146,rap
15150,-3.44,rap
15151,-5.429,rap
15152,-5.242,rap
15153,-5.144,rap
15154,-5.139,rap
15155,-6.043,rap
15156,-6.404,rap
15244,-6.485,rap
15245,-6.44,rap
15246,-9.1,rap
15247,-4.098,rap
15248,-4.351,rap
15264,-10.964,rap
15265,-7.541,rap
15266,-3.899,rap
15267,-6.223,rap
15268,-5.731,rap
15269,-8.55,rap
15270,-4.93,rap
15271,-4.877,rap
15272,-4.542,rap
15273,-7.282,rap
15274,-6.615,rap
15275,-5.863,rap
15276,-6.295,rap
15277,-7.463,rap
15278,-13.737,rap
15279,-11.992,rap
15280,-11.148,rap
15281,-7.571,rap
15282,-3.364,rap
15283,-4.514,rap
15284,-2.413,rap
15285,-7.994,rap
15286,-7.71,rap
15287,-5.392,rap
15288,-9.669,rap
15289,-14.876,rap
15290,-16.572,rap
15291,-15.083,rap
15292,-8.443,rap
15293,-7.389,rap
15294,-7.197,rap
15295,-7.864,rap
15307,-14.431,rap
15308,-9.519,rap
15309,-6.168,rap
15310,-11.644,rap
15311,-4.065,rap
15312,-4.266,rap
15345,-6.174,rap
15346,-5.536,rap
15347,-10.666,rap
15348,-3.56,rap
15349,-6.218,rap
15350,-9.519,rap
15351,-4.351,rap
15359,-7.924,rap
15360,-16.82,rap
15361,-13.427,rap
15363,-11.786,rap
15364,-6.933,rap
15365,-7.904,rap
15366,-6.089,rap
15367,-8.131,rap
15368,-5.019,rap
15369,-7.972,rap
15370,-7.881,rap
15371,-7.0,rap
15372,-10.087,rap
15373,-6.353,rap
15374,-10.841,rap
15389,-5.902,rap
15390,-6.97,rap
15391,-6.287,rap
15392,-6.865,rap
15393,-10.11,rap
15394,-4.901,rap
15395,-11.677,rap
15396,-10.121,rap
15397,-9.524,rap
15398,-7.265,rap
15400,-6.239,rap
15401,-7.543,rap
15402,-6.702,rap
15403,-9.338,rap
15404,-5.392,rap
15405,-5.344,rap
15406,-16.769,rap
15407,-6.895,rap
15408,-5.62,rap
15434,-6.113,rap
15608,-9.651,rap
15609,-10.422,rap
15610,-9.465,rap
15611,-6.134,rap
15612,-6.898,rap
15613,-5.119,rap
15616,-6.405,rap
15617,-6.245,rap
15618,-4.377,rap
15619,-5.704,rap
15620,-4.738,rap
15621,-7.333,rap
15622,-6.848,rap
15623,-5.244,rap
15624,-5.334,rap
15625,-4.694,rap
15626,-2.814,rap
15627,-7.533,rap
15628,-6.312,rap
15629,-7.453,rap
15630,-8.398,rap
15631,-9.814,rap
15632,-7.987,rap
15633,-6.534,rap
15634,-3.477,rap
15635,-5.169,rap
15636,-4.48,rap
15637,-6.772,rap
15638,-4.886,rap
15639,-6.973,rap
15640,-6.664,rap
15641,-14.316,rap
15642,-8.215,rap
15643,-2.534,rap
15644,-8.216,rap
15645,-8.196,rap
15646,-8.429,rap
15647,-7.533,rap
15648,-5.861,rap
15649,-4.939,rap
15650,-7.634,rap
15651,-10.91,rap
15652,-8.581,rap
15653,-5.628,rap
15654,-10.569,rap
15655,-3.43,rap
15656,-6.899,rap
15657,-4.984,rap
15658,-4.547,rap
15665,-6.999,rap
15666,-10.504,rap
15667,-7.946,rap
15668,-4.526,rap
15669,-6.788,rap
15670,-11.813,rap
15671,-2.848,rap
15672,-6.004,rap
15673,-11.378,rap
15674,-7.261,rap
15675,-8.942,rap
15676,-6.798,rap
15677,-6.375,rap
15678,-9.721,rap
15679,-10.068,rap
15680,-8.785,rap
15681,-9.019,rap
15691,-6.567,rap
15692,-10.379,rap
15693,-4.706,rap
15807,-5.012,rap
15808,-6.654,rap
15809,-5.583,rap
15810,-4.181,rap
15828,-5.21,rap
15829,-5.815,rap
15830,-5.133,rap
15831,-5.474,rap
15832,-8.22,rap
15833,-4.223,rap
15834,-7.44,rap
15835,-7.644,rap
15836,-2.178,rap
15851,-5.783,rap
15852,-6.405,rap
16202,-6.691,rap
16203,-6.937,rap
16210,-12.007,rap
16211,-6.984,rap
16212,-5.606,rap
16213,-6.332,rap
16214,-2.471,rap
16215,-13.217,rap
16231,-6.402,rap
16232,-5.776,rap
16526,-4.577,rap
16527,-4.024,rap
16528,-3.828,rap
16529,-5.509,rap
16530,-8.267,rap
16531,-7.036,rap
16532,-6.523,rap
16533,-2.186,rap
16534,-7.869,rap
16535,-3.903,rap
16536,-5.516,rap
16537,-7.297,rap
16538,-4.453,rap
16539,-5.5,rap
16540,-8.489,rap
16541,-3.019,rap
16542,-8.432,rap
16543,-0.846,rap
16544,-3.517,rap
16545,-3.347,rap
16546,-4.964,rap
16547,-6.888,rap
16548,-3.139,rap
16549,-3.455,rap
16550,-8.943,rap
16551,-5.561,rap
16552,-5.919,rap
16553,-5.151,rap
16554,-1.876,rap
16555,-4.46,rap
16556,-8.997,rap
16557,-4.139,rap
16558,-8.976,rap
16559,-8.922,rap
16560,-5.288,rap
16561,-6.434,rap
16562,-6.162,rap
16563,-4.535,rap
16564,-6.35,rap
16565,-6.068,rap
16566,-5.508,rap
16567,-5.445,rap
16568,-2.781,rap
16569,-6.7,rap
16570,-5.163,rap
16571,-2.921,rap
16572,-9.197,rap
16573,-6.872,rap
16574,-2.656,rap
16575,-2.012,rap
16576,-7.98,rap
16577,-1.718,rap
16578,-4.489,rap
16579,-3.624,rap
16580,-4.797,rap
16581,-5.34,rap
16582,-1.784,rap
16583,-3.723,rap
16584,-3.592,rap
16585,-7.062,rap
16586,-3.964,rap
16587,-3.414,rap
16588,-4.06,rap
16589,-3.937,rap
16590,-6.514,rap
16591,-0.475,rap
16592,-3.293,rap
16593,-6.88,rap
16594,-4.417,rap
16595,-7.075,rap
16596,-2.591,rap
16597,-6.365,rap
16598,-2.954,rap
16599,-2.463,rap
16614,-7.372,rap
16615,-2.501,rap
16616,-3.164,rap
16617,-3.845,rap
16618,-7.411,rap
16619,-2.226,rap
16620,-4.338,rap
16621,-5.21,rap
16622,-4.627,rap
17428,-6.909,rap
17435,-4.173,rap
17436,-7.282,rap
17437,-6.702,rap
17439,-7.963,rap
17463,-8.538,rap
17464,-6.843,rap
17465,-4.004,rap
17466,-7.773,rap
17467,-8.118,rap
17472,-8.815,rap
17481,-7.75,rap
17483,-5.265,rap
17484,-5.319,rap
17485,-4.529,rap
17486,-7.734,rap
17487,-7.109,rap
17489,-7.185,rap
17490,-4.957,rap
17491,-6.847,rap
17492,-7.697,rap
17493,-6.847,rap
17494,-6.309,rap
17495,-8.725,rap
17504,-5.13,rap
17513,-8.583,rap
17514,-11.829,rap
17515,-14.584,rap
17520,-5.448,rap
17521,-7.037,rap
17523,-6.123,rap
17524,-4.05,rap
17525,-9.603,rap
17526,-9.945,rap
17527,-4.812,rap
17528,-6.538,rap
17565,-6.275,rap
17688,-2.427,rap
17846,-11.092,rap
17847,-6.392,rap
17848,-4.587,rap
17849,-6.351,rap
17850,-5.902,rap
17851,-11.249,rap
17852,-5.146,rap
17853,-5.39,rap
17863,-8.165,rap
17872,-7.836,rap
17873,-10.604,rap
17874,-6.192,rap
17875,-8.416,rap
17876,-6.956,rap
17877,-8.772,rap
17878,-5.845,rap
17879,-5.975,rap
17880,-7.103,rap
17881,-10.443,rap
17886,-7.61,rap
17887,-8.046,rap
17888,-4.719,rap
17889,-6.479,rap
17890,-5.266,rap
17891,-6.279,rap
17898,-11.475,rap
17900,-8.944,rap
17901,-6.722,rap
17902,-7.177,rap
17903,-5.555,rap
17904,-3.371,rap
17905,-7.94,rap
17906,-8.263,rap
17991,-6.827,rap
17992,-5.207,rap
17993,-2.84,rap
17994,-4.241,rap
17995,-5.763,rap
18013,-5.976,rap
18014,-5.383,rap
18015,-6.895,rap
18016,-5.584,rap
18017,-6.212,rap
18018,-5.189,rap
18019,-5.195,rap
18020,-4.692,rap
18021,-5.305,rap
18022,-5.286,rap
18023,-5.656,rap
18024,-6.234,rap
18025,-4.956,rap
18026,-4.031,rap
18027,-6.107,rap
18028,-4.972,rap
18029,-4.902,rap
18030,-5.089,rap
18040,-8.899,rap
18041,-6.079,rap
18042,-7.309,rap
18043,-7.377,rap
18044,-6.049,rap
18045,-6.662,rap
18046,-5.022,rap
18097,-7.497,rap
18117,-6.554,rap
18118,-5.907,rap
18119,-5.08,rap
18120,-6.587,rap
18121,-4.619,rap
18130,-8.311,rap
18135,-5.479,rap
18138,-6.664,rap
18139,-9.572,rap
18140,-7.236,rap
18141,-4.566,rap
18142,-4.45,rap
18143,-5.883,rap
18144,-7.664,rap
18145,-9.926,rap
18146,-7.408,rap
18147,-6.774,rap
18148,-6.763,rap
18149,-7.05,rap
18150,-6.549,rap
18151,-5.449,rap
18152,-5.825,rap
18153,-5.508,rap
18154,-5.479,rap
18155,-5.192,rap
18156,-6.373,rap
18157,-7.876,rap
18158,-5.962,rap
18159,-5.254,rap
18160,-5.179,rap
18161,-7.521,rap
18162,-7.373,rap
18164,-5.645,rap
18165,-6.782,rap
18166,-5.849,rap
18167,-5.59,rap
18168,-6.441,rap
18169,-7.142,rap
18170,-6.224,rap
18191,-11.866,rap
18192,-6.368,rap
18234,-6.432,rap
18235,-5.239,rap
18236,-5.921,rap
18237,-5.268,rap
18238,-7.836,rap
18239,-3.406,rap
18240,-4.61,rap
18241,-2.975,rap
18242,-3.29,rap
18243,-4.825,rap
18244,-4.934,rap
18245,-6.409,rap
18246,-5.738,rap
18247,-5.458,rap
18248,-5.296,rap
18249,-9.778,rap
18250,-4.183,rap
18251,-3.487,rap
18252,-3.226,rap
18253,-3.024,rap
18254,-13.501,rap
18255,-6.304,rap
18256,-8.71,rap
18257,-1.253,rap
18258,-5.781,rap
18259,-11.155,rap
18260,-6.527,rap
18261,-6.935,rap
18262,-5.229,rap
18263,-4.437,rap
18264,-4.284,rap
18265,-5.99,rap
18266,-8.318,rap
18267,-3.601,rap
18268,-5.381,rap
18269,-4.734,rap
18270,-7.034,rap
18271,-2.039,rap
18272,-1.326,rap
18273,-5.396,rap
18274,-4.494,rap
18275,-5.104,rap
18276,-5.07,rap
18277,-6.582,rap
18278,-5.847,rap
18279,-0.902,rap
18280,-4.41,rap
18281,-5.579,rap
18282,-8.411,rap
18283,-2.887,rap
18284,-5.715,rap
18285,-7.359,rap
18286,-6.386,rap
18287,-4.778,rap
18288,-8.823,rap
18289,-3.494,rap
18290,-5.103,rap
18291,-2.222,rap
18292,-5.937,rap
18293,-6.179,rap
18294,-4.764,rap
18295,-3.638,rap
18296,-5.123,rap
18297,-3.068,rap
18298,-6.393,rap
18299,-6.716,rap
18300,-8.793,rap
18301,-5.785,rap
18302,-3.831,rap
18303,-6.068,rap
18304,-5.9,rap
18305,-8.101,rap
18306,-2.096,rap
18307,-5.816,rap
18308,-7.418,rap
18309,-5.973,rap
18310,-11.993,rap
18311,-6.243,rap
18312,-6.152,rap
18313,-7.521,rap
18314,-6.686,rap
18315,-5.726,rap
18316,-5.078,rap
18317,-4.416,rap
18318,-5.141,rap
18319,-4.246,rap
18320,-7.469,rap
18321,-6.393,rap
18322,-4.006,rap
18323,-5.546,rap
18324,-4.598,rap
18325,-5.755,rap
18326,-10.925,rap
18327,-3.238,rap
18328,-9.991,rap
18329,-5.029,rap
18330,-2.579,rap
18331,-7.086,rap
18332,-3.434,rap
18333,-4.686,rap
18334,-5.023,rap
18335,-8.347,rap
18336,-4.282,rap
18337,-6.496,rap
18338,-6.093,rap
18339,-3.477,rap
18340,-7.79,rap
18341,-4.103,rap
18342,-3.094,rap
18343,-4.399,rap
18344,-9.329,rap
18345,-4.587,rap
18346,-5.827,rap
18347,-3.913,rap
18348,-4.912,rap
18349,-4.859,rap
18350,-5.971,rap
18351,-6.098,rap
18352,-7.527,rap
18353,-5.196,rap
18354,-6.349,rap
18355,-12.464,rap
18356,-6.441,rap
18357,-5.627,rap
18358,-6.563,rap
18378,-0.958,rap
18379,-3.643,rap
18380,-7.42,rap
18421,-10.646,rap
18422,-8.341,rap
18423,-6.694,rap
18424,-6.333,rap
18425,-2.773,rap
18426,-4.074,rap
18427,-10.141,rap
18428,-1.787,rap
18429,-10.136,rap
18430,-13.413,rap
18431,-5.077,rap
18432,-2.437,rap
18433,-5.254,rap
18434,-6.463,rap
18435,-5.334,rap
18436,-5.327,rap
18437,-6.004,rap
18438,-9.069,rap
18439,-4.535,rap
18440,-4.861,rap
18441,-5.771,rap
18442,-7.189,rap
18443,-0.765,rap
18444,-3.498,rap
18445,-3.719,rap
18446,-4.488,rap
18447,-6.97,rap
18448,-3.61,rap
18449,-1.512,rap
18450,-2.687,rap
18451,-7.292,rap
18452,-4.001,rap
18453,-3.274,rap
18454,-6.211,rap
18455,-2.252,rap
18457,-1.344,rap
18458,-3.171,rap
18459,-5.855,rap
18460,-5.249,rap
18461,-3.932,rap
18465,-3.592,rap
18470,-4.649,rap
18471,-5.679,rap
18472,-5.331,rap
18473,-6.467,rap
18474,-4.959,rap
18475,-9.78,rap
18476,-8.906,rap
18477,-7.002,rap
18478,-4.039,rap
18479,-4.072,rap
18480,-9.936,rap
18481,-3.162,rap
18482,-1.458,rap
18483,-3.196,rap
18484,-4.61,rap
18485,-6.539,rap
18500,-10.463,rap
18508,-22.118,rap
18516,-11.892,rap
18517,-15.226,rap
18518,-14.958,rap
18519,-19.148,rap
18520,-20.841,rap
18521,-21.217,rap
18522,-16.403,rap
18523,-12.721,rap
18524,-10.228,rap
18525,-12.284,rap
18526,-11.289,rap
18527,-14.36,rap
18528,-12.646,rap
18529,-17.009,rap
18530,-13.716,rap
18531,-18.774,rap
18532,-12.575,rap
18533,-15.436,rap
18534,-12.369,rap
18536,-16.585,rap
18552,-8.763,rap
18553,-16.941,rap
18554,-13.895,rap
18555,-16.642,rap
18556,-13.306,rap
18557,-22.562,rap
18558,-11.329,rap
18559,-17.87,rap
18560,-7.54,rap
18561,-18.651,rap
18562,-17.799,rap
18563,-16.41,rap
18570,-11.354,rap
18571,-13.78,rap
18572,-7.278,rap
18573,-8.574,rap
18574,-12.967,rap
18575,-19.347,rap
18576,-14.142,rap
18577,-8.226,rap
18579,-17.75,rap
18580,-14.233,rap
18581,-13.967,rap
18582,-14.776,rap
18583,-13.78,rap
18584,-15.316,rap
18585,-15.78,rap
18586,-14.536,rap
18609,-21.736,rap
18610,-12.597,rap
18618,-11.056,rap
18619,-13.997,rap
18620,-13.902,rap
18621,-9.913,rap
18622,-10.878,rap
18623,-11.951,rap
18624,-15.187,rap
18625,-12.43,rap
18626,-11.503,rap
18627,-5.02,rap
18628,-11.114,rap
18629,-7.103,rap
18630,-12.369,rap
18631,-6.503,rap
18636,-8.868,rap
18637,-15.213,rap
18638,-10.453,rap
18639,-10.602,rap
18640,-8.762,rap
18641,-10.426,rap
18642,-10.938,rap
18643,-11.145,rap
18644,-7.691,rap
18645,-5.085,rap
18646,-9.036,rap
18647,-5.195,rap
18648,-13.17,rap
18649,-9.979,rap
18650,-10.999,rap
18651,-10.73,rap
18652,-8.114,rap
18653,-6.944,rap
18672,-8.095,rap
18673,-10.458,rap
18674,-8.76,rap
18675,-9.833,rap
18676,-9.483,rap
18681,-11.728,rap
18682,-7.351,rap
18683,-8.307,rap
18688,-9.443,rap
18689,-11.708,rap
18690,-9.572,rap
18691,-21.84,rap
18692,-22.959,rap
18693,-14.655,rap
18694,-20.73,rap
18695,-7.192,rap
18696,-9.569,rap
18697,-15.461,rap
18698,-9.828,rap
18699,-6.515,rap
18700,-10.941,rap
18701,-10.885,rap
18702,-14.059,rap
18703,-9.683,rap
18704,-13.417,rap
18705,-8.933,rap
18706,-5.425,rap
18708,-11.875,rap
18709,-5.638,rap
18710,-11.273,rap
18716,-13.869,rap
18717,-9.697,rap
18718,-17.918,rap
18719,-14.961,rap
18720,-9.892,rap
18721,-9.729,rap
18722,-12.843,rap
18723,-5.582,rap
18724,-13.084,rap
18725,-20.066,rap
18726,-8.476,rap
18727,-11.177,rap
18728,-9.37,rap
18729,-13.056,rap
18730,-10.994,rap
18731,-14.672,rap
18732,-14.212,rap
18733,-14.578,rap
18734,-12.588,rap
18735,-9.201,rap
18736,-12.004,rap
18737,-6.466,rap
18738,-9.531,rap
18739,-9.338,rap
18740,-10.522,rap
18741,-8.997,rap
18742,-12.924,rap
18743,-9.808,rap
18744,-16.236,rap
18745,-10.894,rap
18746,-18.452,rap
18747,-8.52,rap
18748,-8.047,rap
18749,-10.69,rap
18750,-12.822,rap
18751,-12.27,rap
18752,-10.428,rap
18753,-12.223,rap
18754,-9.696,rap
18755,-9.809,rap
18756,-7.334,rap
18757,-10.718,rap
18758,-10.621,rap
18759,-7.645,rap
18760,-6.48,rap
18761,-7.755,rap
18762,-6.631,rap
18763,-5.267,rap
18764,-5.042,rap
18765,-9.975,rap
18766,-9.441,rap
18767,-8.302,rap
18768,-9.985,rap
18769,-5.791,rap
18770,-5.738,rap
18771,-7.789,rap
18772,-5.484,rap
18773,-10.598,rap
18774,-7.639,rap
18775,-4.293,rap
18776,-3.054,rap
18777,-4.112,rap
18778,-7.85,rap
18779,-7.314,rap
18780,-5.874,rap
18781,-8.372,rap
18782,-8.795,rap
18783,-4.356,rap
18784,-8.794,rap
18785,-3.746,rap
18786,-7.499,rap
18787,-6.474,rap
18788,-5.142,rap
18789,-5.498,rap
18790,-3.885,rap
18791,-7.098,rap
18792,-4.458,rap
18793,-6.695,rap
18794,-6.35,rap
18795,-8.442,rap
18796,-10.028,rap
18797,-7.033,rap
18798,-7.384,rap
18799,-8.228,rap
18800,-6.226,rap
18801,-6.946,rap
18802,-6.366,rap
18803,-4.874,rap
18804,-8.067,rap
18805,-8.64,rap
18806,-5.361,rap
18807,-4.568,rap
18808,-7.761,rap
18809,-9.294,rap
18810,-7.343,rap
18811,-8.322,rap
18812,-8.732,rap
18813,-10.252,rap
18814,-8.645,rap
18815,-6.008,rap
18816,-8.443,rap
18817,-6.638,rap
18818,-5.688,rap
18819,-3.632,rap
18820,-8.067,rap
18821,-5.058,rap
18822,-9.805,rap
18823,-5.424,rap
18824,-5.413,rap
18825,-5.66,rap
18826,-7.917,rap
18827,-8.646,rap
18828,-6.987,rap
18829,-8.363,rap
18830,-6.67,rap
18831,-6.976,rap
18832,-7.607,rap
18833,-6.437,rap
18834,-12.74,rap
18835,-5.873,rap
18836,-4.431,rap
18837,-6.253,rap
18838,-5.598,rap
18839,-6.021,rap
18840,-10.852,rap
18841,-5.003,rap
18842,-5.54,rap
18843,-6.018,rap
18844,-11.343,rap
18845,-7.462,rap
18846,-11.133,rap
18847,-5.989,rap
18848,-6.954,rap
18849,-7.219,rap
18850,-6.457,rap
18851,-8.33,rap
18852,-7.352,rap
18853,-13.254,rap
18854,-5.236,rap
18855,-8.983,rap
18856,-5.217,rap
18857,-6.644,rap
18858,-3.728,rap
18859,-6.738,rap
18860,-8.589,rap
18861,-5.878,rap
18862,-7.286,rap
18863,-8.262,rap
18864,-7.427,rap
18865,-8.652,rap
18866,-4.108,rap
18867,-8.352,rap
18868,-7.68,rap
18869,-7.776,rap
18870,-6.471,rap
18871,-11.261,rap
18872,-5.417,rap
18873,-6.087,rap
18874,-5.089,rap
18875,-8.422,rap
18876,-9.523,rap
18877,-3.697,rap
18878,-6.182,rap
18879,-9.804,rap
18880,-6.164,rap
18881,-8.138,rap
18882,-9.425,rap
18883,-11.831,rap
18884,-4.54,rap
18885,-10.125,rap
18886,-4.818,rap
18887,-6.296,rap
18888,-7.718,rap
18889,-5.435,rap
18890,-4.876,rap
18891,-7.899,rap
18892,-8.636,rap
18893,-7.702,rap
18894,-11.617,rap
18895,-6.366,rap
18896,-6.468,rap
18897,-8.137,rap
18898,-19.549,rap
18899,-7.969,rap
18900,-13.783,rap
18901,-12.26,rap
18902,-12.869,rap
18903,-3.908,rap
18904,-4.961,rap
18905,-9.867,rap
18906,-4.946,rap
18907,-7.647,rap
18908,-6.645,rap
18909,-7.421,rap
18910,-7.132,rap
18911,-7.783,rap
18912,-6.648,rap
18913,-7.825,rap
18914,-3.797,rap
18915,-4.781,rap
18916,-4.783,rap
18917,-7.994,rap
18918,-14.637,rap
18919,-11.915,rap
18920,-13.837,rap
18921,-10.601,rap
18922,-13.383,rap
18923,-12.867,rap
18924,-13.867,rap
18925,-14.323,rap
18926,-18.156,rap
18927,-13.185,rap
18928,-8.89,rap
18929,-15.162,rap
18930,-7.814,rap
18931,-8.422,rap
18932,-13.146,rap
18933,-15.069,rap
18934,-7.666,rap
18935,-8.367,rap
18936,-12.477,rap
18937,-12.446,rap
18938,-15.228,rap
18939,-9.504,rap
18940,-8.304,rap
18941,-16.955,rap
18942,-13.551,rap
18943,-10.978,rap
18944,-12.762,rap
18945,-15.101,rap
18946,-13.551,rap
18947,-12.717,rap
18948,-11.717,rap
18949,-8.09,rap
18950,-5.484,rap
18951,-6.886,rap
18952,-8.959,rap
18953,-7.212,rap
18954,-8.686,rap
18955,-6.091,rap
18956,-7.058,rap
18957,-7.191,rap
18958,-2.18,rap
18959,-4.51,rap
18960,-8.465,rap
18961,-6.736,rap
18962,-7.224,rap
18963,-6.554,rap
18964,-5.029,rap
18965,-6.091,rap
18966,-6.482,rap
18967,-3.37,rap
18968,-9.469,rap
18969,-5.926,rap
18970,-5.201,rap
18971,-5.873,rap
18972,-6.879,rap
18973,-4.361,rap
18974,-2.891,rap
18975,-5.758,rap
18976,-5.074,rap
18977,-4.398,rap
18978,-8.417,rap
18979,-4.395,rap
18980,-3.095,rap
18981,-3.955,rap
18982,-5.572,rap
18983,-4.714,rap
18984,-5.135,rap
18985,-9.74,rap
18986,-6.75,rap
18987,-4.403,rap
18988,-5.587,rap
18989,-5.854,rap
18990,-5.988,rap
18991,-5.181,rap
18992,-6.162,rap
18993,-3.443,rap
18994,-5.953,rap
18995,-7.392,rap
18996,-7.448,rap
18997,-5.614,rap
18998,-6.509,rap
18999,-4.378,rap
19000,-7.441,rap
19001,-3.977,rap
19003,-5.683,rap
19004,-4.597,rap
19005,-5.883,rap
19006,-5.367,rap
19007,-6.11,rap
19008,-4.077,rap
19302,-5.183,rap
19303,-7.031,rap
19304,-3.124,rap
19305,-13.514,rap
19306,-4.832,rap
19450,-6.539,rap
19451,-5.035,rap
19452,-5.583,rap
19453,-7.07,rap
19454,-8.079,rap
19455,-7.817,rap
19456,-8.096,rap
19457,-7.623,rap
19459,-7.742,rap
19481,-6.208,rap
19648,-7.085,rap
19649,-4.821,rap
19650,-3.333,rap
19651,-9.541,rap
19652,-5.394,rap
19653,-9.035,rap
19654,-8.522,rap
19655,-6.299,rap
19656,-5.768,rap
19657,-5.64,rap
19658,-5.323,rap
19659,-4.821,rap
19660,-11.396,rap
19661,-4.402,rap
19662,-4.686,rap
19663,-5.536,rap
19664,-8.272,rap
19665,-6.451,rap
19666,-6.093,rap
19667,-8.372,rap
19672,-6.517,rap
19673,-4.867,rap
19674,-4.263,rap
19675,-6.26,rap
19676,-6.253,rap
19677,-5.18,rap
19678,-9.852,rap
19679,-4.504,rap
19680,-6.902,rap
19681,-5.582,rap
19682,-4.833,rap
19683,-5.389,rap
19684,-5.641,rap
19685,-7.576,rap
19686,-4.291,rap
19687,-3.752,rap
19688,-6.1,rap
19689,-6.22,rap
19690,-3.773,rap
19691,-5.287,rap
19692,-6.173,rap
19693,-9.018,rap
19694,-6.469,rap
19695,-3.463,rap
19696,-4.878,rap
19697,-7.712,rap
19698,-5.997,rap
19699,-7.875,rap
19700,-6.418,rap
19701,-7.685,rap
19702,-6.394,rap
19703,-4.501,rap
19704,-4.35,rap
19705,-5.077,rap
19706,-6.21,rap
19707,-5.473,rap
19708,-5.109,rap
19709,-4.398,rap
19711,-4.902,rap
19712,-2.665,rap
19713,-5.023,rap
19714,-3.383,rap
19715,-6.713,rap
19716,-5.13,rap
19717,-5.919,rap
21020,-8.697,rap
21021,-6.186,rap
21022,-7.284,rap
21023,-4.113,rap
21024,-9.639,rap
21025,-19.876,rap
21026,-7.1,rap
21027,-5.328,rap
21028,-3.661,rap
21029,-8.718,rap
21030,-10.247,rap
21031,-13.767,rap
21032,-4.782,rap
21033,-6.586,rap
21034,-8.803,rap
21035,-5.247,rap
21036,-4.697,rap
21037,-8.171,rap
21038,-12.702,rap
21039,-3.912,rap
21040,-14.498,rap
21041,-12.899,rap
21042,-10.05,rap
21043,-1.818,rap
21044,-4.965,rap
21045,-2.578,rap
21046,-3.777,rap
21047,-6.983,rap
21048,-8.235,rap
21049,-9.065,rap
21050,-7.483,rap
21051,-6.184,rap
21052,-3.415,rap
21053,-5.835,rap
21054,-7.18,rap
21055,-7.157,rap
21056,-5.435,rap
21057,-5.028,rap
21058,-5.147,rap
21059,-6.318,rap
21060,-10.977,rap
21061,-4.912,rap
21062,-2.197,rap
21063,-2.426,rap
21064,-5.004,rap
21065,-2.823,rap
21066,-7.28,rap
21067,-4.886,rap
21068,-5.453,rap
21069,-3.923,rap
21070,-4.858,rap
21071,-9.658,rap
21072,-8.853,rap
21073,-6.221,rap
21074,-5.643,rap
21075,-5.407,rap
21076,-3.833,rap
21077,-4.791,rap
21078,-7.671,rap
21079,-4.52,rap
21080,-12.745,rap
21081,-7.002,rap
21082,-6.872,rap
21083,-8.501,rap
21084,-4.398,rap
21085,-8.48,rap
21086,-5.871,rap
21087,-5.008,rap
21088,-5.397,rap
21089,-5.894,rap
21090,-5.542,rap
21091,-6.942,rap
21092,-4.048,rap
21093,-5.133,rap
21094,-3.401,rap
21095,-5.536,rap
21096,-6.538,rap
21097,-4.618,rap
21098,-5.07,rap
21099,-4.944,rap
21100,-7.945,rap
21101,-3.472,rap
21102,-3.263,rap
21103,-5.684,rap
21104,-7.261,rap
21105,-6.668,rap
21106,-5.522,rap
21107,-8.125,rap
21108,-4.549,rap
21109,-3.539,rap
21110,-5.187,rap
21111,-6.592,rap
21112,-4.243,rap
21113,-4.554,rap
21114,-11.902,rap
21115,-6.718,rap
21116,-8.1,rap
21117,-4.456,rap
22156,-6.684,rap
22157,-7.903,rap
22158,-6.492,rap
22159,-5.736,rap
22160,-5.684,rap
22161,-4.487,rap
22162,-5.575,rap
22163,-7.075,rap
22164,-4.576,rap
22199,-5.77,rap
22200,-7.454,rap
22213,-5.767,rap
22214,-3.815,rap
22215,-6.183,rap
22216,-7.131,rap
22217,-6.095,rap
22218,-5.224,rap
22219,-3.694,rap
22220,-5.821,rap
22221,-6.126,rap
22222,-2.223,rap
22223,-5.084,rap
22224,-9.163,rap
22225,-2.729,rap
22226,-6.314,rap
22227,-6.571,rap
22228,-7.219,rap
22229,-5.263,rap
22230,-5.712,rap
22231,-7.885,rap
22232,-5.71,rap
22233,-2.832,rap
22234,-4.765,rap
22235,-4.764,rap
22236,-4.697,rap
22237,-4.78,rap
22238,-3.402,rap
22239,-3.137,rap
22240,-2.983,rap
22241,-5.795,rap
22242,-3.703,rap
22243,-5.338,rap
22244,-5.324,rap
22245,-4.579,rap
22246,-5.963,rap
22247,-3.186,rap
22248,-6.626,rap
22249,-7.638,rap
22250,-7.466,rap
22251,-3.399,rap
22252,-5.132,rap
22253,-6.025,rap
22254,-4.802,rap
22255,-7.905,rap
22256,-5.215,rap
22257,-6.782,rap
22258,-4.582,rap
22259,-8.998,rap
22260,-3.456,rap
22261,-6.308,rap
22262,-6.419,rap
22263,-7.156,rap
22264,-3.553,rap
22265,-7.643,rap
22266,-9.72,rap
22267,-5.945,rap
22268,-6.139,rap
22269,-6.881,rap
22270,-5.086,rap
22271,-5.005,rap
22272,-3.03,rap
22273,-6.977,rap
22274,-6.102,rap
22275,-7.198,rap
22276,-7.203,rap
22277,-6.209,rap
22278,-5.187,rap
22279,-4.893,rap
22280,-6.584,rap
22281,-8.131,rap
22282,-7.914,rap
22283,-7.608,rap
22284,-7.75,rap
22285,-4.909,rap
22286,-5.068,rap
22287,-8.128,rap
22288,-5.946,rap
22289,-7.104,rap
22290,-6.108,rap
22291,-4.801,rap
22292,-5.711,rap
22293,-10.434,rap
22294,-6.018,rap
22295,-5.8,rap
22296,-6.958,rap
22297,-6.304,rap
22298,-5.804,rap
22299,-5.451,rap
22300,-4.606,rap
22301,-3.194,rap
22302,-10.072,rap
22303,-3.801,rap
22304,-4.141,rap
22305,-3.538,rap
22306,-5.607,rap
22307,-4.576,rap
22308,-7.552,rap
22309,-11.217,rap
22310,-5.598,rap
22311,-9.489,rap
22312,-8.648,rap
22313,-8.599,rap
22314,-6.101,rap
22315,-7.502,rap
22316,-8.141,rap
22317,-7.907,rap
22318,-4.719,rap
22319,-5.16,rap
22320,-6.327,rap
22321,-5.151,rap
22322,-5.223,rap
22323,-4.087,rap
22324,-3.718,rap
22325,-10.496,rap
22326,-6.221,rap
22327,-6.88,rap
22328,-4.327,rap
22329,-6.503,rap
22330,-6.903,rap
22331,-7.118,rap
22332,-7.309,rap
22333,-12.62,rap
22334,-10.506,rap
22335,-6.454,rap
22336,-3.161,rap
22337,-9.197,rap
22338,-7.427,rap
22339,-14.248,rap
22340,-6.304,rap
22341,-4.398,rap
22342,-6.176,rap
22343,-6.112,rap
22344,-6.285,rap
22345,-8.628,rap
22346,-9.98,rap
22347,-7.509,rap
22348,-5.654,rap
22349,-5.422,rap
22350,-5.782,rap
22351,-6.683,rap
22352,-5.26,rap
22353,-6.371,rap
22354,-4.76,rap
22355,-5.461,rap
22356,-7.537,rap
22357,-7.273,rap
22358,-3.695,rap
22359,-5.658,rap
22360,-5.399,rap
22361,-4.965,rap
22362,-6.488,rap
22363,-4.139,rap
22364,-6.582,rap
22365,-6.084,rap
22366,-4.938,rap
22367,-7.862,rap
22368,-4.648,rap
22369,-11.839,rap
22370,-6.903,rap
22371,-5.221,rap
22372,-2.993,rap
22373,-5.007,rap
22374,-4.507,rap
22375,-2.745,rap
22376,-0.804,rap
22377,-4.764,rap
22378,-5.881,rap
22379,-6.243,rap
22380,-6.94,rap
22381,-5.795,rap
22382,-4.478,rap
22383,-6.097,rap
22387,-7.122,rap
22388,-5.325,rap
22389,-3.972,rap
22390,-5.063,rap
22391,-9.502,rap
0,-2.213,edm
1,-6.425,edm
2,-7.933,edm
4,-3.91,edm
5,-2.701,edm
6,-8.52,edm
9,-9.516,edm
25,-3.919,edm
26,-5.247,edm
27,-7.517,edm
28,-5.798,edm
29,-9.064,edm
30,-6.593,edm
31,-7.012,edm
199,-5.215,edm
200,-6.972,edm
201,-4.468,edm
202,-4.638,edm
203,-6.312,edm
205,-3.711,edm
347,-5.099,edm
348,-10.519,edm
349,-3.783,edm
350,-6.138,edm
351,-7.501,edm
358,-6.379,edm
362,-6.123,edm
363,-7.482,edm
364,-4.827,edm
365,-6.18,edm
366,-9.345,edm
367,-7.421,edm
368,-8.267,edm
369,-12.512,edm
389,-2.06,edm
390,-4.059,edm
391,-4.561,edm
392,-0.247,edm
393,-8.614,edm
394,-5.364,edm
395,-2.886,edm
398,-4.127,edm
399,-4.198,edm
400,-3.166,edm
401,-7.823,edm
402,-5.229,edm
403,-3.986,edm
404,-2.843,edm
405,-5.792,edm
413,-3.109,edm
414,-2.259,edm
415,-2.582,edm
453,-6.572,edm
454,-4.194,edm
461,-3.88,edm
462,-3.353,edm
463,-7.215,edm
464,-3.802,edm
465,-7.19,edm
466,-2.142,edm
467,-3.545,edm
468,-3.85,edm
469,-5.376,edm
470,-4.747,edm
471,-5.327,edm
472,-4.185,edm
473,-2.923,edm
474,-3.907,edm
475,-4.1,edm
476,-3.225,edm
477,-5.853,edm
478,-4.957,edm
479,-4.931,edm
486,-3.958,edm
487,-4.333,edm
498,-1.784,edm
499,-4.55,edm
500,-2.347,edm
501,-5.219,edm
502,-3.41,edm
506,-4.368,edm
588,-8.853,edm
592,-12.662,edm
593,-6.662,edm
594,-8.094,edm
595,-4.819,edm
596,-3.644,edm
597,-8.6,edm
598,-14.108,edm
599,-10.085,edm
600,-9.463,edm
601,-8.518,edm
602,-5.175,edm
603,-5.261,edm
604,-13.568,edm
605,-6.121,edm
606,-11.84,edm
607,-5.322,edm
608,-12.721,edm
609,-7.999,edm
610,-5.871,edm
611,-5.379,edm
612,-6.202,edm
613,-12.819,edm
614,-7.858,edm
615,-6.211,edm
616,-4.781,edm
617,-6.424,edm
619,-2.712,edm
621,-12.492,edm
1544,-5.041,edm
1545,-2.759,edm
1555,-3.807,edm
1556,-5.564,edm
1557,-5.992,edm
1558,-4.852,edm
1559,-3.023,edm
1560,-5.319,edm
1561,-9.749,edm
1562,-5.818,edm
1563,-3.44,edm
1564,-4.799,edm
1565,-8.434,edm
1566,-6.188,edm
1567,-3.761,edm
1568,-5.638,edm
1574,-4.012,edm
1575,-4.28,edm
1576,-4.537,edm
1735,-5.761,edm
1736,-6.181,edm
1737,-6.741,edm
1738,-1.89,edm
1739,-4.863,edm
1740,-3.831,edm
1742,-4.523,edm
1743,-2.866,edm
1744,-2.549,edm
1745,-5.537,edm
1746,-2.993,edm
1747,-3.149,edm
1748,-3.046,edm
1757,-2.971,edm
1765,-3.796,edm
1781,-2.861,edm
1791,-4.72,edm
1792,-2.725,edm
1814,-4.517,edm
1815,-3.633,edm
1837,-4.016,edm
1838,-3.422,edm
1839,-4.011,edm
1840,-5.413,edm
1841,-2.974,edm
1847,-6.17,edm
1848,-4.346,edm
1852,-2.582,edm
1853,-5.951,edm
1854,-4.722,edm
1874,-3.919,edm
1875,-3.314,edm
1876,-3.921,edm
1890,-5.341,edm
1891,-4.907,edm
1901,-5.644,edm
1902,-5.221,edm
1903,-6.301,edm
1904,-3.847,edm
1931,-2.214,edm
1932,-2.224,edm
1940,-6.659,edm
1949,-3.247,edm
1950,-3.266,edm
1951,-4.751,edm
1952,-4.139,edm
1953,-5.332,edm
1954,-4.696,edm
1955,-2.225,edm
1956,-6.652,edm
1957,-3.782,edm
1968,-6.36,edm
1980,-3.634,edm
1981,-7.567,edm
1982,-5.054,edm
1983,-3.656,edm
1984,-6.234,edm
1985,-3.243,edm
1986,-3.366,edm
1992,-4.278,edm
1995,-4.796,edm
1996,-4.561,edm
1997,-1.683,edm
1998,-6.189,edm
2008,-5.784,edm
2009,-8.907,edm
2010,-2.948,edm
2011,-5.041,edm
2012,-3.396,edm
2013,-2.864,edm
2014,-4.357,edm
2015,-3.138,edm
2016,-3.923,edm
2017,-5.696,edm
2018,-4.665,edm
2019,-4.151,edm
2020,-5.088,edm
2021,-4.777,edm
2022,-5.247,edm
2023,-3.045,edm
2024,-5.246,edm
2025,-3.837,edm
2032,-3.921,edm
2043,-8.661,edm
2044,-4.337,edm
2045,-9.111,edm
2051,-4.274,edm
2052,-2.942,edm
2053,-6.228,edm
2056,-6.065,edm
2057,-4.347,edm
2060,-4.976,edm
2144,-3.915,edm
2145,-8.019,edm
2146,-6.199,edm
2147,-3.542,edm
2148,-5.193,edm
2149,-6.431,edm
2150,-4.461,edm
2160,-8.523,edm
2163,-6.505,edm
2164,-6.473,edm
2165,-1.866,edm
2170,-3.791,edm
2171,-1.964,edm
2172,-3.026,edm
2173,-5.351,edm
2174,-4.868,edm
2175,-4.332,edm
2176,-4.669,edm
2177,-1.817,edm
2178,-3.634,edm
2179,-9.495,edm
2180,-4.352,edm
2181,-10.055,edm
2187,-7.186,edm
2188,-3.967,edm
2189,-2.405,edm
2190,-8.909,edm
2191,-5.694,edm
2192,-5.38,edm
2380,-8.628,edm
2381,-8.769,edm
2382,-6.952,edm
2383,-9.408,edm
2384,-11.839,edm
2385,-10.203,edm
2386,-11.395,edm
2387,-5.644,edm
2389,-7.754,edm
2390,-7.279,edm
2391,-3.808,edm
2392,-3.925,edm
2393,-2.804,edm
2394,-3.974,edm
2395,-4.378,edm
2396,-8.095,edm
2397,-3.649,edm
2409,-7.497,edm
2412,-4.945,edm
2413,-6.34,edm
2428,-11.179,edm
2429,-4.563,edm
2430,-7.461,edm
2431,-3.782,edm
2432,-4.376,edm
2433,-4.776,edm
2434,-5.507,edm
2435,-11.917,edm
2436,-6.92,edm
2437,-8.832,edm
2438,-17.586,edm
2439,-12.928,edm
2440,-12.17,edm
2441,-9.939,edm
2442,-6.117,edm
2443,-7.681,edm
2444,-6.294,edm
2445,-2.314,edm
2446,-1.755,edm
2447,-4.282,edm
2448,-3.991,edm
2449,-9.058,edm
2716,-3.892,edm
2718,-2.057,edm
2719,-5.229,edm
2720,-2.082,edm
2722,-4.713,edm
2723,-5.689,edm
2724,-6.73,edm
2725,-3.802,edm
2726,-3.279,edm
2727,-1.797,edm
2728,-3.812,edm
2729,-2.182,edm
2730,-2.776,edm
2731,-6.324,edm
2732,-4.042,edm
2733,-3.136,edm
2734,-3.551,edm
2744,-2.495,edm
2745,-5.764,edm
2746,-4.323,edm
2747,-2.933,edm
2748,-1.842,edm
2749,-3.929,edm
2750,-6.906,edm
2752,-3.55,edm
2753,-4.495,edm
2770,-3.097,edm
2771,-1.862,edm
2772,-3.721,edm
2773,-3.02,edm
2774,-6.447,edm
2777,-3.162,edm
2778,-7.895,edm
2779,-4.861,edm
2782,-5.778,edm
2783,-5.026,edm
2784,-4.042,edm
2785,-2.307,edm
2786,-4.144,edm
2787,-3.334,edm
3028,-4.705,edm
3039,-3.796,edm
3040,-3.941,edm
3041,-5.611,edm
3042,-3.972,edm
3043,-4.52,edm
3044,-7.856,edm
3045,-6.309,edm
3050,-4.676,edm
3051,-3.708,edm
3052,-5.17,edm
3056,-4.315,edm
3057,-4.833,edm
3058,-2.463,edm
3059,-3.879,edm
3060,-4.987,edm
3061,-4.565,edm
3149,-4.984,edm
3154,-4.878,edm
3156,-5.305,edm
3359,-5.156,edm
3360,-3.969,edm
3368,-4.628,edm
3369,-6.074,edm
3370,-3.1,edm
3378,-4.508,edm
3379,-3.847,edm
3380,-4.716,edm
3381,-4.305,edm
3382,-4.35,edm
3383,-4.642,edm
3384,-2.309,edm
3385,-5.02,edm
3386,-2.931,edm
3387,-2.791,edm
3388,-4.633,edm
3389,-0.811,edm
3390,-3.23,edm
3391,-5.349,edm
3392,-4.355,edm
3393,-3.844,edm
3394,-4.958,edm
3395,-3.743,edm
3396,-3.527,edm
3397,-7.109,edm
3398,-3.526,edm
3399,-2.813,edm
3400,-6.414,edm
3401,-3.167,edm
3402,-5.57,edm
3403,-6.102,edm
3405,-3.976,edm
3406,-5.392,edm
3407,-5.035,edm
3408,-4.55,edm
3409,-4.444,edm
3410,-4.168,edm
3411,-4.566,edm
3412,-3.899,edm
3413,-5.916,edm
3414,-5.613,edm
3415,-4.468,edm
3504,-4.664,edm
3505,-3.404,edm
3506,-6.347,edm
3507,-4.821,edm
3508,-8.073,edm
3509,-5.89,edm
3510,-3.282,edm
3511,-4.986,edm
3513,-2.916,edm
3514,-4.637,edm
3515,-4.833,edm
3516,-7.733,edm
3530,-5.397,edm
3531,-6.747,edm
3565,-6.055,edm
3729,-5.309,edm
3730,-5.791,edm
3744,-3.275,edm
3746,-5.404,edm
3747,-6.331,edm
3748,-5.278,edm
3749,-8.232,edm
3751,-10.5,edm
3856,-4.028,edm
3858,-3.658,edm
3861,-6.399,edm
3863,-1.382,edm
3864,-4.339,edm
3865,-2.725,edm
3866,-3.498,edm
3867,-1.501,edm
3868,-2.31,edm
3869,-1.689,edm
3870,-4.029,edm
3871,-3.971,edm
3872,-5.601,edm
3873,-5.529,edm
3878,-5.254,edm
3879,-3.902,edm
3887,-1.514,edm
3888,-4.263,edm
3894,-2.557,edm
3902,-4.064,edm
3903,-4.314,edm
3904,-4.303,edm
3905,-5.933,edm
3906,-2.643,edm
3907,-3.596,edm
3908,-4.041,edm
3909,-2.695,edm
3910,-4.141,edm
3911,-1.328,edm
3912,-1.746,edm
3913,-3.166,edm
3914,-4.999,edm
3915,-2.691,edm
3916,-4.138,edm
3942,-1.94,edm
3943,-3.307,edm
3944,-4.094,edm
3970,-8.251,edm
3971,-8.399,edm
4059,-5.494,edm
4060,-7.415,edm
4061,-4.525,edm
4062,-11.053,edm
4063,-3.11,edm
4064,-8.705,edm
4065,-6.655,edm
4069,-6.132,edm
4070,-4.309,edm
4071,-4.675,edm
4072,-3.095,edm
4073,-5.456,edm
4074,-5.644,edm
4075,-2.636,edm
4076,-7.14,edm
4089,-5.442,edm
4128,-4.368,edm
4129,-7.959,edm
4130,-5.191,edm
4131,-4.524,edm
4132,-3.66,edm
4133,-2.194,edm
4134,-4.516,edm
4147,-4.821,edm
4149,-3.333,edm
4150,-8.804,edm
4151,-3.557,edm
4152,-10.872,edm
4153,-4.703,edm
4154,-8.416,edm
4155,-6.7,edm
4156,-6.789,edm
4158,-5.439,edm
4170,-8.034,edm
4171,-5.706,edm
4214,-13.31,edm
4217,-3.877,edm
4218,-3.09,edm
4220,-13.756,edm
4224,-5.796,edm
4225,-4.455,edm
4226,-2.341,edm
4227,-5.628,edm
4228,-5.905,edm
4229,-5.977,edm
4230,-2.645,edm
4231,-2.703,edm
4232,-8.714,edm
4233,-4.257,edm
4234,-3.472,edm
4235,-3.702,edm
4236,-3.275,edm
4237,-3.247,edm
4239,-4.509,edm
4240,-4.825,edm
4241,-1.262,edm
4242,-1.802,edm
4243,-5.062,edm
4252,-1.979,edm
4253,-1.79,edm
4273,-6.369,edm
4274,-4.025,edm
4275,-4.398,edm
4276,-1.844,edm
4277,-7.859,edm
4278,-4.744,edm
4279,-3.016,edm
4280,-4.779,edm
4281,-3.728,edm
4576,-5.62,edm
4581,-4.584,edm
4582,-1.689,edm
4583,-3.663,edm
4589,-4.516,edm
4590,-4.96,edm
4591,-4.447,edm
4592,-5.063,edm
4593,-6.445,edm
4594,-6.128,edm
4595,-3.285,edm
4596,-6.193,edm
4597,-4.02,edm
4598,-5.791,edm
4599,-3.905,edm
4600,-2.61,edm
4601,-4.975,edm
4602,-6.705,edm
4603,-4.469,edm
4604,-2.869,edm
4605,-3.191,edm
4606,-4.028,edm
4607,-3.278,edm
4608,-4.319,edm
4609,-6.714,edm
4611,-4.874,edm
4612,-2.371,edm
4613,-4.401,edm
4614,-1.137,edm
4615,-4.572,edm
4616,-5.642,edm
4619,-2.961,edm
4620,-4.971,edm
4621,-3.97,edm
4622,-4.677,edm
4623,-2.54,edm
4708,-3.652,edm
4721,-3.344,edm
4784,-3.701,edm
4785,-3.464,edm
4786,-0.959,edm
4787,-2.557,edm
4788,-2.621,edm
4789,-5.377,edm
4790,-3.922,edm
4791,-3.282,edm
4792,-4.625,edm
4793,-1.642,edm
4794,-3.299,edm
4795,-4.22,edm
4796,-4.783,edm
4813,-6.515,edm
4814,-4.09,edm
4815,-4.132,edm
4816,-6.381,edm
4817,-1.824,edm
4818,-4.136,edm
4819,-3.418,edm
4820,-3.109,edm
4821,-2.606,edm
4822,-2.147,edm
4823,-1.899,edm
4824,-4.283,edm
4825,-4.379,edm
4826,-4.176,edm
4828,-1.338,edm
4829,-4.861,edm
4830,-3.856,edm
4831,-2.864,edm
4834,-3.465,edm
4835,-4.981,edm
4836,-6.549,edm
4837,-3.464,edm
4838,-3.538,edm
4839,-3.301,edm
4840,-4.638,edm
4841,-3.753,edm
4842,-4.277,edm
4843,-5.217,edm
4846,-5.048,edm
4847,-6.386,edm
4848,-4.25,edm
4849,-7.152,edm
4852,-4.252,edm
4853,-6.494,edm
4854,-4.225,edm
4855,-4.476,edm
4856,-4.012,edm
4908,-6.206,edm
4917,-4.566,edm
4918,-6.434,edm
4919,-5.756,edm
4920,-3.491,edm
4921,-3.995,edm
4922,-5.336,edm
4923,-5.027,edm
4924,-4.335,edm
4925,-7.124,edm
4926,-4.715,edm
4927,-11.056,edm
4928,-4.181,edm
4929,-4.358,edm
4930,-4.274,edm
4931,-5.283,edm
4932,-1.133,edm
4933,-6.258,edm
4934,-6.69,edm
4935,-6.823,edm
4942,-7.32,edm
4943,-6.292,edm
5797,-5.563,edm
5798,-6.419,edm
5799,-3.845,edm
5800,-3.828,edm
5801,-5.102,edm
5806,-5.572,edm
5818,-3.593,edm
5819,-3.357,edm
5820,-6.348,edm
5821,-5.392,edm
5822,-3.915,edm
5869,-4.361,edm
5877,-3.504,edm
5878,-5.04,edm
5879,-4.446,edm
5880,-6.021,edm
5881,-3.435,edm
5882,-6.676,edm
5883,-4.957,edm
5884,-3.339,edm
5885,-6.158,edm
5886,-4.357,edm
5887,-4.56,edm
5893,-4.577,edm
5904,-5.906,edm
5905,-4.374,edm
5969,-6.18,edm
5970,-4.869,edm
5971,-4.554,edm
5972,-5.582,edm
5973,-4.496,edm
5974,-5.652,edm
5975,-3.529,edm
5976,-4.545,edm
5977,-3.143,edm
5978,-3.687,edm
5989,-2.685,edm
5990,-3.265,edm
5991,-3.908,edm
5993,-4.602,edm
5994,-4.178,edm
5995,-4.106,edm
5996,-3.88,edm
5997,-5.192,edm
5998,-2.759,edm
5999,-4.196,edm
6000,-5.659,edm
6127,-3.269,edm
6128,-3.218,edm
6129,-6.171,edm
6130,-5.852,edm
6131,-2.785,edm
6298,-5.282,edm
6301,-6.03,edm
6302,-5.221,edm
6303,-4.306,edm
6304,-5.954,edm
6305,-2.356,edm
6306,-3.877,edm
6352,-5.107,edm
6353,-1.262,edm
6354,-2.612,edm
6355,-6.716,edm
6356,-4.577,edm
6357,-3.991,edm
6358,-4.781,edm
6359,-4.466,edm
6360,-6.717,edm
6361,-3.876,edm
6362,-4.61,edm
6363,-4.454,edm
6364,-6.878,edm
6365,-4.766,edm
6366,-4.949,edm
6367,-4.332,edm
6368,-4.813,edm
6369,-5.869,edm
6370,-5.831,edm
6371,-3.214,edm
6372,-2.801,edm
6373,-7.727,edm
6374,-6.718,edm
6375,-6.302,edm
6376,-6.066,edm
6377,-6.406,edm
6378,-4.678,edm
6379,-3.978,edm
6380,-2.419,edm
6381,-4.828,edm
6382,-4.108,edm
6383,-4.364,edm
6384,-8.968,edm
6385,-5.749,edm
6386,-5.583,edm
6387,-8.782,edm
6574,-7.981,edm
6575,-4.024,edm
6576,-4.567,edm
6577,-5.378,edm
6588,-6.213,edm
6589,-3.391,edm
6590,-4.524,edm
6591,-4.055,edm
6592,-4.534,edm
6593,-3.626,edm
6594,-3.261,edm
6595,-5.338,edm
6602,-5.563,edm
6603,-4.913,edm
6604,-2.698,edm
6605,-4.806,edm
6606,-3.974,edm
6607,-5.403,edm
6608,-5.526,edm
6609,-7.516,edm
6610,-3.18,edm
6611,-2.952,edm
6612,-4.091,edm
6613,-2.687,edm
6614,-3.241,edm
6615,-5.103,edm
6616,-3.306,edm
6617,-3.785,edm
6618,-3.396,edm
6619,-6.39,edm
6620,-4.197,edm
6621,-5.728,edm
6622,-2.061,edm
6623,-4.422,edm
6624,-6.572,edm
6625,-2.023,edm
6626,-3.608,edm
6627,-4.814,edm
6628,-5.733,edm
6629,-4.826,edm
6630,-7.782,edm
6631,-2.383,edm
6632,-6.656,edm
6633,-3.959,edm
6634,-4.246,edm
6635,-3.299,edm
6636,-2.709,edm
6637,-2.97,edm
6638,-6.587,edm
6639,-7.293,edm
6640,-2.863,edm
6641,-4.002,edm
6642,-4.236,edm
6643,-3.074,edm
6644,-4.753,edm
6645,-3.536,edm
6647,-5.296,edm
6648,-5.081,edm
6659,-6.054,edm
6660,-4.324,edm
6661,-1.556,edm
6713,-1.732,edm
6743,-3.661,edm
6744,-7.922,edm
6745,-4.335,edm
6746,-2.507,edm
6747,-2.025,edm
6748,-3.431,edm
6749,-2.061,edm
6750,-3.785,edm
6751,-3.312,edm
6752,-4.687,edm
6753,-3.715,edm
6754,-3.529,edm
6755,-1.44,edm
6763,-3.309,edm
6764,-4.306,edm
6765,-4.951,edm
6766,-5.911,edm
6767,-0.378,edm
6792,-3.678,edm
6799,-6.137,edm
6803,-4.571,edm
6805,-2.703,edm
6812,-8.367,edm
6813,-3.05,edm
6814,-4.867,edm
6815,-3.51,edm
6816,-5.525,edm
6817,-4.514,edm
6818,-4.037,edm
6819,-6.664,edm
6820,-3.156,edm
6891,-4.462,edm
6892,-4.654,edm
6893,-3.152,edm
6894,-6.854,edm
6895,-4.04,edm
6896,-4.069,edm
6897,-3.561,edm
6898,-3.361,edm
6899,-4.899,edm
6900,-3.675,edm
6901,-4.456,edm
6905,-1.814,edm
6906,-4.518,edm
6907,-3.049,edm
6908,-3.727,edm
6986,-4.006,edm
6987,-4.484,edm
6988,-5.7,edm
6989,-3.462,edm
6990,-5.826,edm
6993,-3.609,edm
6994,-5.778,edm
6995,-2.973,edm
6999,-2.99,edm
7006,-6.726,edm
7007,-7.891,edm
7008,-7.972,edm
7009,-7.843,edm
7010,-3.217,edm
7011,-4.186,edm
7012,-5.39,edm
7013,-4.302,edm
7014,-7.881,edm
7015,-4.143,edm
7016,-4.021,edm
7017,-5.104,edm
7018,-7.582,edm
7019,-6.345,edm
7020,-4.001,edm
7021,-6.955,edm
7022,-8.142,edm
7023,-6.59,edm
7024,-5.297,edm
7025,-4.961,edm
7026,-6.099,edm
7027,-4.671,edm
7028,-5.164,edm
7029,-6.835,edm
7030,-8.253,edm
7031,-6.657,edm
7032,-3.238,edm
7033,-7.325,edm
7034,-4.281,edm
7035,-4.501,edm
7036,-6.161,edm
7037,-5.432,edm
7038,-7.256,edm
7039,-8.698,edm
7040,-5.027,edm
7041,-3.189,edm
7042,-6.045,edm
7043,-7.507,edm
7044,-4.945,edm
7045,-4.999,edm
7046,-6.812,edm
7047,-5.824,edm
7048,-8.858,edm
7049,-5.264,edm
7050,-7.934,edm
7051,-4.548,edm
7052,-4.575,edm
7053,-5.289,edm
7054,-5.968,edm
7055,-6.243,edm
7056,-6.492,edm
7057,-8.647,edm
7058,-5.74,edm
7059,-17.542,edm
7060,-7.874,edm
7061,-11.096,edm
7062,-9.168,edm
7063,-8.293,edm
7064,-3.246,edm
7065,-8.048,edm
7066,-6.332,edm
7067,-8.925,edm
7068,-5.335,edm
7069,-8.752,edm
7070,-5.251,edm
7071,-2.894,edm
7072,-5.928,edm
7073,-3.12,edm
7074,-4.377,edm
7075,-9.944,edm
7076,-6.081,edm
7336,-7.157,edm
7337,-3.651,edm
7354,-11.076,edm
7355,-5.844,edm
7356,-5.006,edm
7358,-4.837,edm
7359,-5.412,edm
7360,-7.926,edm
7361,-5.38,edm
7362,-4.217,edm
7368,-7.864,edm
7374,-6.322,edm
7375,-6.762,edm
7405,-4.64,edm
7423,-6.948,edm
7426,-5.034,edm
7427,-4.285,edm
7480,-8.237,edm
7481,-6.978,edm
7482,-7.162,edm
7492,-3.729,edm
7493,-5.81,edm
7634,-3.548,edm
7635,-6.475,edm
7645,-5.803,edm
7646,-4.009,edm
7647,-3.095,edm
7648,-4.366,edm
7649,-2.869,edm
7650,-3.003,edm
7651,-5.457,edm
7652,-2.859,edm
7653,-6.654,edm
7654,-4.115,edm
7655,-5.118,edm
7727,-2.479,edm
7728,-5.102,edm
7729,-5.891,edm
7730,-3.876,edm
7731,-6.078,edm
7732,-2.951,edm
7733,-0.657,edm
7734,-3.538,edm
7735,-2.379,edm
7736,-3.339,edm
7737,-3.253,edm
7738,-2.028,edm
7739,-6.562,edm
7740,-4.104,edm
7741,-2.492,edm
7742,-5.508,edm
7743,-3.629,edm
7755,-9.895,edm
7756,-3.664,edm
7757,-4.772,edm
7758,-9.322,edm
7759,-4.55,edm
7760,-3.644,edm
7761,-5.201,edm
7812,-5.98,edm
7813,-3.347,edm
7814,-2.904,edm
7815,-3.711,edm
7816,-3.207,edm
7817,-3.924,edm
7818,-2.517,edm
7819,-6.412,edm
7820,-3.166,edm
7821,-4.116,edm
7822,-4.37,edm
7823,-12.649,edm
7824,-3.689,edm
7825,-4.302,edm
7826,-3.973,edm
7827,-3.704,edm
7828,-6.811,edm
7829,-4.629,edm
7830,-7.515,edm
7831,-4.199,edm
7832,-3.351,edm
7833,-4.185,edm
7834,-7.55,edm
7835,-5.039,edm
7836,-3.703,edm
7837,-3.327,edm
7838,-1.793,edm
7839,-3.74,edm
7840,-3.711,edm
7841,-3.351,edm
7842,-3.925,edm
7843,-2.235,edm
7844,-4.391,edm
7845,-4.347,edm
7913,-2.099,edm
7917,-3.424,edm
7940,-3.995,edm
7942,-3.142,edm
7943,-4.449,edm
7944,-6.174,edm
7945,-4.582,edm
7946,-7.213,edm
7947,-4.845,edm
7948,-1.521,edm
7950,-3.476,edm
7959,-5.751,edm
7960,-4.364,edm
7961,-5.244,edm
7962,-4.836,edm
7964,-5.348,edm
7965,-6.587,edm
7966,-2.752,edm
7967,-3.602,edm
7968,-5.601,edm
7969,-11.758,edm
7970,-5.934,edm
7971,-4.942,edm
7972,-3.359,edm
7973,-4.245,edm
7974,-5.853,edm
7975,-3.905,edm
7976,-5.612,edm
7980,-6.109,edm
8010,-6.707,edm
8011,-5.199,edm
8012,-5.95,edm
8064,-4.462,edm
8065,-2.31,edm
8066,-1.837,edm
8067,-4.226,edm
8068,-2.893,edm
8069,-2.798,edm
8070,-4.764,edm
8071,-4.604,edm
8072,-4.983,edm
8073,-3.098,edm
8074,-1.924,edm
8075,-4.349,edm
8076,-3.327,edm
8077,-3.659,edm
8078,-4.01,edm
8079,-4.124,edm
8080,-3.739,edm
8081,-2.686,edm
8082,-3.473,edm
8083,-4.713,edm
8084,-0.533,edm
8085,-3.506,edm
8086,-4.712,edm
8087,-5.952,edm
8088,-3.214,edm
8089,-4.547,edm
8090,-5.377,edm
8091,-2.708,edm
8092,-3.725,edm
8093,-3.049,edm
8094,-3.896,edm
8095,-2.899,edm
8096,-1.037,edm
8097,-2.135,edm
8098,-4.63,edm
8100,-4.993,edm
8101,-3.902,edm
8102,-2.265,edm
8103,-5.276,edm
8104,-2.089,edm
8105,-2.723,edm
8106,-2.946,edm
8107,-4.047,edm
8108,-4.704,edm
8122,-3.008,edm
8123,-1.888,edm
8124,-4.644,edm
8125,-2.197,edm
8126,-3.592,edm
8127,-4.892,edm
8128,-0.952,edm
8129,-2.062,edm
8130,-4.303,edm
8131,-1.25,edm
8132,-4.385,edm
8136,-3.909,edm
8150,-3.428,edm
8159,-3.004,edm
8162,-5.846,edm
8163,-3.888,edm
8164,-3.745,edm
8168,-4.053,edm
8187,-1.865,edm
8188,-5.324,edm
8189,-2.974,edm
8190,-5.081,edm
8191,-4.043,edm
8192,-7.252,edm
8216,-3.279,edm
8217,-4.748,edm
8218,-2.191,edm
8270,-5.327,edm
8289,-4.9,edm
8296,-6.283,edm
8302,-3.287,edm
8303,-4.249,edm
8317,-2.908,edm
8318,-3.683,edm
8328,-3.29,edm
8334,-4.934,edm
8335,-4.126,edm
8364,-2.73,edm
8367,-5.008,edm
8368,-4.808,edm
8369,-3.942,edm
8370,-3.328,edm
8371,-3.131,edm
8372,-3.648,edm
8373,-8.273,edm
8374,-3.174,edm
8375,-4.333,edm
8376,-5.732,edm
8377,-3.797,edm
8378,-4.024,edm
8379,-3.096,edm
8380,-6.751,edm
8381,-3.548,edm
8389,-5.249,edm
8390,-2.634,edm
8391,-3.87,edm
8792,-3.663,edm
8793,-10.379,edm
8794,-13.9,edm
8795,-7.346,edm
8796,-6.808,edm
8797,-4.326,edm
8798,-4.581,edm
8799,-10.299,edm
8800,-5.468,edm
8803,-8.165,edm
8804,-5.391,edm
8805,-4.674,edm
8806,-6.497,edm
8807,-9.445,edm
8808,-11.837,edm
8809,-13.375,edm
8810,-16.294,edm
8811,-4.773,edm
8812,-10.979,edm
8813,-5.459,edm
8814,-9.58,edm
8815,-4.301,edm
8816,-8.476,edm
8817,-12.937,edm
8818,-4.594,edm
8819,-7.952,edm
8820,-4.625,edm
8821,-2.024,edm
8822,-6.342,edm
8823,-5.66,edm
8824,-8.908,edm
8825,-4.014,edm
8826,-6.479,edm
8827,-7.236,edm
8828,-3.798,edm
8829,-5.181,edm
8830,-5.865,edm
8831,-6.739,edm
8832,-10.694,edm
8833,-4.717,edm
8834,-6.934,edm
8835,-3.466,edm
8836,-9.496,edm
8837,-6.329,edm
8838,-9.264,edm
8839,-4.974,edm
8840,-10.278,edm
8841,-7.587,edm
8842,-5.168,edm
8843,-10.614,edm
8848,-3.293,edm
8855,-4.58,edm
8856,-6.161,edm
8857,-6.933,edm
8858,-6.301,edm
8995,-1.876,edm
8996,-7.15,edm
8997,-4.016,edm
8998,-4.553,edm
8999,-9.353,edm
9000,-7.182,edm
9001,-5.984,edm
9002,-5.418,edm
9003,-6.451,edm
9004,-6.85,edm
9005,-6.726,edm
9006,-5.247,edm
9019,-4.869,edm
9020,-3.916,edm
9021,-5.965,edm
9022,-3.351,edm
9023,-10.541,edm
9024,-5.407,edm
9025,-4.491,edm
9250,-3.772,edm
9251,-3.47,edm
9252,-4.902,edm
9253,-6.937,edm
9254,-2.404,edm
9255,-3.031,edm
9256,-1.859,edm
9283,-4.847,edm
9302,-4.455,edm
9303,-2.202,edm
9304,-3.817,edm
9330,-4.29,edm
9331,-4.24,edm
9332,-3.688,edm
9333,-3.328,edm
9334,-2.856,edm
9335,-2.588,edm
9343,-4.512,edm
9344,-4.881,edm
9345,-2.026,edm
9346,-1.105,edm
9347,-4.782,edm
9348,-4.356,edm
9349,-4.157,edm
9350,-5.737,edm
9352,-4.685,edm
9353,-3.809,edm
9354,-4.808,edm
9355,-4.984,edm
9356,-3.864,edm
9357,-4.472,edm
9358,-5.475,edm
9362,-7.168,edm
9363,-3.262,edm
9364,-4.415,edm
9365,-5.345,edm
9366,-3.172,edm
9367,-4.846,edm
9368,-3.412,edm
9369,-3.806,edm
9370,-4.205,edm
9371,-7.619,edm
9372,-3.799,edm
9373,-4.269,edm
9375,-12.422,edm
9376,-6.553,edm
9377,-4.14,edm
9378,-3.701,edm
9379,-1.933,edm
9380,-4.712,edm
9381,-4.64,edm
9383,-3.219,edm
9401,-6.839,edm
9402,-6.346,edm
9403,-5.316,edm
9404,-4.817,edm
9405,-6.482,edm
9407,-4.313,edm
9408,-2.269,edm
9409,-3.694,edm
9416,-3.817,edm
9552,-5.077,edm
9553,-6.177,edm
9554,-6.262,edm
9555,-4.791,edm
9556,-4.863,edm
9557,-7.611,edm
9558,-4.87,edm
9559,-8.268,edm
9560,-4.251,edm
9561,-4.323,edm
9562,-6.646,edm
9563,-9.091,edm
9564,-5.281,edm
9565,-5.897,edm
9566,-5.762,edm
9567,-4.245,edm
9568,-4.862,edm
9569,-4.437,edm
9570,-4.473,edm
9571,-4.697,edm
9572,-4.036,edm
9573,-8.361,edm
9574,-5.849,edm
9575,-5.837,edm
9576,-6.681,edm
9577,-4.995,edm
9578,-4.582,edm
9579,-4.282,edm
9580,-5.342,edm
9581,-5.324,edm
9582,-8.118,edm
9583,-7.961,edm
9584,-7.119,edm
9590,-5.402,edm
9618,-3.325,edm
9619,-10.178,edm
9637,-7.27,edm
9696,-5.824,edm
10015,-11.207,edm
10016,-9.14,edm
10017,-8.395,edm
10018,-8.865,edm
10019,-8.449,edm
10020,-8.237,edm
10035,-6.799,edm
10036,-6.391,edm
10037,-9.856,edm
10051,-7.911,edm
10052,-10.095,edm
10053,-10.798,edm
10057,-10.352,edm
10061,-9.715,edm
10062,-5.937,edm
10063,-11.595,edm
10064,-7.097,edm
10065,-9.204,edm
10066,-9.758,edm
10067,-9.937,edm
10068,-12.517,edm
10069,-7.694,edm
10070,-9.413,edm
10071,-14.525,edm
10072,-8.374,edm
10073,-5.646,edm
10076,-7.105,edm
10077,-5.607,edm
10078,-7.102,edm
10079,-5.716,edm
10080,-7.458,edm
10081,-11.441,edm
10082,-6.762,edm
10083,-9.434,edm
10084,-9.55,edm
10085,-11.589,edm
10086,-8.23,edm
10087,-6.598,edm
10088,-10.887,edm
10089,-10.306,edm
10090,-9.887,edm
10091,-6.728,edm
10092,-7.699,edm
10093,-9.008,edm
10094,-5.71,edm
10095,-4.338,edm
10096,-5.619,edm
10097,-10.087,edm
10100,-8.409,edm
10101,-6.391,edm
10102,-9.786,edm
10103,-11.04,edm
10104,-10.795,edm
10105,-12.379,edm
10106,-7.562,edm
10107,-10.28,edm
10108,-8.004,edm
10109,-8.007,edm
10110,-7.493,edm
10111,-6.58,edm
10115,-8.237,edm
10116,-9.417,edm
10117,-2.74,edm
10118,-3.48,edm
10119,-0.57,edm
10120,-7.854,edm
10121,-4.428,edm
10122,-6.793,edm
10123,-9.152,edm
10124,-4.55,edm
10125,-5.509,edm
10126,-14.561,edm
10128,-8.288,edm
10129,-7.1,edm
10136,-4.688,edm
10148,-5.705,edm
10149,-3.886,edm
10155,-4.614,edm
10156,-4.62,edm
10157,-4.256,edm
10158,-3.432,edm
10218,-13.606,edm
10219,-11.785,edm
10220,-11.412,edm
10225,-5.043,edm
10226,-3.367,edm
10227,-3.812,edm
10228,-4.844,edm
10234,-10.609,edm
10235,-3.037,edm
10238,-4.107,edm
10239,-2.531,edm
10240,-4.948,edm
10241,-3.43,edm
10244,-9.568,edm
10245,-4.107,edm
10246,-2.776,edm
10247,-5.302,edm
10248,-4.486,edm
10249,-3.409,edm
10250,-2.274,edm
10251,-3.102,edm
10252,-5.635,edm
10267,-2.884,edm
10268,-4.963,edm
10269,-3.058,edm
10270,-6.354,edm
10271,-3.042,edm
10272,-3.21,edm
10301,-5.819,edm
10302,-2.761,edm
10303,-4.559,edm
10304,-3.582,edm
10318,-12.912,edm
10319,-4.434,edm
10320,-5.465,edm
10323,-4.393,edm
10324,-5.396,edm
10325,-6.172,edm
10326,-4.025,edm
10327,-5.513,edm
10328,-9.207,edm
10329,-7.295,edm
10330,-6.279,edm
10331,-8.871,edm
10332,-8.105,edm
10333,-11.104,edm
10334,-10.637,edm
10335,-7.276,edm
10336,-8.73,edm
10337,-11.894,edm
10338,-11.665,edm
10348,-9.978,edm
10349,-11.904,edm
10350,-10.188,edm
10351,-8.446,edm
10365,-4.644,edm
10366,-3.359,edm
10367,-4.218,edm
10368,-6.425,edm
10369,-5.435,edm
10370,-9.356,edm
10371,-6.39,edm
10372,-6.493,edm
10373,-4.314,edm
10374,-11.284,edm
10375,-2.395,edm
10376,-3.095,edm
10377,-3.414,edm
10378,-3.286,edm
10379,-6.714,edm
10380,-11.145,edm
10381,-2.477,edm
10382,-6.847,edm
10383,-8.797,edm
10384,-4.699,edm
10385,-2.978,edm
10386,-6.24,edm
10387,-4.564,edm
10388,-3.378,edm
10389,-2.935,edm
10390,-6.465,edm
10391,-3.239,edm
10392,-4.375,edm
10393,-4.266,edm
10394,-8.011,edm
10395,-6.947,edm
10396,0.302,edm
10397,-4.84,edm
10398,-7.363,edm
10399,-5.478,edm
10400,-5.254,edm
10485,-6.428,edm
10486,-5.805,edm
10487,-3.192,edm
10488,-5.354,edm
10489,-3.173,edm
10517,-3.928,edm
10518,-5.226,edm
10519,-6.615,edm
10520,-3.782,edm
10521,-3.162,edm
10522,-3.546,edm
10533,-5.028,edm
10534,-4.532,edm
10535,-6.376,edm
10536,-4.281,edm
10537,-3.528,edm
10538,-2.978,edm
10539,-6.403,edm
10540,-5.437,edm
10541,-5.127,edm
10542,-3.687,edm
10543,-9.878,edm
10544,-6.971,edm
10545,-6.432,edm
10546,-8.881,edm
10547,-5.56,edm
10548,-1.517,edm
10549,-1.152,edm
10550,-6.543,edm
10551,-3.206,edm
10552,-3.31,edm
10553,-4.73,edm
10554,-1.401,edm
10616,-5.056,edm
10617,-7.026,edm
10618,-5.596,edm
10619,-3.6,edm
10620,-4.126,edm
10621,-2.44,edm
10622,-4.504,edm
10632,-4.728,edm
10633,-3.565,edm
10634,-6.164,edm
10883,-4.533,edm
10884,-7.782,edm
10885,-2.616,edm
10886,-7.0,edm
10887,-1.826,edm
10888,-3.027,edm
10889,-8.398,edm
10890,-3.438,edm
10891,-4.482,edm
10892,-3.57,edm
10893,-3.133,edm
10894,-2.679,edm
10895,-3.424,edm
10896,-5.998,edm
10897,-4.964,edm
10898,-7.462,edm
10899,-5.934,edm
10900,-4.526,edm
10901,-3.751,edm
10902,-4.991,edm
10903,-11.062,edm
10904,-12.045,edm
10905,-8.6,edm
10906,-11.361,edm
10907,-8.559,edm
10908,-12.43,edm
10909,-12.968,edm
10910,-8.781,edm
10911,-11.269,edm
10912,-8.197,edm
10913,-9.463,edm
10914,-8.541,edm
10915,-11.361,edm
10916,-8.476,edm
10917,-9.061,edm
10965,-3.763,edm
10971,-5.695,edm
10972,-7.109,edm
10973,-4.033,edm
10974,-4.022,edm
11102,-1.888,edm
11113,-7.994,edm
11114,-10.549,edm
11115,-9.358,edm
11116,-16.416,edm
11117,-8.778,edm
11118,-4.045,edm
11119,-3.064,edm
11120,-7.367,edm
11121,-6.326,edm
11122,-5.136,edm
11123,-2.951,edm
11124,-10.251,edm
11125,-7.274,edm
11126,-9.839,edm
11127,-12.994,edm
11128,-12.789,edm
11129,-12.335,edm
11133,-1.988,edm
11134,-3.966,edm
11135,-4.074,edm
11136,-5.873,edm
11137,-6.061,edm
11138,-3.912,edm
11139,-4.442,edm
11140,-5.347,edm
11142,-3.521,edm
11143,-2.921,edm
11144,-3.358,edm
11145,-2.371,edm
11146,-3.47,edm
11147,-3.857,edm
11148,-5.445,edm
11149,-4.778,edm
11150,-3.671,edm
11151,-3.739,edm
11152,-4.621,edm
11153,-6.622,edm
11154,-5.484,edm
11155,-10.776,edm
11156,-7.378,edm
11157,-8.056,edm
11158,-9.623,edm
11159,-11.343,edm
11160,-7.18,edm
11161,-14.065,edm
11162,-14.377,edm
11163,-9.578,edm
11164,-7.116,edm
11165,-11.913,edm
11166,-6.618,edm
11167,-10.448,edm
11168,-9.094,edm
11169,-10.545,edm
11170,-13.863,edm
11171,-11.627,edm
11172,-9.514,edm
11173,-9.057,edm
11174,-7.641,edm
11175,-11.842,edm
11176,-10.712,edm
11177,-9.887,edm
11178,-9.569,edm
11179,-9.469,edm
11180,-11.705,edm
11181,-13.806,edm
11182,-9.367,edm
11183,-6.415,edm
11184,-10.103,edm
11185,-11.866,edm
11186,-8.416,edm
11187,-13.429,edm
11188,-17.848,edm
11189,-8.932,edm
11190,-7.643,edm
11191,-6.189,edm
11192,-6.077,edm
11193,-9.079,edm
11194,-11.642,edm
11195,-7.98,edm
11196,-6.737,edm
11197,-9.251,edm
11198,-6.597,edm
11199,-14.202,edm
11200,-7.7,edm
11201,-9.073,edm
11202,-9.758,edm
11208,-8.723,edm
11209,-10.199,edm
11210,-7.17,edm
11211,-11.878,edm
11212,-13.385,edm
11213,-9.117,edm
11278,-2.987,edm
11279,-2.342,edm
11280,-4.02,edm
11283,-7.474,edm
11284,-6.097,edm
11285,-2.454,edm
11286,-4.284,edm
11287,-11.661,edm
11288,-4.137,edm
11289,-5.124,edm
11290,-5.052,edm
11298,-3.943,edm
11299,-3.931,edm
11300,-2.402,edm
11301,-4.772,edm
11302,-4.797,edm
11303,-4.821,edm
11304,-3.659,edm
11305,-4.023,edm
11306,-4.44,edm
11307,-2.844,edm
11308,-3.905,edm
11309,-3.714,edm
11310,-4.449,edm
11311,-4.129,edm
11312,-5.109,edm
11313,-1.842,edm
11314,-5.668,edm
11315,-5.59,edm
11316,-4.632,edm
11317,-2.937,edm
11318,-2.629,edm
11319,-1.827,edm
11320,-5.379,edm
11321,-2.742,edm
11322,-2.63,edm
11323,-5.373,edm
11324,-2.731,edm
11325,-3.114,edm
11326,-3.21,edm
11336,-4.649,edm
11337,-4.705,edm
11348,-6.162,edm
11349,-5.79,edm
11350,-6.001,edm
11351,-8.206,edm
11352,-5.469,edm
11353,-3.634,edm
11354,-0.484,edm
11355,-4.8,edm
11356,-5.327,edm
11357,-6.138,edm
11361,-4.182,edm
11362,-5.503,edm
11363,-3.606,edm
11364,-3.882,edm
11365,-3.149,edm
11366,-5.389,edm
11367,-5.792,edm
11368,-3.323,edm
11369,-8.544,edm
11370,-6.391,edm
11371,-3.871,edm
11372,-7.286,edm
11373,-4.721,edm
11374,-10.006,edm
11375,-4.98,edm
11376,-3.738,edm
11377,-4.351,edm
11378,-4.908,edm
11379,-4.534,edm
11380,-3.653,edm
11381,-5.117,edm
11382,-3.333,edm
11383,-12.006,edm
11487,-7.041,edm
11488,-5.742,edm
11489,-3.377,edm
11490,-3.047,edm
11491,-5.428,edm
11500,-5.335,edm
11501,-4.504,edm
11502,-3.842,edm
11503,-2.032,edm
11504,-4.612,edm
11505,-5.446,edm
11506,-6.155,edm
11507,-6.823,edm
11508,-4.302,edm
11509,-6.269,edm
11518,-2.055,edm
11532,-4.396,edm
11533,-3.716,edm
11534,-4.296,edm
11535,-3.336,edm
11536,-4.221,edm
11537,-3.653,edm
11538,-4.86,edm
11539,-6.733,edm
11540,-7.292,edm
11541,-2.851,edm
11556,-5.95,edm
11557,-3.543,edm
11558,-4.666,edm
11559,-3.541,edm
11560,-3.431,edm
11561,-5.638,edm
11562,-5.094,edm
11563,-4.055,edm
11564,-4.374,edm
11565,-4.508,edm
11568,-3.725,edm
11569,-5.877,edm
11570,-6.4,edm
11571,-7.238,edm
11572,-5.77,edm
11573,-3.899,edm
11574,-5.004,edm
11575,-7.401,edm
11576,-4.508,edm
11577,-4.671,edm
11578,-4.818,edm
11579,-4.477,edm
11580,-7.201,edm
11581,-7.894,edm
11582,-6.151,edm
11583,-5.922,edm
11584,-3.793,edm
11585,-7.031,edm
11586,-4.876,edm
11587,-4.449,edm
11588,-4.32,edm
11589,-7.912,edm
11590,-4.808,edm
11591,-7.283,edm
11592,-3.755,edm
11593,-2.639,edm
11594,-3.46,edm
11602,-3.353,edm
11603,-2.915,edm
11604,-5.01,edm
11605,-4.518,edm
11606,-5.663,edm
11755,-4.466,edm
11756,-7.479,edm
11757,-10.407,edm
11758,-3.114,edm
11759,-7.209,edm
11760,-4.624,edm
11761,-5.889,edm
11762,-6.252,edm
11763,-5.246,edm
11764,-8.963,edm
11765,-4.74,edm
11766,-3.779,edm
11767,-2.959,edm
11768,-5.184,edm
11769,-5.604,edm
11770,-6.06,edm
11771,-5.917,edm
11772,-6.785,edm
11773,-7.048,edm
11774,-6.257,edm
11775,-4.4,edm
11776,-7.495,edm
11777,-8.871,edm
11778,-7.766,edm
11779,-12.81,edm
11780,-5.821,edm
11781,-8.389,edm
11782,-6.24,edm
11783,-7.137,edm
11784,-4.094,edm
11785,-3.571,edm
11787,-7.525,edm
11788,-4.629,edm
11789,-4.421,edm
11790,-4.189,edm
11791,-5.008,edm
11792,-3.543,edm
11793,-4.274,edm
11794,-9.044,edm
11795,-5.444,edm
11796,-8.131,edm
11797,-10.136,edm
11798,-6.451,edm
11800,-9.354,edm
11911,-7.45,edm
11912,-6.256,edm
11913,-7.741,edm
11914,-3.279,edm
11915,-2.792,edm
11916,-5.48,edm
11917,-4.396,edm
11919,-4.33,edm
11921,-6.155,edm
11922,-6.147,edm
11923,-12.4,edm
11924,-8.332,edm
11925,-6.57,edm
11926,-7.813,edm
11927,-8.218,edm
11929,-6.496,edm
11932,-8.542,edm
11934,-8.603,edm
11935,-3.392,edm
11936,-5.563,edm
11937,-4.527,edm
11938,-7.566,edm
11939,-3.129,edm
11940,-4.607,edm
11941,-3.482,edm
11942,-7.123,edm
11943,-4.11,edm
11944,-2.041,edm
11945,-2.841,edm
11946,-5.258,edm
11947,-8.575,edm
11948,-12.052,edm
12007,-6.476,edm
12008,-6.449,edm
12009,-9.049,edm
12010,-5.068,edm
12011,-4.733,edm
12020,-9.038,edm
12021,-7.309,edm
12022,-4.193,edm
12023,-5.232,edm
12024,-8.716,edm
12025,-5.369,edm
12035,-4.942,edm
12058,-4.476,edm
12059,-3.447,edm
12060,-3.043,edm
12061,-1.721,edm
12062,-4.261,edm
12063,-6.138,edm
12064,-5.783,edm
12065,-4.803,edm
12066,-4.261,edm
12067,-7.881,edm
12068,-1.871,edm
12069,-3.071,edm
12110,-3.129,edm
12114,-4.858,edm
12115,-4.174,edm
12116,-6.245,edm
12117,-4.63,edm
12118,-4.266,edm
12119,-4.491,edm
12120,-4.304,edm
12121,-5.985,edm
12122,-4.13,edm
12123,-6.109,edm
12124,-5.968,edm
12125,-2.678,edm
12126,-2.148,edm
12127,-4.222,edm
12128,-5.195,edm
12129,-3.842,edm
12130,-4.96,edm
12131,-2.192,edm
12132,-4.989,edm
12133,-3.762,edm
12134,-7.192,edm
12135,-2.343,edm
12136,-4.457,edm
12137,-5.89,edm
12138,-4.815,edm
12139,-7.419,edm
12140,-2.965,edm
12141,-4.476,edm
12142,-1.145,edm
12143,-2.798,edm
12144,-5.206,edm
12145,-2.802,edm
12146,-5.209,edm
12147,-5.696,edm
12148,-5.002,edm
12153,-1.79,edm
12154,-5.873,edm
12155,-6.382,edm
12156,-3.925,edm
12157,-5.228,edm
12158,-4.999,edm
12159,-3.604,edm
12160,-5.662,edm
12161,-4.09,edm
12162,-3.886,edm
12163,-1.478,edm
12164,-1.26,edm
12165,-3.746,edm
12166,-7.552,edm
12176,-3.171,edm
12177,-4.842,edm
12178,-4.415,edm
12179,-4.304,edm
12180,-6.122,edm
12188,-11.394,edm
12189,-5.17,edm
12190,-2.04,edm
12191,-3.497,edm
12192,-6.01,edm
12193,-6.331,edm
12194,-6.386,edm
12195,-3.192,edm
12203,-6.001,edm
12204,-4.633,edm
12205,-4.514,edm
12206,-4.683,edm
12207,-3.671,edm
12208,-4.964,edm
12209,-1.554,edm
12210,-6.573,edm
12211,-4.942,edm
12212,-6.325,edm
12213,-5.216,edm
12214,-5.981,edm
12215,-5.035,edm
12216,-5.093,edm
12217,-4.489,edm
12218,-4.734,edm
12219,-4.56,edm
12220,-6.012,edm
12221,-6.418,edm
12222,-7.44,edm
12223,-1.7,edm
12224,-1.299,edm
12225,-2.827,edm
12226,-3.035,edm
12258,-3.595,edm
12259,-5.592,edm
12272,-3.138,edm
12273,-2.243,edm
12274,-5.353,edm
12275,-3.48,edm
12431,-3.189,edm
12432,-4.179,edm
12433,-7.421,edm
12434,-5.477,edm
12435,-2.492,edm
12436,-6.304,edm
12437,-4.892,edm
12438,-2.46,edm
12439,-3.999,edm
12440,-4.139,edm
12441,-3.747,edm
12442,-3.464,edm
12443,-2.557,edm
12444,-1.942,edm
12445,-6.728,edm
12446,-4.451,edm
12447,-4.304,edm
12448,-2.896,edm
12449,-6.058,edm
12454,-3.689,edm
12455,-5.366,edm
12456,-3.939,edm
12457,-6.069,edm
12458,-3.949,edm
12459,-4.964,edm
12460,-1.63,edm
12461,-3.682,edm
12462,-3.123,edm
12498,-6.741,edm
12499,-3.519,edm
12500,-6.117,edm
12501,-5.226,edm
12502,-2.54,edm
12503,-4.982,edm
12509,-3.79,edm
12510,-3.521,edm
12511,-5.706,edm
12512,-3.74,edm
12513,-6.399,edm
12514,-7.165,edm
12515,-3.201,edm
12516,-3.486,edm
12517,-1.026,edm
12518,-7.5,edm
12519,-7.577,edm
12520,-3.247,edm
12521,-4.604,edm
12527,-2.773,edm
12528,-5.576,edm
12529,-4.307,edm
12530,-3.454,edm
12531,-3.019,edm
12532,-3.339,edm
12615,-4.469,edm
12616,-4.504,edm
12617,-5.369,edm
12618,-4.379,edm
12619,-4.688,edm
12620,-6.477,edm
12621,-6.638,edm
12622,-5.805,edm
12623,-6.194,edm
12624,-5.182,edm
12625,-2.803,edm
12626,-4.912,edm
12627,-2.487,edm
12628,-3.238,edm
12629,-2.215,edm
12630,-3.044,edm
12631,-4.126,edm
12632,-4.537,edm
12633,-6.325,edm
12634,-4.388,edm
12635,-3.598,edm
12636,-5.36,edm
12637,-4.909,edm
12638,-5.209,edm
12639,-4.254,edm
12640,-3.147,edm
12641,-3.169,edm
12642,-2.373,edm
12643,-4.334,edm
12644,-3.37,edm
12645,-5.351,edm
12646,-5.729,edm
12647,-5.371,edm
12648,-3.605,edm
12649,-4.683,edm
12650,-4.963,edm
12651,-4.961,edm
12652,-6.221,edm
12653,-2.371,edm
12654,-9.925,edm
12655,-4.214,edm
12656,-4.543,edm
12657,-2.696,edm
12658,-3.83,edm
12659,-3.782,edm
12660,-3.654,edm
12661,-4.691,edm
12662,-5.218,edm
12663,-3.576,edm
12664,-11.14,edm
12665,-8.619,edm
12666,-10.164,edm
12667,-9.073,edm
12668,-8.454,edm
12669,-2.74,edm
12670,-3.117,edm
12671,-5.243,edm
12672,-5.081,edm
12673,-3.248,edm
12674,-2.413,edm
12675,-3.226,edm
12676,-8.548,edm
12677,-9.635,edm
12678,-5.572,edm
12679,-7.083,edm
12680,-6.625,edm
12681,-7.578,edm
12682,-6.068,edm
12683,-4.453,edm
12684,-7.239,edm
12685,-8.603,edm
12686,-6.967,edm
12687,-10.136,edm
12688,-5.693,edm
12689,-7.584,edm
12690,-6.015,edm
12691,-12.333,edm
12692,-5.965,edm
12693,-6.038,edm
12694,-10.973,edm
12695,-12.128,edm
12696,-5.798,edm
12697,-9.287,edm
12698,-7.098,edm
12699,-6.768,edm
12700,-6.966,edm
12701,-8.213,edm
12702,-5.101,edm
12703,-7.255,edm
12704,-9.48,edm
12705,-8.01,edm
12706,-5.454,edm
12707,-7.868,edm
12708,-4.09,edm
12709,-7.345,edm
12710,-6.856,edm
12711,-4.712,edm
12712,-3.705,edm
12713,-5.714,edm
12714,-6.209,edm
12715,-6.691,edm
12716,-15.537,edm
12717,-9.071,edm
12718,-11.471,edm
12719,-7.456,edm
12720,-8.426,edm
12721,-13.135,edm
12722,-5.456,edm
12723,-3.043,edm
12724,-9.04,edm
12725,-8.263,edm
12726,-9.543,edm
12727,-8.618,edm
12728,-7.453,edm
12729,-7.165,edm
12730,-6.095,edm
12731,-5.394,edm
12732,-9.138,edm
12733,-6.35,edm
12734,-6.328,edm
12735,-7.472,edm
12736,-8.468,edm
12737,-5.346,edm
12738,-9.011,edm
12739,-7.179,edm
12740,-8.848,edm
12748,-11.465,edm
12749,-11.316,edm
12750,-4.442,edm
12751,-5.964,edm
12752,-10.741,edm
12753,-9.304,edm
12754,-7.261,edm
12755,-7.432,edm
12756,-9.583,edm
12757,-5.206,edm
12758,-8.131,edm
12759,-7.814,edm
12760,-7.777,edm
12761,-7.823,edm
12762,-8.31,edm
12773,-8.147,edm
12774,-4.999,edm
12807,-6.377,edm
12808,-4.173,edm
12809,-4.617,edm
12810,-4.369,edm
12811,-4.335,edm
12812,-3.672,edm
12813,-1.816,edm
12814,-4.347,edm
12815,-3.972,edm
12819,-6.101,edm
12820,-3.384,edm
12821,-4.035,edm
12822,-3.594,edm
12823,-5.69,edm
12824,-4.144,edm
12825,-5.075,edm
12826,-4.668,edm
12827,-3.926,edm
12828,-4.973,edm
12844,-6.748,edm
13123,-5.228,edm
13341,-9.568,edm
13342,-6.01,edm
13343,-4.298,edm
13344,-14.79,edm
13345,-7.369,edm
13346,-9.59,edm
13347,-6.479,edm
13348,-8.252,edm
13349,-6.232,edm
13350,-4.706,edm
13351,-7.392,edm
13352,-10.878,edm
13355,-3.66,edm
13356,-4.743,edm
13357,-4.741,edm
13358,-2.984,edm
13359,-4.65,edm
13360,-3.737,edm
13361,-14.45,edm
13362,-4.594,edm
13363,-8.472,edm
13364,-8.895,edm
13365,-4.841,edm
13366,-5.312,edm
13367,-4.642,edm
13368,-4.883,edm
13369,-6.599,edm
13370,-5.097,edm
13371,-2.666,edm
13372,-4.569,edm
13373,-5.093,edm
13374,-2.933,edm
13375,-3.226,edm
13376,-4.295,edm
13377,-1.828,edm
13378,-4.075,edm
13379,-3.38,edm
13380,-3.168,edm
13381,-4.894,edm
13382,-3.807,edm
13383,-4.066,edm
13384,-3.433,edm
13385,-5.087,edm
13386,-2.507,edm
13387,-5.851,edm
13388,-3.665,edm
13389,-17.443,edm
13390,-6.674,edm
13391,-5.871,edm
13392,-5.866,edm
13393,-9.103,edm
13394,-5.573,edm
13395,-7.754,edm
13396,-15.539,edm
13397,-8.834,edm
13398,-8.977,edm
13399,-7.695,edm
13400,-5.074,edm
13401,-12.99,edm
13402,-8.123,edm
13403,-5.212,edm
13404,-3.904,edm
13405,-10.059,edm
13406,-7.086,edm
13407,-7.356,edm
13408,-1.14,edm
13409,-4.628,edm
13410,-3.812,edm
13411,-4.188,edm
13412,-6.634,edm
13413,-5.742,edm
13414,-3.408,edm
13415,-8.103,edm
13416,-11.991,edm
13417,-7.336,edm
13418,-8.053,edm
13419,-5.614,edm
13420,-8.64,edm
13421,-13.489,edm
13422,-4.387,edm
13423,-7.65,edm
13424,-7.977,edm
13425,-6.743,edm
13426,-7.53,edm
13427,-5.471,edm
13428,-12.369,edm
13429,-7.352,edm
13430,-5.719,edm
13431,-9.925,edm
13432,-13.376,edm
13433,-3.127,edm
13434,-11.064,edm
13435,-4.367,edm
13436,-11.687,edm
13437,-4.913,edm
13438,-10.98,edm
13439,-3.986,edm
13440,-9.821,edm
13441,-6.66,edm
13442,-6.017,edm
13443,-5.307,edm
13444,-7.949,edm
13445,-8.044,edm
13455,-16.401,edm
13456,-5.269,edm
13457,-6.846,edm
13458,-11.581,edm
13459,-7.152,edm
13460,-6.116,edm
13537,-3.984,edm
13538,-3.453,edm
13539,-7.272,edm
13553,-3.134,edm
13554,-8.546,edm
13555,-3.914,edm
13556,-4.785,edm
13557,-6.709,edm
13558,-10.441,edm
13559,-3.459,edm
13560,-6.297,edm
13561,-9.796,edm
13562,-10.594,edm
13563,-8.371,edm
13564,-6.302,edm
13565,-4.419,edm
13566,-3.586,edm
13567,-3.702,edm
13568,-5.401,edm
13569,-7.99,edm
13570,-6.477,edm
13571,-4.468,edm
13572,-4.925,edm
13573,-6.26,edm
13574,-3.991,edm
13575,-7.625,edm
13576,-9.438,edm
13577,-11.175,edm
13578,-8.763,edm
13579,-6.212,edm
13580,-7.383,edm
13581,-5.347,edm
13582,-4.525,edm
13583,-8.383,edm
13584,-5.323,edm
13585,-3.534,edm
13586,-3.487,edm
13587,-9.494,edm
13588,-4.263,edm
13589,-3.422,edm
13590,-8.04,edm
13591,-9.338,edm
13592,-7.104,edm
13593,-12.549,edm
13594,-8.212,edm
13595,-4.382,edm
13596,-7.049,edm
13597,-4.345,edm
13598,-4.9,edm
13599,-3.022,edm
13600,-8.919,edm
13601,-3.559,edm
13602,-6.141,edm
13603,-4.231,edm
13604,-7.759,edm
13605,-8.594,edm
13606,-5.87,edm
13607,-6.284,edm
13608,-7.174,edm
13609,-10.345,edm
13610,-2.782,edm
13611,-5.918,edm
13612,-9.339,edm
13613,-5.21,edm
13614,-5.385,edm
13615,-10.556,edm
13616,-2.93,edm
13617,-5.876,edm
13618,-7.272,edm
13619,-8.016,edm
13620,-7.013,edm
13621,-4.851,edm
13622,-6.778,edm
13623,-7.865,edm
13624,-4.407,edm
13625,-6.98,edm
13626,-3.055,edm
13627,-5.201,edm
13628,-5.364,edm
13629,-6.077,edm
13630,-6.257,edm
13631,-8.246,edm
13632,-3.243,edm
13633,-3.287,edm
13634,-4.672,edm
13635,-5.655,edm
13636,-5.211,edm
13637,-4.827,edm
13638,-5.751,edm
13641,-5.742,edm
13642,-3.157,edm
13648,-4.925,edm
13649,-3.915,edm
13650,-3.113,edm
13651,-3.484,edm
13652,-5.737,edm
13653,-4.254,edm
13727,-4.569,edm
13728,-5.496,edm
13729,-2.716,edm
13730,-4.462,edm
13731,-5.617,edm
13732,-4.721,edm
13739,-3.001,edm
13740,-6.952,edm
13741,-4.512,edm
13742,-3.754,edm
13743,-5.233,edm
13744,-6.19,edm
13745,-5.998,edm
13746,-7.324,edm
13747,-5.848,edm
13748,-7.438,edm
13749,-2.781,edm
13750,-3.352,edm
13751,-5.688,edm
13752,-6.677,edm
13753,-6.189,edm
13754,-7.573,edm
13755,-6.699,edm
13756,-9.975,edm
13757,-3.787,edm
13758,-5.209,edm
13759,-2.979,edm
13760,-4.621,edm
13761,-9.55,edm
13762,-9.181,edm
13763,-8.59,edm
13764,-7.36,edm
13765,-3.013,edm
13766,-8.939,edm
13767,-13.973,edm
13768,-5.614,edm
13769,-10.417,edm
13770,-5.034,edm
13771,-2.793,edm
13772,-5.943,edm
13773,-5.999,edm
13774,-5.22,edm
13775,-5.419,edm
13776,-5.598,edm
13777,-6.137,edm
13778,-4.504,edm
13779,-5.549,edm
13780,-4.049,edm
13781,-4.069,edm
13782,-5.196,edm
13784,-10.563,edm
13785,-12.179,edm
13786,-5.666,edm
13787,-10.4,edm
13788,-8.089,edm
13796,-5.924,edm
13854,-6.356,edm
13855,-5.749,edm
13856,-5.024,edm
13857,-1.098,edm
13858,-4.705,edm
13859,-5.003,edm
13860,-4.261,edm
13861,-3.444,edm
13862,-10.004,edm
13863,-3.994,edm
13864,-3.784,edm
13865,-4.078,edm
13866,-5.17,edm
13881,-4.663,edm
13882,-4.084,edm
13883,-4.064,edm
13884,-5.318,edm
13885,-5.124,edm
13886,-4.045,edm
13887,-3.565,edm
13888,-1.862,edm
13889,-3.923,edm
13890,-3.653,edm
13891,-6.826,edm
13892,-6.537,edm
13893,-7.733,edm
13894,-2.388,edm
13895,-6.723,edm
13896,-4.022,edm
13897,-2.862,edm
13898,-4.924,edm
13899,-3.04,edm
13900,-6.253,edm
13901,-6.003,edm
13902,-4.724,edm
13903,-2.992,edm
13904,-9.906,edm
13905,-9.459,edm
13906,-3.418,edm
13907,-3.939,edm
13908,-0.936,edm
13909,-6.257,edm
13910,-4.825,edm
13911,-6.665,edm
13912,-6.85,edm
13913,-7.785,edm
13914,-3.513,edm
13915,-4.623,edm
13916,-11.759,edm
13917,-9.027,edm
13918,-9.009,edm
13919,-5.947,edm
13920,-3.864,edm
13921,-2.974,edm
13922,-3.657,edm
13923,-4.281,edm
13924,-5.033,edm
13925,-3.153,edm
13926,-4.163,edm
13927,-6.724,edm
13928,-5.497,edm
13929,-4.559,edm
13930,-6.602,edm
13931,-3.385,edm
13932,-5.562,edm
13933,-4.24,edm
13934,-2.886,edm
13935,-6.17,edm
13936,-3.227,edm
13937,-8.928,edm
13938,-6.257,edm
13939,-6.848,edm
13940,-4.368,edm
13941,-4.017,edm
13942,-4.342,edm
13943,-4.256,edm
13944,-5.852,edm
13945,-7.499,edm
13946,-2.332,edm
13947,-3.309,edm
13948,-7.865,edm
13949,-8.434,edm
13950,-3.774,edm
13951,-7.215,edm
13952,-8.432,edm
13953,-5.918,edm
13954,-5.131,edm
13955,-5.124,edm
13956,-2.909,edm
13957,-4.908,edm
13958,-4.88,edm
13959,-7.392,edm
13960,-6.246,edm
13961,-7.556,edm
13962,-6.083,edm
13963,-5.818,edm
13964,-5.572,edm
13965,-5.834,edm
13966,-7.278,edm
13967,-3.864,edm
13968,-6.604,edm
13969,-5.676,edm
13970,-5.613,edm
13971,-8.938,edm
13972,-4.579,edm
13973,-5.619,edm
13974,-4.204,edm
13975,-7.998,edm
13976,-4.857,edm
13977,-7.312,edm
13978,-5.996,edm
13979,-5.708,edm
13980,-4.116,edm
13981,-6.239,edm
13982,-6.217,edm
13983,-4.929,edm
13984,-6.87,edm
13998,-4.939,edm
14009,-5.53,edm
14012,-4.49,edm
14218,-3.306,edm
14219,-7.198,edm
14220,-4.808,edm
14231,-8.65,edm
14232,-4.161,edm
14233,-1.651,edm
14234,-3.566,edm
14235,-7.607,edm
14236,-8.188,edm
14237,-4.746,edm
14238,-5.129,edm
14239,-6.196,edm
14243,-6.893,edm
14244,-4.706,edm
14245,-4.572,edm
14246,-4.563,edm
14247,-6.676,edm
14248,-4.261,edm
14249,-4.034,edm
14250,-3.962,edm
14251,-4.48,edm
14255,-5.829,edm
14256,-4.225,edm
14257,-5.209,edm
14258,-5.366,edm
14259,-3.667,edm
14260,-3.821,edm
14261,-6.35,edm
14262,-4.894,edm
14263,-5.996,edm
14264,-4.803,edm
14265,-5.692,edm
14266,-4.838,edm
14267,-7.03,edm
14268,-4.315,edm
14269,-7.155,edm
14270,-6.325,edm
14271,-7.091,edm
14272,-5.7,edm
14273,-7.253,edm
14274,-4.712,edm
14275,-4.815,edm
14278,-7.196,edm
14279,-6.51,edm
14280,-7.021,edm
14281,-4.769,edm
14282,-7.006,edm
14288,-4.913,edm
14289,-10.391,edm
14290,-4.556,edm
14291,-5.504,edm
14292,-9.2,edm
14293,-5.604,edm
14294,-5.928,edm
14295,-9.104,edm
14296,-4.741,edm
14297,-7.88,edm
14298,-7.81,edm
14299,-7.327,edm
14300,-8.761,edm
14301,-8.684,edm
14302,-6.749,edm
14303,-4.13,edm
14304,-6.644,edm
14305,-5.779,edm
14306,-4.391,edm
14307,-5.139,edm
14308,-4.664,edm
14310,-3.755,edm
14311,-4.825,edm
14312,-5.937,edm
14313,-3.718,edm
14314,-7.756,edm
14323,-4.421,edm
14324,-1.853,edm
14325,-3.531,edm
14326,-4.839,edm
14327,-5.346,edm
14328,-1.78,edm
14335,-5.555,edm
14336,-5.824,edm
14337,-6.501,edm
14338,-2.739,edm
14339,-3.392,edm
14340,-10.405,edm
14341,-5.192,edm
14342,-4.248,edm
14343,-6.633,edm
14344,-4.121,edm
14345,-3.846,edm
14346,-4.717,edm
14347,-4.89,edm
14348,-5.409,edm
14349,-2.205,edm
14350,-5.667,edm
14351,-5.502,edm
14352,-4.267,edm
14353,-3.673,edm
14354,-4.613,edm
14355,-4.973,edm
14356,-6.109,edm
14357,-4.682,edm
14358,-8.387,edm
14359,-4.07,edm
14360,-4.52,edm
14361,-2.848,edm
14362,-2.495,edm
14363,-5.153,edm
14364,-4.22,edm
14365,-4.152,edm
14366,-4.267,edm
14367,-3.328,edm
14368,-5.55,edm
14369,-4.349,edm
14370,-4.369,edm
14371,-5.644,edm
14372,-5.179,edm
14373,-4.711,edm
14374,-2.57,edm
14375,-3.046,edm
14376,-4.995,edm
14377,-5.478,edm
14378,-4.435,edm
14379,-4.001,edm
14380,-5.022,edm
14381,-4.885,edm
14382,-4.687,edm
14383,-4.286,edm
14384,-4.351,edm
14385,-5.159,edm
14386,-2.466,edm
14387,-3.56,edm
14388,-7.879,edm
14389,-4.813,edm
14390,-3.194,edm
14391,-7.71,edm
14392,-5.332,edm
14393,-3.039,edm
14394,-3.545,edm
14395,-6.73,edm
14396,-3.662,edm
14397,-5.467,edm
14398,-4.979,edm
14399,-5.073,edm
14400,-6.942,edm
14401,-5.389,edm
14402,-5.794,edm
14403,-3.962,edm
14404,-2.683,edm
14405,-4.362,edm
14406,-5.073,edm
14407,-4.784,edm
14408,-4.85,edm
14409,-5.504,edm
14410,-5.355,edm
14411,-7.004,edm
14412,-1.832,edm
14415,-8.337,edm
14416,-5.204,edm
14417,-2.509,edm
14418,-4.444,edm
14419,-6.235,edm
14420,-4.274,edm
14421,-3.341,edm
14422,-4.58,edm
14423,-7.814,edm
14424,-5.18,edm
14425,-8.244,edm
14426,-3.079,edm
14427,-3.503,edm
14439,-6.573,edm
14440,-4.048,edm
14441,-5.694,edm
14453,-4.626,edm
14454,-4.236,edm
14595,-8.22,edm
14600,-7.756,edm
14601,-6.798,edm
14602,-4.118,edm
14603,-6.486,edm
14604,-7.046,edm
14605,-6.402,edm
14606,-6.756,edm
14607,-8.506,edm
14608,-9.925,edm
14609,-5.54,edm
14610,-4.783,edm
14639,-7.51,edm
14671,-6.029,edm
14672,-7.878,edm
14673,-8.843,edm
14674,-3.921,edm
14675,-5.844,edm
14676,-3.573,edm
14677,-6.872,edm
14678,-7.502,edm
14679,-4.833,edm
14680,-8.47,edm
14681,-8.627,edm
14683,-6.347,edm
14684,-6.203,edm
14685,-7.601,edm
14686,-8.623,edm
14687,-8.359,edm
14688,-5.923,edm
14689,-7.434,edm
14690,-6.505,edm
14691,-4.552,edm
14692,-5.515,edm
14693,-7.207,edm
14695,-4.54,edm
14696,-8.569,edm
14697,-5.33,edm
14698,-13.31,edm
14699,-6.326,edm
14700,-7.691,edm
14701,-11.23,edm
14702,-7.652,edm
14703,-9.598,edm
14704,-11.338,edm
14705,-7.119,edm
14706,-5.623,edm
14707,-8.296,edm
14708,-7.764,edm
14709,-7.914,edm
14710,-8.063,edm
14711,-7.405,edm
14712,-7.9,edm
14713,-6.71,edm
14714,-6.561,edm
14715,-10.031,edm
14716,-8.055,edm
14717,-6.767,edm
14718,-5.313,edm
14719,-4.613,edm
14720,-10.158,edm
14721,-5.808,edm
14722,-9.01,edm
14723,-8.503,edm
14724,-10.589,edm
14725,-9.393,edm
14726,-5.169,edm
14727,-4.195,edm
14728,-7.809,edm
14729,-8.781,edm
14730,-3.169,edm
14731,-4.814,edm
14732,-7.289,edm
14733,-5.93,edm
14734,-5.162,edm
14735,-7.672,edm
14736,-7.518,edm
14745,-9.069,edm
14746,-8.72,edm
14747,-4.313,edm
14748,-9.004,edm
14878,-5.349,edm
14879,-5.94,edm
14880,-4.128,edm
14881,-4.773,edm
14882,-5.49,edm
14883,-5.873,edm
14890,-5.191,edm
14891,-6.919,edm
14892,-2.632,edm
14893,-7.742,edm
14894,-6.347,edm
14895,-6.608,edm
14898,-4.625,edm
14899,-6.099,edm
14900,-5.609,edm
14901,-6.426,edm
14902,-4.826,edm
14903,-2.535,edm
14904,-2.99,edm
14905,-6.063,edm
14906,-7.676,edm
14907,-2.037,edm
14908,-3.676,edm
14909,-5.93,edm
14910,-5.023,edm
14911,-4.443,edm
14912,-5.825,edm
14913,-4.029,edm
14914,-6.955,edm
14916,-5.291,edm
14917,-3.967,edm
14918,-5.732,edm
14919,-1.277,edm
14920,-7.703,edm
14921,-5.772,edm
14922,-3.967,edm
14923,-4.275,edm
14924,-3.994,edm
15136,-6.128,edm
15137,-3.05,edm
15138,-7.402,edm
15139,-5.677,edm
15140,-6.85,edm
15141,-4.84,edm
15142,-5.592,edm
15143,-3.799,edm
15147,-4.032,edm
15148,-3.398,edm
15149,-8.985,edm
15161,-3.71,edm
15162,-6.332,edm
15163,-9.056,edm
15164,-5.619,edm
15165,-5.407,edm
15166,-6.127,edm
15167,-5.485,edm
15168,-4.001,edm
15169,-6.403,edm
15170,-5.378,edm
15171,-1.257,edm
15172,-5.622,edm
15173,-3.937,edm
15174,-2.573,edm
15175,-3.056,edm
15186,-4.026,edm
15187,-4.137,edm
15188,-3.299,edm
15189,-8.092,edm
15190,-8.139,edm
15191,-4.071,edm
15192,-4.857,edm
15193,-5.651,edm
15194,-5.754,edm
15195,-4.434,edm
15196,-4.007,edm
15262,-5.033,edm
15263,-4.373,edm
15296,-6.625,edm
15297,-5.144,edm
15298,-6.777,edm
15299,-4.483,edm
15300,-7.396,edm
15301,-5.958,edm
15302,-3.343,edm
15303,-6.629,edm
15304,-4.682,edm
15305,-2.249,edm
15306,-3.278,edm
15313,-3.928,edm
15314,-7.113,edm
15315,-4.755,edm
15316,-4.516,edm
15317,-6.579,edm
15318,-8.166,edm
15319,-7.273,edm
15320,-5.408,edm
15321,-12.112,edm
15322,-5.639,edm
15323,-10.666,edm
15324,-4.371,edm
15325,-5.264,edm
15326,-10.751,edm
15327,-3.394,edm
15328,-3.563,edm
15329,-6.902,edm
15330,-5.763,edm
15331,-4.869,edm
15450,-4.714,edm
15451,-6.338,edm
15452,-1.635,edm
15453,-7.583,edm
15454,-8.546,edm
15455,-9.074,edm
15456,-5.585,edm
15457,-3.311,edm
15460,-4.246,edm
15461,-5.156,edm
15462,-4.88,edm
15463,-6.175,edm
15464,-7.869,edm
15465,-5.321,edm
15466,-6.593,edm
16039,-4.848,edm
16040,-8.82,edm
16041,-5.326,edm
16042,-6.263,edm
16043,-9.056,edm
16044,-16.105,edm
16045,-9.463,edm
16054,-8.703,edm
16055,-5.334,edm
16056,-5.481,edm
16057,-6.721,edm
16058,-9.169,edm
16059,-3.625,edm
16060,-8.887,edm
16061,-4.499,edm
16062,-7.513,edm
16093,-5.128,edm
16094,-5.647,edm
16095,-4.961,edm
16096,-4.665,edm
16097,-6.932,edm
16098,-3.516,edm
16099,-3.041,edm
16100,-5.199,edm
16101,-4.926,edm
16102,-5.072,edm
16103,-4.496,edm
16104,-2.271,edm
16105,-2.184,edm
16106,-2.825,edm
16107,-3.13,edm
16108,-4.016,edm
16109,-3.112,edm
16110,-7.159,edm
16111,-3.777,edm
16112,-6.973,edm
16113,-3.988,edm
16114,-3.528,edm
16115,-1.73,edm
16116,-1.893,edm
16117,-2.25,edm
16118,-5.053,edm
16119,-6.934,edm
16120,-2.816,edm
16121,-3.318,edm
16122,-4.299,edm
16123,-5.437,edm
16124,-6.707,edm
16125,-4.826,edm
16126,-4.229,edm
16127,-3.65,edm
16128,-3.731,edm
16129,-9.619,edm
16130,-4.305,edm
16131,-3.766,edm
16132,-3.879,edm
16133,-4.688,edm
16134,-6.269,edm
16135,-4.67,edm
16136,-4.866,edm
16137,-5.526,edm
16138,-3.405,edm
16139,-5.95,edm
16140,-1.182,edm
16141,-4.825,edm
16142,-6.754,edm
16143,-5.309,edm
16144,-7.161,edm
16284,-2.339,edm
16285,-4.018,edm
16286,-4.581,edm
16287,-5.024,edm
16288,-8.461,edm
16308,-4.294,edm
16309,-4.576,edm
16310,-3.34,edm
16311,-6.994,edm
16312,-4.682,edm
16329,-4.517,edm
16330,-5.352,edm
16331,-5.284,edm
16332,-2.959,edm
16333,-4.719,edm
16334,-3.865,edm
16335,-6.483,edm
16336,-5.061,edm
16337,-5.306,edm
16338,-2.583,edm
16657,-4.552,edm
16658,-5.681,edm
16659,-6.816,edm
16660,-2.922,edm
16661,-6.258,edm
16662,-3.433,edm
16663,-4.603,edm
16664,-5.174,edm
16665,-5.385,edm
16666,-7.117,edm
16667,-4.918,edm
16668,-2.891,edm
16669,-6.495,edm
16670,-5.316,edm
16671,-3.341,edm
16672,-3.571,edm
16673,-6.722,edm
16674,-4.803,edm
16675,-3.809,edm
16676,-7.631,edm
16677,-3.432,edm
16678,-5.961,edm
16679,-4.137,edm
16680,-5.513,edm
16681,-2.828,edm
16682,-5.579,edm
16683,-6.793,edm
16684,-7.02,edm
16685,-1.612,edm
16686,-3.757,edm
16687,-2.697,edm
16688,-4.234,edm
16689,-4.899,edm
16690,-4.514,edm
16691,-4.446,edm
16692,-3.562,edm
16693,-2.634,edm
16694,-3.791,edm
16695,-3.918,edm
16696,-9.108,edm
16697,-4.23,edm
16698,-3.017,edm
16699,-5.89,edm
16700,-4.309,edm
16701,-4.034,edm
16702,-3.57,edm
16703,-4.877,edm
16704,-3.606,edm
16705,-3.303,edm
16706,-3.873,edm
16707,-5.289,edm
16708,-3.112,edm
16709,-4.402,edm
16710,-3.358,edm
16711,-5.224,edm
16712,-5.546,edm
16713,-4.635,edm
16714,-3.534,edm
16715,-8.877,edm
16716,-4.67,edm
16717,-6.909,edm
16718,-3.234,edm
16719,-4.37,edm
16720,-2.476,edm
16721,-5.692,edm
16722,-2.619,edm
16723,-5.379,edm
16724,-2.62,edm
16725,-4.293,edm
16726,-5.205,edm
16727,-4.03,edm
16728,-2.565,edm
16729,-3.73,edm
16730,-3.127,edm
16731,-5.384,edm
16732,-4.384,edm
16733,-3.551,edm
16734,-7.029,edm
16735,-8.004,edm
16736,-4.29,edm
16737,-4.296,edm
16738,-6.011,edm
16739,-5.328,edm
16740,-2.909,edm
16741,-6.602,edm
16742,-6.896,edm
16754,-2.958,edm
16755,-2.927,edm
16756,-3.872,edm
16757,-3.965,edm
16758,-3.907,edm
16759,-3.165,edm
16760,-6.4,edm
16761,-4.663,edm
16762,-4.711,edm
16763,-4.558,edm
16940,-2.521,edm
16941,-5.58,edm
16964,-6.234,edm
16965,-2.722,edm
16966,-3.978,edm
16984,-3.063,edm
16985,-2.252,edm
16986,-4.628,edm
16987,-3.244,edm
16988,-6.339,edm
16989,-5.185,edm
16990,-6.593,edm
16991,-5.093,edm
16992,-5.871,edm
16993,-4.627,edm
16994,-7.092,edm
16995,-3.555,edm
16996,-2.416,edm
16997,-3.768,edm
16998,-6.366,edm
16999,-6.473,edm
17000,-3.715,edm
17001,-3.694,edm
17002,-3.3,edm
17003,-4.673,edm
17004,-3.757,edm
17005,-4.919,edm
17006,-4.887,edm
17007,-3.823,edm
17008,-3.152,edm
17009,-3.231,edm
17010,-6.07,edm
17011,-4.852,edm
17012,-4.959,edm
17013,-5.444,edm
17014,-3.37,edm
17015,-1.533,edm
17016,-2.741,edm
17017,-3.535,edm
17019,-5.377,edm
17020,-5.721,edm
17021,-2.514,edm
17022,-4.191,edm
17023,-4.423,edm
17024,-4.552,edm
17025,-4.877,edm
17026,-3.719,edm
17028,-1.493,edm
17036,-5.234,edm
17037,-4.991,edm
17038,-5.671,edm
17039,-3.42,edm
17040,-5.677,edm
17041,-5.511,edm
17042,-4.443,edm
17043,-5.643,edm
17044,-11.194,edm
17045,-4.615,edm
17046,-3.721,edm
17047,-3.261,edm
17048,-5.528,edm
17049,-3.228,edm
17050,-10.442,edm
17057,-5.045,edm
17058,-5.389,edm
17059,-10.468,edm
17060,-10.053,edm
17061,-8.331,edm
17062,-6.685,edm
17063,-14.005,edm
17064,-11.08,edm
17065,-9.359,edm
17068,-7.274,edm
17069,-6.261,edm
17070,-9.38,edm
17071,-1.772,edm
17072,-7.033,edm
17073,-7.35,edm
17074,-9.576,edm
17075,-4.815,edm
17077,-5.025,edm
17078,-5.579,edm
17079,-7.454,edm
17080,-5.619,edm
17081,-10.588,edm
17082,-6.423,edm
17083,-9.77,edm
17084,-11.879,edm
17086,-3.924,edm
17087,-2.687,edm
17088,-4.805,edm
17110,-9.972,edm
17119,-8.296,edm
17120,-8.955,edm
17121,-7.971,edm
17122,-6.596,edm
17123,-12.283,edm
17124,-7.129,edm
17125,-7.033,edm
17126,-1.865,edm
17127,-6.912,edm
17128,-7.372,edm
17129,-4.081,edm
17130,-10.838,edm
17131,-9.347,edm
17132,-5.409,edm
17133,-9.559,edm
17134,-5.954,edm
17135,-2.863,edm
17137,-6.377,edm
17138,-5.171,edm
17139,-8.184,edm
17140,-6.172,edm
17144,-3.779,edm
17147,-4.772,edm
17148,-6.745,edm
17149,-7.977,edm
17150,-6.432,edm
17151,-7.943,edm
17152,-9.115,edm
17153,-9.043,edm
17154,-6.768,edm
17155,-7.413,edm
17156,-7.658,edm
17157,-5.571,edm
17158,-7.24,edm
17159,-9.505,edm
17160,-6.868,edm
17161,-7.946,edm
17162,-8.447,edm
17163,-10.772,edm
17164,-5.745,edm
17165,-13.214,edm
17166,-9.261,edm
17167,-8.537,edm
17168,-9.663,edm
17169,-6.438,edm
17170,-8.77,edm
17171,-8.899,edm
17172,-8.75,edm
17173,-7.656,edm
17174,-9.466,edm
17175,-8.796,edm
17176,-9.572,edm
17177,-6.049,edm
17178,-6.856,edm
17179,-8.072,edm
17180,-10.175,edm
17181,-7.502,edm
17182,-6.569,edm
17183,-4.938,edm
17184,-3.503,edm
17185,-1.539,edm
17186,-3.986,edm
17187,-7.721,edm
17188,-3.09,edm
17189,-3.548,edm
17190,-3.972,edm
17191,-4.025,edm
17192,-2.867,edm
17193,-3.192,edm
17194,-4.735,edm
17195,-3.282,edm
17196,-4.89,edm
17197,-4.063,edm
17198,-4.189,edm
17199,-4.588,edm
17200,-4.999,edm
17201,-5.937,edm
17202,-2.671,edm
17203,-4.162,edm
17204,-3.655,edm
17205,-5.1,edm
17206,-1.436,edm
17207,-6.185,edm
17208,-1.827,edm
17209,-1.02,edm
17210,-3.587,edm
17211,-4.889,edm
17212,-3.245,edm
17213,-3.58,edm
17214,-3.811,edm
17215,-2.866,edm
17216,-5.098,edm
17217,-5.722,edm
17218,-5.167,edm
17219,-5.976,edm
17220,-4.359,edm
17221,-4.707,edm
17222,-6.325,edm
17223,-5.428,edm
17224,-3.317,edm
17225,-4.579,edm
17226,-3.456,edm
17227,-2.973,edm
17228,-4.655,edm
17229,-3.342,edm
17230,-3.409,edm
17231,-4.405,edm
17232,-5.005,edm
17233,-7.365,edm
17234,-6.909,edm
17235,-5.333,edm
17236,-9.386,edm
17237,-6.305,edm
17238,-7.551,edm
17239,-8.021,edm
17240,-6.929,edm
17241,-9.377,edm
17242,-11.765,edm
17243,-7.952,edm
17244,-9.754,edm
17245,-12.537,edm
17246,-5.941,edm
17247,-6.625,edm
17248,-6.894,edm
17249,-8.393,edm
17250,-6.531,edm
17251,-6.495,edm
17252,-9.318,edm
17253,-6.913,edm
17254,-6.934,edm
17255,-6.477,edm
17256,-9.676,edm
17257,-5.576,edm
17258,-6.316,edm
17259,-5.96,edm
17260,-5.82,edm
17261,-7.567,edm
17262,-7.999,edm
17263,-6.315,edm
17264,-6.601,edm
17265,-8.732,edm
17266,-9.781,edm
17267,-6.166,edm
17268,-6.349,edm
17269,-3.978,edm
17270,-2.545,edm
17271,-10.491,edm
17272,-6.152,edm
17273,-6.41,edm
17274,-5.116,edm
17275,-7.966,edm
17276,-2.651,edm
17277,-12.175,edm
17278,-8.596,edm
17279,-9.594,edm
17280,-6.076,edm
17281,-6.573,edm
17282,-4.809,edm
17283,-3.301,edm
17284,-3.828,edm
17285,-5.97,edm
17286,-5.984,edm
17287,-6.933,edm
17288,-6.216,edm
17289,-6.423,edm
17290,-5.298,edm
17291,-12.307,edm
17292,-9.095,edm
17293,-4.377,edm
17294,-5.822,edm
17295,-9.833,edm
17296,-8.861,edm
17297,-10.698,edm
17298,-7.738,edm
17299,-7.095,edm
17300,-9.957,edm
17301,-8.525,edm
17302,-4.388,edm
17303,-4.629,edm
17304,-3.24,edm
17305,-5.031,edm
17306,-4.249,edm
17307,-4.328,edm
17308,-5.412,edm
17309,-2.721,edm
17310,-6.339,edm
17311,-0.517,edm
17312,-5.098,edm
17313,-3.85,edm
17314,-5.964,edm
17315,-10.239,edm
17316,-3.345,edm
17317,-7.627,edm
17318,-4.905,edm
17319,-3.549,edm
17320,-3.894,edm
17321,-4.973,edm
17322,-3.909,edm
17323,-4.317,edm
17324,-4.544,edm
17325,-2.529,edm
17326,-5.073,edm
17327,-3.007,edm
17328,-5.97,edm
17329,-2.869,edm
17330,-4.762,edm
17331,-4.125,edm
17332,-4.678,edm
17333,-6.262,edm
17334,-4.005,edm
17335,-4.874,edm
17336,-3.801,edm
17337,-4.587,edm
17338,-2.638,edm
17339,-4.104,edm
17340,-4.523,edm
17341,-4.073,edm
17342,-4.851,edm
17343,-4.277,edm
17344,-4.341,edm
17345,-5.64,edm
17346,-2.839,edm
17347,-1.924,edm
17348,-4.674,edm
17349,-1.746,edm
17350,-5.305,edm
17351,-6.313,edm
17352,-3.203,edm
17353,-0.449,edm
17354,-6.066,edm
17355,-5.778,edm
17356,-3.242,edm
17357,-3.073,edm
17358,-4.857,edm
17359,-3.536,edm
17360,-3.411,edm
17361,-4.402,edm
17362,-4.361,edm
17363,-4.21,edm
17364,-4.897,edm
17365,-7.212,edm
17366,-5.98,edm
17367,-2.688,edm
17368,-4.332,edm
17369,-2.938,edm
17370,-3.296,edm
17371,-3.686,edm
17372,-4.167,edm
17373,-2.944,edm
17374,-3.103,edm
17375,-1.452,edm
17376,-5.972,edm
17377,-3.192,edm
17378,-4.634,edm
17379,-5.677,edm
17380,-6.559,edm
17381,-2.468,edm
17382,-4.21,edm
17383,-3.909,edm
17384,-3.754,edm
17385,-6.203,edm
17386,-5.261,edm
17387,-4.785,edm
17388,-3.593,edm
17389,-4.398,edm
17390,-3.952,edm
17391,-4.323,edm
17392,-3.947,edm
17393,-3.956,edm
17394,-5.677,edm
17395,-2.492,edm
17396,-3.398,edm
17397,-1.945,edm
17398,-2.257,edm
17399,-4.888,edm
17400,-1.81,edm
17401,-4.615,edm
17402,-3.156,edm
17403,-4.796,edm
17404,-4.887,edm
17405,-4.135,edm
17406,-3.513,edm
17407,-4.807,edm
17408,-1.84,edm
17409,-4.635,edm
17410,-4.62,edm
17411,-3.357,edm
17412,-5.544,edm
17413,-2.889,edm
17414,-3.149,edm
17415,-2.414,edm
17416,-2.927,edm
17417,-3.85,edm
17418,-9.471,edm
17419,-2.436,edm
17420,-6.9,edm
17422,-4.282,edm
17423,-5.525,edm
17424,-10.966,edm
17425,-3.286,edm
17426,-3.873,edm
17427,-7.34,edm
17429,-5.131,edm
17430,-5.935,edm
17431,-5.622,edm
17432,-5.927,edm
17433,-4.268,edm
17434,-4.048,edm
17438,-2.197,edm
17440,-5.846,edm
17441,-5.679,edm
17442,-4.52,edm
17443,-2.378,edm
17444,-4.366,edm
17445,-5.245,edm
17446,-5.51,edm
17447,-4.999,edm
17448,-5.62,edm
17449,-5.921,edm
17450,-4.725,edm
17451,-5.51,edm
17452,-5.812,edm
17453,-6.319,edm
17454,-4.062,edm
17455,-7.131,edm
17456,-4.766,edm
17457,-6.344,edm
17458,-5.688,edm
17459,-5.509,edm
17460,-1.78,edm
17461,-2.397,edm
17482,-5.938,edm
17488,-4.758,edm
17496,-4.175,edm
17497,1.135,edm
17498,-4.622,edm
17499,-5.648,edm
17500,-4.015,edm
17501,-2.817,edm
17502,-4.974,edm
17503,-4.417,edm
17505,-5.462,edm
17506,-3.793,edm
17507,-5.278,edm
17508,-4.788,edm
17509,-3.273,edm
17510,-4.026,edm
17511,-5.2,edm
17512,-5.88,edm
17516,-3.984,edm
17517,-3.291,edm
17518,-5.547,edm
17519,-2.416,edm
17522,-4.786,edm
17529,-7.775,edm
17530,-1.88,edm
17531,-5.922,edm
17532,-1.567,edm
17533,-1.968,edm
17534,-3.893,edm
17535,-5.137,edm
17536,-3.407,edm
17537,-2.951,edm
17538,-5.964,edm
17539,-2.876,edm
17540,-3.367,edm
17541,-3.433,edm
17542,-0.959,edm
17543,-6.941,edm
17544,-4.118,edm
17545,-5.631,edm
17546,-3.003,edm
17547,-4.616,edm
17548,-7.102,edm
17549,-6.555,edm
17550,-5.461,edm
17551,-4.918,edm
17553,-3.934,edm
17554,-6.021,edm
17555,-4.407,edm
17556,-5.265,edm
17557,-3.189,edm
17558,-7.863,edm
17559,-6.059,edm
17602,-10.805,edm
17882,-5.224,edm
17883,-9.396,edm
17884,-3.071,edm
17885,-3.1,edm
18632,-4.757,edm
18633,-6.864,edm
18634,-10.902,edm
18635,-7.528,edm
18654,-7.418,edm
18655,-8.835,edm
18656,-5.856,edm
18657,-6.347,edm
18658,-5.477,edm
18659,-11.446,edm
18660,-6.908,edm
18661,-6.12,edm
18662,-5.7,edm
18663,-8.224,edm
18664,-7.85,edm
18665,-11.212,edm
18666,-9.634,edm
18667,-7.718,edm
18668,-7.234,edm
18669,-9.319,edm
18670,-6.72,edm
18671,-6.453,edm
18677,-8.304,edm
18678,-7.052,edm
18679,-8.048,edm
18680,-9.537,edm
18684,-9.032,edm
18685,-5.721,edm
18686,-5.93,edm
18687,-5.937,edm
19263,-4.23,edm
19264,-4.924,edm
19265,-5.286,edm
19266,-4.165,edm
19267,-10.102,edm
19268,-2.314,edm
19269,-8.209,edm
19270,-5.805,edm
19271,-5.085,edm
19272,-7.358,edm
19273,-5.772,edm
19274,-8.513,edm
19275,-8.863,edm
19276,-6.983,edm
19277,-4.361,edm
19278,-6.664,edm
19279,-5.741,edm
19280,-10.144,edm
19281,-4.946,edm
19282,-6.841,edm
19283,-5.799,edm
19284,-7.503,edm
19285,-2.151,edm
19286,-6.417,edm
19287,-5.15,edm
19288,-4.451,edm
19289,-8.889,edm
19290,-10.704,edm
19291,-4.843,edm
19292,-7.636,edm
19293,-2.52,edm
19294,-7.628,edm
19295,-5.9,edm
19296,-9.36,edm
19297,-5.508,edm
19298,-3.206,edm
19299,-3.727,edm
19300,-5.609,edm
19301,-3.475,edm
19307,-7.203,edm
19308,-4.474,edm
19309,-10.595,edm
19310,-5.02,edm
19311,-4.087,edm
19312,-5.609,edm
19313,-2.954,edm
19314,-8.648,edm
19315,-7.717,edm
19316,-4.256,edm
19317,-4.485,edm
19318,-5.44,edm
19352,-7.928,edm
19357,-10.662,edm
19358,-7.756,edm
19360,-8.201,edm
19361,-3.536,edm
19362,-5.217,edm
19363,-5.579,edm
19364,-8.98,edm
19365,-10.297,edm
19372,-4.792,edm
19373,-4.516,edm
19374,-4.549,edm
19375,-8.83,edm
19376,-4.894,edm
19378,-5.22,edm
19467,-6.515,edm
19468,-4.572,edm
19469,-4.282,edm
19470,-5.114,edm
19471,-4.828,edm
19472,-7.688,edm
19474,-12.306,edm
19480,-2.253,edm
20017,-9.815,edm
20026,-6.246,edm
20027,-5.606,edm
20028,-1.66,edm
20029,-4.595,edm
20030,-2.356,edm
20031,-3.733,edm
20032,-3.897,edm
20033,-4.879,edm
20034,-0.9,edm
20035,-2.15,edm
20036,-4.588,edm
20037,-3.749,edm
20038,-4.714,edm
20039,-4.276,edm
20040,-3.106,edm
20041,-6.526,edm
20042,-3.81,edm
20043,-4.206,edm
20044,-12.971,edm
20045,-1.427,edm
20046,-1.978,edm
20047,-6.738,edm
20048,-3.004,edm
20049,-6.564,edm
20050,-5.684,edm
20051,-3.652,edm
20052,-6.088,edm
20053,-3.637,edm
20054,-4.374,edm
20055,-5.028,edm
20056,-1.891,edm
20057,-5.725,edm
20058,-3.734,edm
20059,-1.208,edm
20060,-6.198,edm
20061,-1.703,edm
20062,-2.755,edm
20063,-6.34,edm
20064,-3.568,edm
20065,-3.794,edm
20066,-4.072,edm
20067,-2.816,edm
20068,-4.528,edm
20069,-5.839,edm
20070,-1.172,edm
20071,-1.043,edm
20072,-2.092,edm
20073,-1.965,edm
20074,-2.948,edm
20075,-3.709,edm
20076,-4.99,edm
20077,-3.515,edm
20078,-3.687,edm
20079,-4.497,edm
20080,-4.406,edm
20081,-12.92,edm
20082,-4.388,edm
20083,-2.653,edm
20084,-3.457,edm
20085,-8.961,edm
20086,-5.019,edm
20087,-3.687,edm
20088,-4.925,edm
20089,-13.526,edm
20090,-8.801,edm
20091,-15.13,edm
20092,-8.39,edm
20093,-10.001,edm
20094,-11.777,edm
20095,-7.358,edm
20096,-10.35,edm
20097,-9.799,edm
20098,-9.004,edm
20099,-8.493,edm
20100,-9.049,edm
20101,-16.88,edm
20102,-10.412,edm
20103,-8.217,edm
20104,-8.888,edm
20105,-15.512,edm
20106,-12.67,edm
20107,-6.749,edm
20108,-9.03,edm
20109,-8.755,edm
20110,-7.402,edm
20111,-2.452,edm
20112,-8.88,edm
20113,-12.351,edm
20114,-6.216,edm
20115,-11.922,edm
20116,-8.091,edm
20117,-13.11,edm
20118,-7.504,edm
20119,-12.389,edm
20120,-12.803,edm
20121,-8.972,edm
20122,-7.469,edm
20123,-8.351,edm
20124,-8.236,edm
20125,-12.291,edm
20126,-3.041,edm
20127,-2.294,edm
20128,-6.002,edm
20129,-8.327,edm
20130,-12.669,edm
20131,-8.721,edm
20132,-8.216,edm
20133,-12.517,edm
20134,-12.711,edm
20135,-10.18,edm
20136,-8.398,edm
20137,-9.993,edm
20138,-9.897,edm
20139,-7.909,edm
20140,-10.532,edm
20141,-7.049,edm
20142,-2.794,edm
20143,-10.679,edm
20144,-4.135,edm
20145,-5.188,edm
20146,-1.619,edm
20147,-14.743,edm
20148,-5.603,edm
20149,-9.463,edm
20150,-8.232,edm
20156,-4.753,edm
20157,-7.457,edm
20158,-5.045,edm
20159,-4.99,edm
20160,-7.953,edm
20161,-5.423,edm
20162,-9.793,edm
20164,-4.9,edm
20165,-7.626,edm
20166,-6.487,edm
20167,-7.803,edm
20168,-6.453,edm
20169,-6.952,edm
20170,-7.759,edm
20171,-7.602,edm
20172,-6.071,edm
20174,-5.984,edm
20175,-6.254,edm
20176,-9.199,edm
20177,-8.995,edm
20178,-7.539,edm
20179,-6.753,edm
20180,-5.583,edm
20197,-6.13,edm
20205,-4.709,edm
20206,-10.183,edm
20207,-7.416,edm
20208,-5.983,edm
20209,-6.843,edm
20210,-3.927,edm
20211,-6.361,edm
20214,-6.815,edm
20215,-4.895,edm
20216,-0.439,edm
20217,-5.26,edm
20218,-4.978,edm
20219,-6.922,edm
20220,-7.674,edm
20221,-7.459,edm
20222,-6.617,edm
20223,-2.943,edm
20224,-5.433,edm
20225,-4.007,edm
20226,-5.81,edm
20227,-4.968,edm
20228,-2.554,edm
20229,-3.169,edm
20230,-5.356,edm
20231,-2.798,edm
20232,-2.065,edm
20233,-3.68,edm
20234,-8.268,edm
20235,-3.09,edm
20236,-2.934,edm
20237,-3.21,edm
20238,-1.965,edm
20239,-4.475,edm
20240,-1.966,edm
20241,-6.474,edm
20242,-3.783,edm
20243,-3.527,edm
20244,-3.127,edm
20245,-4.242,edm
20246,-1.641,edm
20247,-5.401,edm
20248,-8.643,edm
20249,-8.446,edm
20250,-4.995,edm
20251,-5.653,edm
20252,-6.243,edm
20253,-7.229,edm
20254,-5.675,edm
20255,-8.492,edm
20256,-9.948,edm
20257,-9.707,edm
20258,-6.687,edm
20259,-5.527,edm
20260,-6.497,edm
20261,-6.366,edm
20262,-8.712,edm
20263,-5.441,edm
20264,-5.086,edm
20265,-1.83,edm
20267,-7.415,edm
20268,-6.67,edm
20269,-10.108,edm
20270,-9.856,edm
20271,-6.374,edm
20272,-6.722,edm
20273,-6.237,edm
20274,-8.398,edm
20275,-6.541,edm
20276,-5.877,edm
20277,-5.437,edm
20278,-5.754,edm
20279,-8.023,edm
20280,-6.589,edm
20281,-4.986,edm
20282,-7.036,edm
20283,-6.365,edm
20284,-4.955,edm
20285,-5.941,edm
20286,-7.273,edm
20287,-7.107,edm
20288,-4.734,edm
20289,-3.195,edm
20290,-7.448,edm
20291,-3.864,edm
20292,-6.382,edm
20293,-6.913,edm
20294,-4.285,edm
20295,-4.557,edm
20296,-7.467,edm
20297,-4.112,edm
20298,-5.382,edm
20299,-6.696,edm
20300,-6.983,edm
20301,-3.979,edm
20302,-6.99,edm
20303,-7.119,edm
20304,-5.596,edm
20305,-8.747,edm
20306,-6.187,edm
20307,-4.66,edm
20308,-4.311,edm
20309,-7.34,edm
20310,-6.005,edm
20311,-11.855,edm
20312,-9.205,edm
20313,-5.479,edm
20314,-7.087,edm
20315,-6.296,edm
20316,-6.755,edm
20317,-5.107,edm
20318,-9.725,edm
20319,-6.967,edm
20320,-5.435,edm
20321,-7.814,edm
20322,-7.306,edm
20323,-6.943,edm
20324,-7.667,edm
20325,-7.118,edm
20326,-4.28,edm
20327,-8.011,edm
20328,-3.682,edm
20329,-3.652,edm
20330,-7.525,edm
20331,-6.428,edm
20332,-4.709,edm
20333,-5.075,edm
20334,-4.973,edm
20335,-6.513,edm
20336,-6.062,edm
20337,-5.913,edm
20338,-5.993,edm
20339,-5.059,edm
20340,-9.315,edm
20341,-6.007,edm
20342,-6.593,edm
20343,-6.259,edm
20344,-4.734,edm
20345,-7.904,edm
20346,-4.439,edm
20347,-5.669,edm
20348,-9.092,edm
20349,-6.981,edm
20350,-7.296,edm
20351,-6.667,edm
20352,-7.604,edm
20353,-9.145,edm
20354,-5.46,edm
20355,-5.911,edm
20356,-5.802,edm
20357,-5.34,edm
20358,-6.024,edm
20359,-7.584,edm
20360,-3.385,edm
20361,-7.835,edm
20362,-6.817,edm
20363,-9.636,edm
20369,-4.677,edm
20373,-4.856,edm
20376,-8.685,edm
20377,-6.902,edm
20378,-7.59,edm
20379,-7.508,edm
20380,-6.355,edm
20381,-4.515,edm
20382,-7.354,edm
20383,-5.411,edm
20384,-4.092,edm
20385,-4.085,edm
20386,-7.591,edm
20387,-5.143,edm
20388,-6.968,edm
20389,-4.801,edm
20390,-4.207,edm
20391,-7.266,edm
20392,-5.792,edm
20393,-5.891,edm
20394,-4.549,edm
20395,-8.802,edm
20396,-4.052,edm
20397,-4.634,edm
20398,-5.172,edm
20399,-8.255,edm
20400,-5.723,edm
20401,-5.63,edm
20402,-6.451,edm
20403,-3.941,edm
20404,-4.783,edm
20405,-4.713,edm
20406,-5.22,edm
20408,-4.872,edm
20409,-9.473,edm
20410,-3.36,edm
20411,-5.223,edm
20412,-9.407,edm
20413,-7.569,edm
20414,-6.115,edm
20424,-10.653,edm
20431,-11.884,edm
20441,-5.125,edm
20449,-12.497,edm
20450,-8.751,edm
20451,-7.912,edm
20452,-11.253,edm
20453,-7.48,edm
20454,-15.182,edm
20455,-5.804,edm
20456,-14.652,edm
20457,-10.721,edm
20458,-7.999,edm
20459,-11.236,edm
20460,-10.617,edm
20461,-11.22,edm
20462,-8.304,edm
20463,-7.586,edm
20464,-5.595,edm
20465,-8.653,edm
20466,-13.415,edm
20467,-6.855,edm
20468,-8.467,edm
20469,-8.939,edm
20470,-9.499,edm
20471,-7.884,edm
20473,-5.995,edm
20474,-11.658,edm
20475,-8.169,edm
20476,-3.467,edm
20477,-11.137,edm
20478,-19.563,edm
20538,-8.371,edm
21118,-6.983,edm
21119,-4.697,edm
21120,-2.843,edm
21121,-6.433,edm
21122,-9.539,edm
21123,-6.068,edm
21124,-5.485,edm
21125,-6.13,edm
21126,-3.561,edm
21127,-4.312,edm
21128,-5.959,edm
21129,-5.053,edm
21130,-7.523,edm
21131,-4.67,edm
21132,-4.333,edm
21133,-4.722,edm
21134,-3.693,edm
21135,-3.506,edm
21136,-4.148,edm
21137,-6.308,edm
21138,-2.314,edm
21139,-3.061,edm
21140,-4.402,edm
21141,-5.082,edm
21142,-11.297,edm
21143,-5.571,edm
21144,-4.38,edm
21145,-4.699,edm
21146,-4.13,edm
21147,-2.316,edm
21148,-4.243,edm
21149,-4.087,edm
21150,-5.356,edm
21151,-5.644,edm
21152,-4.202,edm
21153,-2.934,edm
21154,-2.705,edm
21155,-5.479,edm
21156,-2.649,edm
21157,-2.516,edm
21158,-3.814,edm
21159,-9.142,edm
21160,-5.362,edm
21161,-4.97,edm
21162,-4.451,edm
21163,-5.01,edm
21164,-9.567,edm
21165,-2.481,edm
21166,-6.026,edm
21167,-6.369,edm
21168,-3.106,edm
21169,-7.649,edm
22182,-4.446,edm
22183,-3.28,edm
22184,-6.15,edm
22185,-7.97,edm
22186,-6.623,edm
22187,-8.922,edm
22188,-6.144,edm
22189,-8.511,edm
22190,-6.277,edm
22191,-6.297,edm
22192,-4.394,edm
22193,-2.957,edm
22194,-5.381,edm
22195,-17.496,edm
22196,-10.698,edm
22197,-7.038,edm
22198,-6.728,edm
22201,-5.831,edm
22202,-4.321,edm
22203,-7.246,edm
22204,-3.909,edm
22205,-5.646,edm
22206,-3.383,edm
22207,-7.486,edm
22208,-6.029,edm
22209,-5.853,edm
22210,-5.332,edm
22211,-3.993,edm
22212,-7.261,edm
22384,-4.725,edm
22385,-4.738,edm
22386,-7.23,edm
22392,-3.242,edm
22393,-4.891,edm
22394,-6.678,edm
22395,-5.98,edm
22396,-10.329,edm
22397,-3.255,edm
22398,-5.884,edm
22399,-5.635,edm
22400,-4.392,edm
22401,-4.034,edm
22402,-2.757,edm
22403,-4.397,edm
22404,-3.575,edm
22405,-5.09,edm
22406,-4.63,edm
22407,-4.422,edm
22408,-4.915,edm
22409,-2.54,edm
22410,-3.705,edm
22411,-4.395,edm
22412,-4.573,edm
22413,-3.384,edm
22414,-3.249,edm
22415,-4.492,edm
22416,-4.751,edm
22417,-1.874,edm
22418,-2.807,edm
22419,-2.702,edm
22420,-3.141,edm
22421,-4.107,edm
22422,-4.901,edm
22423,-2.866,edm
22424,-2.909,edm
22425,-1.026,edm
22426,-3.772,edm
22427,-3.054,edm
22428,-2.055,edm
22429,-4.852,edm
22430,-4.44,edm
22431,-6.604,edm
22432,-2.672,edm
22433,-3.228,edm
22434,-1.702,edm
22435,-3.522,edm
22436,-4.775,edm
22437,-1.58,edm
22438,-4.255,edm
22439,-6.034,edm
22440,-7.579,edm
22441,-2.254,edm
22442,-2.814,edm
22443,-4.892,edm
22444,-1.908,edm
22445,-6.378,edm
22446,-6.703,edm
22447,-2.505,edm
22448,-2.522,edm
22449,-5.16,edm
22450,-1.87,edm
22451,-3.669,edm
22452,-5.825,edm
22453,-4.402,edm
22454,-2.931,edm
22455,-3.73,edm
22456,-3.927,edm
22457,-4.1,edm
22458,-3.566,edm
22459,-6.384,edm
22460,-3.201,edm
22461,-4.783,edm
22462,-4.407,edm
22463,-5.164,edm
22464,-6.061,edm
22465,-1.405,edm
22466,-2.624,edm
22467,-5.656,edm
22468,-3.996,edm
22469,-5.046,edm
22470,-8.098,edm
22471,-5.073,edm
22472,-2.321,edm
22473,-3.326,edm
22474,-3.075,edm
22475,-5.193,edm
22476,-4.224,edm
22477,-6.962,edm
22478,-3.96,edm
22479,-3.801,edm
22480,-6.613,edm
22481,-2.92,edm
22482,-5.069,edm
22483,-3.711,edm
22484,-4.274,edm
22485,-1.631,edm
22486,-4.077,edm
22487,-5.711,edm
22488,-4.476,edm
22489,-6.477,edm
22490,-6.526,edm
22491,-4.886,edm
22492,-2.866,edm
22493,-2.894,edm
22494,-4.198,edm
22495,-7.014,edm
22496,-4.715,edm
22497,-4.239,edm
18,-5.952,latin
19,-6.723,latin
22,-16.441,latin
23,-8.009,latin
32,-8.139,latin
33,-5.53,latin
34,-13.757,latin
35,-6.458,latin
36,-6.426,latin
37,-5.535,latin
39,-4.646,latin
40,-6.867,latin
41,-6.068,latin
48,-13.028,latin
139,-28.309,latin
140,-16.449,latin
141,-20.217,latin
142,-17.81,latin
143,-36.509,latin
145,-29.561,latin
146,-35.96,latin
147,-35.427,latin
148,-36.624,latin
149,-14.393,latin
150,-22.636,latin
154,-14.729,latin
155,-46.448,latin
158,-16.145,latin
160,-14.325,latin
162,-16.54,latin
206,-3.577,latin
207,-5.881,latin
208,-3.132,latin
209,-2.758,latin
210,-4.509,latin
214,-4.122,latin
222,-5.027,latin
223,-6.402,latin
224,-3.57,latin
225,-10.359,latin
226,-8.124,latin
232,-6.01,latin
233,-6.669,latin
257,-5.7,latin
258,-4.41,latin
259,-10.419,latin
260,-5.803,latin
261,-6.602,latin
262,-5.177,latin
263,-8.796,latin
264,-7.625,latin
265,-7.098,latin
267,-5.644,latin
269,-14.616,latin
270,-6.567,latin
271,-11.854,latin
272,-10.625,latin
341,-7.15,latin
342,-4.405,latin
343,-4.101,latin
344,-4.502,latin
345,-9.096,latin
346,-5.044,latin
352,-3.602,latin
353,-7.545,latin
354,-6.427,latin
355,-3.614,latin
356,-2.897,latin
357,-7.036,latin
359,-3.479,latin
360,-6.35,latin
361,-5.129,latin
387,-6.129,latin
388,-5.095,latin
396,-4.422,latin
397,-2.167,latin
406,-3.377,latin
407,-6.189,latin
408,-5.494,latin
409,-4.632,latin
410,-6.674,latin
411,-3.129,latin
412,-8.096,latin
416,-6.762,latin
417,-3.625,latin
418,-4.087,latin
419,-6.07,latin
429,-6.858,latin
430,-6.531,latin
511,-3.064,latin
512,-1.648,latin
513,-4.731,latin
514,-4.663,latin
515,-4.234,latin
516,-6.016,latin
520,-4.928,latin
526,-3.149,latin
527,-2.679,latin
528,-5.915,latin
529,-4.407,latin
530,-4.766,latin
531,-4.84,latin
532,-4.587,latin
543,-12.42,latin
544,-3.913,latin
545,-3.913,latin
551,-4.435,latin
554,-6.932,latin
555,-6.956,latin
560,-3.027,latin
561,-7.906,latin
562,-4.635,latin
563,-5.807,latin
564,-3.71,latin
566,-4.858,latin
567,-5.651,latin
568,-4.469,latin
581,-5.238,latin
645,-2.978,latin
646,-3.987,latin
647,-5.439,latin
648,-7.262,latin
649,-5.644,latin
650,-5.008,latin
651,-2.745,latin
652,-8.678,latin
653,-5.364,latin
654,-3.964,latin
656,-6.807,latin
657,-5.234,latin
658,-6.037,latin
659,-4.722,latin
660,-3.442,latin
661,-4.384,latin
662,-7.282,latin
663,-2.27,latin
664,-4.879,latin
799,-5.291,latin
800,-4.169,latin
801,-4.818,latin
807,-3.797,latin
808,-6.245,latin
809,-5.126,latin
810,-6.892,latin
811,-6.336,latin
812,-3.635,latin
813,-8.142,latin
815,-4.863,latin
818,-5.205,latin
833,-6.592,latin
834,-4.738,latin
835,-1.924,latin
836,-6.429,latin
837,-7.897,latin
838,-4.766,latin
839,-5.731,latin
840,-2.29,latin
847,-5.514,latin
856,-4.731,latin
857,-4.012,latin
858,-5.253,latin
859,-6.264,latin
860,-1.222,latin
861,-4.212,latin
862,-7.038,latin
863,-4.156,latin
864,-6.864,latin
865,-4.173,latin
866,-3.972,latin
867,-8.184,latin
868,-7.577,latin
870,-4.151,latin
871,-3.92,latin
872,-4.346,latin
873,-4.544,latin
874,-8.221,latin
875,-3.718,latin
876,-3.251,latin
877,-3.896,latin
878,-2.586,latin
879,-5.702,latin
885,-6.352,latin
886,-4.305,latin
887,-3.281,latin
888,-7.072,latin
889,-4.142,latin
890,-8.044,latin
891,-2.619,latin
892,-4.666,latin
893,-7.56,latin
894,-7.028,latin
895,-3.835,latin
907,-5.828,latin
908,-4.357,latin
923,-5.487,latin
931,-1.986,latin
932,-4.493,latin
933,-5.696,latin
934,-8.696,latin
935,-7.083,latin
963,-5.02,latin
964,-4.433,latin
965,-11.24,latin
966,-6.747,latin
967,-4.241,latin
968,-4.276,latin
969,-7.252,latin
970,-5.775,latin
979,-5.516,latin
980,-5.346,latin
981,-5.338,latin
982,-7.417,latin
983,-3.983,latin
984,-9.58,latin
985,-8.053,latin
986,-5.108,latin
987,-6.541,latin
988,-7.627,latin
996,-7.3,latin
997,-7.919,latin
998,-5.502,latin
999,-4.543,latin
1001,-3.618,latin
1002,-4.694,latin
1013,-5.392,latin
1014,-2.291,latin
1018,-8.011,latin
1045,-3.195,latin
1046,-5.857,latin
1047,-5.13,latin
1068,-3.245,latin
1069,-4.193,latin
1085,-4.54,latin
1086,-3.448,latin
1087,-4.378,latin
1101,-2.961,latin
1102,-4.268,latin
1103,-10.224,latin
1113,-8.366,latin
1114,-5.904,latin
1122,-3.203,latin
1126,-5.129,latin
1127,-2.699,latin
1128,-3.254,latin
1133,-6.712,latin
1134,-4.551,latin
1135,-9.894,latin
1136,-10.076,latin
1149,-3.977,latin
1150,-7.296,latin
1151,-4.246,latin
1160,-5.662,latin
1173,-5.456,latin
1174,-3.591,latin
1175,-4.205,latin
1177,-3.681,latin
1178,-3.042,latin
1180,-7.516,latin
1181,-1.098,latin
1182,-4.364,latin
1183,-3.831,latin
1184,-10.579,latin
1186,-7.383,latin
1187,-4.835,latin
1189,-7.158,latin
1190,-2.989,latin
1191,-5.5,latin
1204,-3.517,latin
1206,-1.565,latin
1208,-6.833,latin
1209,-1.623,latin
1210,-9.305,latin
1211,-8.181,latin
1213,-7.213,latin
1214,-8.263,latin
1216,-7.18,latin
1217,-10.638,latin
1218,-4.443,latin
1222,-7.871,latin
1223,-2.46,latin
1226,-6.471,latin
1227,-10.049,latin
1234,-4.277,latin
1235,-5.802,latin
1236,-6.617,latin
1237,-6.04,latin
1238,-4.116,latin
1239,-14.127,latin
1240,-5.644,latin
1241,-5.605,latin
1242,-5.371,latin
1243,-10.138,latin
1244,-2.387,latin
1245,-9.117,latin
1246,-12.482,latin
1247,-10.036,latin
1248,-15.424,latin
1249,-6.96,latin
1250,-6.942,latin
1251,-8.082,latin
1252,-7.898,latin
1253,-8.109,latin
1254,-12.999,latin
1255,-11.932,latin
1256,-6.476,latin
1271,-3.886,latin
1272,-4.922,latin
1273,-2.826,latin
1274,-5.182,latin
1275,-5.715,latin
1276,-3.406,latin
1277,-3.955,latin
1278,-6.659,latin
1279,-6.952,latin
1280,-14.437,latin
1281,-6.7,latin
1282,-4.013,latin
1283,-12.793,latin
1284,-14.904,latin
1285,-6.504,latin
1286,-10.141,latin
1287,-8.179,latin
1288,-7.121,latin
1290,-4.476,latin
1291,-8.27,latin
1294,-2.9,latin
1295,-3.804,latin
1296,-5.435,latin
1297,-5.114,latin
1298,-3.035,latin
1299,-12.6,latin
1300,-8.984,latin
1301,-7.201,latin
1302,-3.248,latin
1305,-4.399,latin
1306,-7.609,latin
1307,-4.453,latin
1308,-4.189,latin
1309,-6.689,latin
1310,-8.07,latin
1313,-5.176,latin
1314,-10.875,latin
1329,-5.123,latin
1335,-5.117,latin
1336,-5.835,latin
1339,-8.124,latin
1355,-6.252,latin
1356,-4.558,latin
1357,-4.778,latin
1358,-4.13,latin
1359,-5.845,latin
1360,-4.335,latin
1361,-4.59,latin
1362,-4.857,latin
1363,-5.108,latin
1364,-4.871,latin
1365,-7.941,latin
1385,-8.877,latin
1386,-3.508,latin
1387,-3.3,latin
1388,-2.751,latin
1389,-8.35,latin
1390,-5.547,latin
1391,-3.615,latin
1392,-4.332,latin
1393,-6.894,latin
1394,-4.029,latin
1395,-2.912,latin
1396,-5.54,latin
1397,-5.252,latin
1398,-5.277,latin
1399,-2.587,latin
1447,-3.334,latin
1462,-4.215,latin
1463,-3.562,latin
1471,-6.909,latin
1472,-6.073,latin
1473,-3.647,latin
1478,-3.976,latin
1489,-3.576,latin
1491,-4.683,latin
1604,-6.227,latin
1605,-4.145,latin
1606,-5.486,latin
1617,-4.642,latin
1621,-6.827,latin
1622,-7.038,latin
1623,-6.634,latin
1624,-8.14,latin
1625,-9.234,latin
1626,-2.703,latin
1627,-8.761,latin
1628,-9.907,latin
1629,-5.508,latin
1630,-2.828,latin
1631,-6.675,latin
1632,-6.512,latin
1633,-2.813,latin
1634,-7.336,latin
1643,-6.658,latin
1644,-10.764,latin
1645,-3.347,latin
1646,-11.633,latin
1647,-7.05,latin
1648,-7.043,latin
1655,-10.243,latin
1656,-7.865,latin
1663,-8.458,latin
1664,-3.222,latin
1665,-5.06,latin
1666,-5.675,latin
1667,-8.626,latin
1668,-3.583,latin
1669,-12.116,latin
1670,-8.256,latin
1671,-8.509,latin
1672,-9.585,latin
1673,-9.264,latin
1677,-5.15,latin
1678,-5.928,latin
1679,-4.104,latin
1680,-4.859,latin
1681,-3.687,latin
1682,-4.307,latin
1683,-5.285,latin
1684,-9.466,latin
1685,-3.222,latin
1686,-9.387,latin
1687,-4.77,latin
1688,-4.094,latin
1689,-5.767,latin
1692,-4.963,latin
1693,-5.777,latin
1694,-7.343,latin
1695,-4.196,latin
1696,-9.79,latin
1697,-4.707,latin
1698,-3.11,latin
1699,-4.454,latin
1703,-4.458,latin
1704,-4.636,latin
1705,-5.175,latin
1706,-10.315,latin
1707,-7.308,latin
1708,-9.779,latin
1709,-5.437,latin
1710,-3.562,latin
1711,-3.335,latin
1712,-6.959,latin
1713,-5.722,latin
1714,-5.316,latin
1715,-3.396,latin
1716,-7.395,latin
1717,-2.973,latin
1718,-4.5,latin
1719,-3.468,latin
1720,-3.724,latin
1721,-10.082,latin
1722,-4.912,latin
1723,-6.314,latin
1724,-3.663,latin
1725,-6.25,latin
1726,-6.289,latin
1727,-8.207,latin
1728,-3.703,latin
1729,-4.065,latin
1730,-6.624,latin
1731,-7.36,latin
1732,-5.787,latin
1741,-8.189,latin
1749,-5.358,latin
1750,-6.558,latin
1751,-6.326,latin
1752,-10.902,latin
1753,-7.62,latin
1754,-5.717,latin
1755,-5.659,latin
1756,-7.885,latin
1758,-6.284,latin
1759,-8.092,latin
1760,-5.332,latin
1761,-7.882,latin
1762,-8.195,latin
1763,-8.904,latin
1764,-6.564,latin
1766,-11.301,latin
1767,-9.503,latin
1768,-9.052,latin
1769,-7.064,latin
1770,-8.869,latin
1786,-5.034,latin
1787,-6.98,latin
1788,-12.39,latin
1789,-5.663,latin
1799,-11.11,latin
1800,-4.756,latin
1801,-6.03,latin
1825,-7.205,latin
1826,-5.827,latin
1827,-9.404,latin
1828,-6.814,latin
1829,-7.265,latin
1830,-10.027,latin
1832,-6.002,latin
1833,-4.95,latin
1834,-6.392,latin
1835,-7.958,latin
1836,-9.219,latin
1842,-6.573,latin
1843,-5.667,latin
1844,-4.985,latin
1845,-5.626,latin
1846,-3.957,latin
1857,-5.288,latin
1858,-8.803,latin
1859,-6.864,latin
1863,-5.179,latin
1864,-4.746,latin
1865,-10.223,latin
1866,-3.977,latin
1867,-5.432,latin
1868,-6.218,latin
1869,-6.428,latin
1870,-5.097,latin
1871,-7.369,latin
1872,-7.623,latin
1873,-6.798,latin
1877,-7.14,latin
1879,-5.158,latin
1880,-5.91,latin
1881,-8.426,latin
1882,-7.568,latin
1883,-6.131,latin
1884,-3.775,latin
1885,-8.939,latin
1886,-4.078,latin
1887,-4.492,latin
1888,-8.075,latin
1889,-4.281,latin
1907,-4.809,latin
1908,-5.158,latin
1909,-10.146,latin
1910,-10.381,latin
1911,-6.806,latin
1912,-5.737,latin
1913,-7.464,latin
1914,-8.79,latin
1915,-7.418,latin
1916,-6.037,latin
1917,-7.966,latin
1918,-7.143,latin
1919,-8.094,latin
1920,-5.249,latin
1921,-8.147,latin
1922,-5.476,latin
1923,-5.467,latin
1924,-5.13,latin
1925,-7.399,latin
1926,-2.864,latin
1927,-5.468,latin
1929,-4.16,latin
1945,-5.825,latin
1946,-9.123,latin
1947,-8.71,latin
1948,-2.73,latin
2069,-7.348,latin
2078,-7.576,latin
2079,-8.543,latin
2080,-6.309,latin
2081,-3.79,latin
2082,-8.783,latin
2083,-5.745,latin
2084,-11.637,latin
2085,-9.902,latin
2086,-2.214,latin
2087,-5.747,latin
2088,-4.264,latin
2089,-5.303,latin
2090,-6.958,latin
2091,-6.561,latin
2092,-7.927,latin
2093,-3.981,latin
2094,-6.654,latin
2095,-4.959,latin
2096,-4.493,latin
2097,-4.49,latin
2098,-11.45,latin
2099,-4.453,latin
2100,-3.691,latin
2101,-6.164,latin
2102,-5.166,latin
2103,-8.96,latin
2104,-8.755,latin
2105,-5.451,latin
2106,-3.32,latin
2107,-6.55,latin
2108,-6.016,latin
2109,-12.511,latin
2110,-5.726,latin
2111,-6.417,latin
2112,-7.131,latin
2113,-7.028,latin
2128,-5.926,latin
2129,-6.146,latin
2194,-6.305,latin
2195,-3.678,latin
2217,-4.712,latin
2218,-5.717,latin
2219,-8.793,latin
2220,-3.581,latin
2230,-5.158,latin
2231,-3.838,latin
2273,-9.16,latin
2284,-4.627,latin
2285,-4.446,latin
2287,-4.038,latin
2288,-5.236,latin
2289,-3.807,latin
2290,-6.363,latin
2291,-4.13,latin
2292,-5.608,latin
2293,-6.203,latin
2294,-4.053,latin
2295,-4.0,latin
2296,-6.377,latin
2297,-3.81,latin
2298,-4.18,latin
2299,-8.184,latin
2300,-3.292,latin
2301,-4.937,latin
2302,-6.66,latin
2303,-4.822,latin
2304,-3.806,latin
2315,-4.792,latin
2316,-4.331,latin
2317,-7.894,latin
2346,-4.519,latin
2347,-8.475,latin
2354,-6.975,latin
2355,-6.218,latin
2637,-5.943,latin
2823,-4.892,latin
3027,-4.177,latin
3038,-6.688,latin
3075,-5.754,latin
3096,-3.035,latin
3097,-2.117,latin
3098,-6.381,latin
3099,-5.435,latin
3100,-4.619,latin
3101,-4.24,latin
3102,-5.842,latin
3103,-9.837,latin
3104,-4.733,latin
3105,-4.582,latin
3106,-4.302,latin
3108,-8.18,latin
3109,-8.943,latin
3110,-5.112,latin
3111,-5.531,latin
3112,-2.528,latin
3113,-4.421,latin
3117,-4.787,latin
3123,-4.104,latin
3124,-2.674,latin
3125,-7.639,latin
3126,-4.215,latin
3147,-6.625,latin
3148,-4.628,latin
3150,-7.11,latin
3151,-3.713,latin
3152,-5.849,latin
3153,-3.315,latin
3155,-4.26,latin
3157,-5.458,latin
3158,-4.554,latin
3159,-5.316,latin
3160,-4.748,latin
3161,-5.34,latin
3162,-3.83,latin
3163,-3.547,latin
3164,-4.087,latin
3165,-4.423,latin
3532,-7.489,latin
3533,-6.355,latin
3534,-19.221,latin
3535,-8.607,latin
3536,-5.856,latin
3537,-9.957,latin
3538,-6.294,latin
3539,-10.517,latin
3540,-8.368,latin
3541,-4.905,latin
3542,-14.019,latin
3543,-3.269,latin
3544,-2.817,latin
3545,-4.393,latin
3555,-3.132,latin
3583,-3.803,latin
3584,-4.736,latin
3585,-4.7,latin
3586,-3.445,latin
3587,-0.073,latin
3588,-10.132,latin
3598,-10.014,latin
3599,-10.6,latin
3600,-8.646,latin
3601,-14.547,latin
3603,-10.725,latin
3604,-13.727,latin
3605,-13.854,latin
3606,-7.008,latin
3607,-9.587,latin
3608,-7.301,latin
3609,-5.732,latin
3610,-10.124,latin
3611,-7.907,latin
3614,-7.627,latin
3615,-6.053,latin
3629,-7.091,latin
3639,-8.239,latin
3640,-7.089,latin
3641,-8.648,latin
3644,-8.432,latin
3655,-10.326,latin
3657,-7.545,latin
3658,-9.668,latin
3659,-5.907,latin
3660,-12.607,latin
3661,-10.359,latin
3662,-6.584,latin
3663,-9.95,latin
3664,-7.587,latin
3665,-6.959,latin
3666,-3.811,latin
3667,-7.215,latin
3669,-9.359,latin
3670,-6.406,latin
3671,-8.2,latin
3672,-6.854,latin
3673,-4.204,latin
3674,-10.066,latin
3675,-10.603,latin
3676,-7.107,latin
3677,-6.687,latin
3678,-7.679,latin
3679,-13.022,latin
3692,-5.739,latin
3694,-5.389,latin
3708,-5.135,latin
3721,-4.22,latin
3731,-4.98,latin
3732,-2.976,latin
3733,-5.576,latin
3734,-4.178,latin
3735,-3.392,latin
3777,-4.371,latin
3782,-3.656,latin
3783,-3.182,latin
3784,-4.325,latin
3785,-1.708,latin
3786,-5.205,latin
3787,-5.802,latin
3789,-4.907,latin
3790,-3.181,latin
3791,-0.582,latin
3792,-1.89,latin
3795,-3.627,latin
3796,-1.694,latin
3797,-3.444,latin
3798,-3.01,latin
3799,-4.804,latin
3815,-4.206,latin
3842,-3.01,latin
3846,-6.456,latin
3847,-6.269,latin
3848,-7.066,latin
3851,-6.91,latin
3852,-7.236,latin
3853,-2.979,latin
3854,-3.67,latin
3855,-4.428,latin
4328,-4.323,latin
4329,-7.969,latin
4368,-6.562,latin
4369,-2.935,latin
4370,-4.116,latin
4371,-5.535,latin
4372,-7.246,latin
4373,-5.889,latin
4374,-4.112,latin
4375,-13.053,latin
4376,-5.272,latin
4377,-6.587,latin
4378,-2.75,latin
4379,-6.441,latin
4380,-4.267,latin
4381,-4.601,latin
4382,-3.643,latin
4383,-1.8,latin
4384,-4.669,latin
4385,-4.47,latin
4386,-4.586,latin
4394,-4.954,latin
4395,-3.588,latin
4396,-4.534,latin
4945,-11.782,latin
4946,-3.781,latin
4947,-6.493,latin
4948,-5.889,latin
4949,-5.041,latin
4956,-3.527,latin
4957,-3.507,latin
4958,-5.152,latin
4959,-2.315,latin
4960,-4.613,latin
4961,-3.547,latin
4962,-4.546,latin
4963,-6.222,latin
4964,-5.846,latin
4966,-8.256,latin
4967,-7.408,latin
4968,-3.725,latin
4969,-4.127,latin
4970,-4.398,latin
4971,-4.576,latin
4986,-6.265,latin
4987,-4.622,latin
4988,-4.023,latin
4991,-4.617,latin
5012,-4.495,latin
5013,-4.77,latin
5014,-3.142,latin
5015,-5.714,latin
5016,-7.654,latin
5017,-3.493,latin
5018,-5.615,latin
5019,-7.7,latin
5021,-7.741,latin
5022,-5.566,latin
5023,-4.645,latin
5024,-5.219,latin
5025,-2.441,latin
5026,-5.953,latin
5027,-6.356,latin
5045,-4.317,latin
5046,-4.585,latin
5047,-2.657,latin
5072,-4.113,latin
5088,-3.436,latin
5089,-5.706,latin
5090,-5.335,latin
5092,-8.777,latin
5093,-2.762,latin
5094,-5.309,latin
5100,-2.985,latin
5101,-5.201,latin
5102,-8.018,latin
5103,-7.393,latin
5104,-4.418,latin
5105,-5.609,latin
5106,-5.008,latin
5107,-5.017,latin
5123,-5.521,latin
5346,-5.568,latin
5347,-8.383,latin
5348,-11.02,latin
5349,-16.452,latin
5350,-7.782,latin
5351,-8.289,latin
5352,-15.525,latin
5353,-17.462,latin
5355,-6.914,latin
5357,-8.955,latin
5358,-9.173,latin
5359,-11.721,latin
5360,-6.637,latin
5365,-6.701,latin
5366,-12.908,latin
5367,-12.375,latin
5368,-20.944,latin
5369,-9.329,latin
5382,-13.475,latin
5391,-12.963,latin
5392,-11.278,latin
5393,-10.641,latin
5394,-13.292,latin
5395,-6.149,latin
5396,-7.014,latin
5397,-10.291,latin
5398,-10.329,latin
5399,-7.876,latin
5401,-8.703,latin
5405,-9.572,latin
5414,-10.433,latin
5415,-5.795,latin
5428,-12.887,latin
5434,-10.604,latin
5455,-10.854,latin
5456,-11.311,latin
5457,-12.322,latin
5458,-11.159,latin
5459,-15.101,latin
5460,-6.664,latin
5461,-6.532,latin
5464,-6.655,latin
5465,-11.154,latin
5466,-10.614,latin
5467,-12.123,latin
5471,-10.174,latin
5476,-11.218,latin
5477,-8.218,latin
5478,-8.419,latin
5479,-10.311,latin
5480,-8.798,latin
5481,-13.372,latin
5482,-9.943,latin
5483,-5.159,latin
5484,-12.606,latin
5485,-13.672,latin
5486,-6.497,latin
5487,-7.295,latin
5497,-9.063,latin
5498,-14.443,latin
5499,-18.622,latin
5500,-4.302,latin
5508,-9.548,latin
5512,-9.038,latin
5513,-4.433,latin
5515,-5.763,latin
5518,-6.028,latin
5519,-7.991,latin
5520,-8.332,latin
5521,-4.448,latin
5522,-4.973,latin
5523,-7.454,latin
5528,-5.797,latin
5532,-3.825,latin
5533,-5.799,latin
5534,-7.036,latin
5535,-7.274,latin
5536,-7.87,latin
5537,-5.64,latin
5538,-8.23,latin
5539,-5.554,latin
5540,-8.0,latin
5541,-5.127,latin
5542,-6.736,latin
5543,-6.459,latin
5544,-8.158,latin
5545,-5.766,latin
5546,-7.854,latin
5549,-5.376,latin
5550,-4.109,latin
5551,-13.213,latin
5553,-4.337,latin
5554,-8.005,latin
5555,-6.794,latin
5556,-5.586,latin
5557,-8.116,latin
5558,-5.905,latin
5561,-5.496,latin
5568,-4.75,latin
5569,-4.719,latin
5674,-6.418,latin
5675,-5.561,latin
5676,-6.351,latin
5681,-6.6,latin
5682,-7.626,latin
5683,-5.895,latin
5684,-3.989,latin
5685,-9.602,latin
5686,-5.915,latin
5687,-6.791,latin
5688,-9.055,latin
5689,-7.643,latin
5690,-7.454,latin
5691,-6.023,latin
5692,-3.465,latin
5693,-5.185,latin
5694,-5.434,latin
5695,-3.51,latin
5696,-4.432,latin
5697,-6.316,latin
5698,-7.462,latin
5699,-9.076,latin
5700,-3.939,latin
5701,-2.643,latin
5702,-6.585,latin
5703,-2.134,latin
5704,-4.083,latin
5705,-3.813,latin
5706,-10.715,latin
5707,-7.458,latin
5708,-4.447,latin
5709,-3.756,latin
5710,-6.073,latin
5711,-3.205,latin
5712,-9.342,latin
5713,-5.17,latin
5714,-5.471,latin
5715,-14.187,latin
5716,-6.051,latin
5717,-4.416,latin
5718,-4.962,latin
5719,-5.428,latin
5720,-6.753,latin
5721,-5.352,latin
5726,-4.982,latin
5727,-3.365,latin
5728,-7.753,latin
5729,-4.906,latin
6388,-7.108,latin
6399,-6.125,latin
6400,-9.963,latin
6401,-7.213,latin
6499,-5.736,latin
6500,-5.402,latin
6501,-7.413,latin
6502,-4.971,latin
6503,-5.19,latin
6504,-5.637,latin
6505,-1.503,latin
6538,-8.272,latin
6539,-4.773,latin
6544,-4.374,latin
6545,-6.169,latin
6546,-6.933,latin
6547,-8.159,latin
6548,-5.578,latin
6549,-8.761,latin
6550,-6.001,latin
6551,-2.26,latin
6552,-4.556,latin
6553,-4.396,latin
6554,-8.452,latin
6555,-2.698,latin
6556,-5.816,latin
6557,-5.306,latin
6558,-6.022,latin
6559,-7.736,latin
6560,-5.863,latin
6561,-5.155,latin
6566,-5.297,latin
6567,-4.859,latin
6568,-6.002,latin
6569,-6.984,latin
6570,-6.371,latin
6571,-3.776,latin
6572,-3.995,latin
6573,-4.485,latin
6578,-7.27,latin
6579,-3.489,latin
6581,-3.863,latin
6582,-7.501,latin
6583,-2.92,latin
6584,-6.702,latin
6585,-5.083,latin
6586,-4.849,latin
6587,-7.251,latin
6658,-7.934,latin
6662,-5.956,latin
6682,-4.281,latin
6683,-5.395,latin
6730,-6.005,latin
6731,-6.072,latin
6732,-5.972,latin
6733,-3.124,latin
6734,-4.47,latin
6735,-3.397,latin
6736,-5.097,latin
6737,-5.525,latin
6738,-5.963,latin
6739,-5.51,latin
6740,-4.542,latin
6741,-5.523,latin
6742,-2.983,latin
6756,-10.481,latin
6757,-8.065,latin
6758,-5.195,latin
6759,-4.249,latin
6760,-3.434,latin
6761,-6.032,latin
6930,-6.285,latin
6931,-5.362,latin
6932,-4.779,latin
6933,-5.71,latin
6934,-7.229,latin
6935,-9.28,latin
6940,-3.593,latin
6941,-6.21,latin
6942,-8.359,latin
6943,-8.535,latin
6944,-4.661,latin
6945,-8.883,latin
6946,-5.326,latin
6947,-6.506,latin
6948,-5.68,latin
6949,-7.54,latin
6950,-5.759,latin
6951,-5.924,latin
6952,-6.13,latin
6953,-3.838,latin
6954,-14.461,latin
6955,-4.816,latin
6956,-11.818,latin
6957,-5.284,latin
6958,-4.738,latin
6959,-5.693,latin
6960,-4.318,latin
6961,-7.866,latin
6962,-4.147,latin
6963,-8.299,latin
6964,-4.898,latin
6967,-5.282,latin
6968,-7.311,latin
6969,-5.6,latin
6970,-1.856,latin
6971,-6.499,latin
6972,-10.187,latin
6973,-2.567,latin
6974,-5.223,latin
6975,-10.268,latin
6976,-7.405,latin
6977,-4.72,latin
6978,-8.768,latin
6979,-6.377,latin
6980,-4.862,latin
7080,-6.235,latin
7081,-7.258,latin
7082,-9.433,latin
7083,-5.153,latin
7084,-5.339,latin
7085,-16.057,latin
7086,-5.787,latin
7087,-6.752,latin
7088,-7.865,latin
7089,-2.492,latin
7090,-7.098,latin
7091,-8.407,latin
7092,-7.9,latin
7093,-11.783,latin
7094,-9.318,latin
7095,-6.456,latin
7097,-4.947,latin
7098,-10.182,latin
7099,-7.183,latin
7100,-3.067,latin
7101,-9.275,latin
7102,-5.341,latin
7103,-4.982,latin
7104,-10.72,latin
7105,-9.347,latin
7107,-7.503,latin
7108,-7.478,latin
7109,-7.526,latin
7113,-4.474,latin
7114,-6.17,latin
7115,-8.242,latin
7116,-8.01,latin
7117,-4.21,latin
7121,-10.608,latin
7133,-5.948,latin
7134,-6.652,latin
7138,-7.794,latin
7139,-6.53,latin
7140,-4.25,latin
7141,-7.269,latin
7142,-2.965,latin
7154,-6.206,latin
7155,-7.024,latin
7172,-7.021,latin
7173,-6.751,latin
7174,-6.309,latin
7200,-6.508,latin
7217,-7.31,latin
7219,-12.188,latin
7220,-7.934,latin
7230,-4.909,latin
7231,-2.315,latin
7232,-14.019,latin
7239,-5.916,latin
7240,-10.002,latin
7241,-4.58,latin
7242,-5.889,latin
7243,-3.777,latin
7247,-16.031,latin
7248,-7.742,latin
7249,-7.504,latin
7257,-7.306,latin
7258,-4.669,latin
7259,-6.605,latin
7260,-3.969,latin
7261,-11.222,latin
7262,-4.496,latin
7263,-7.364,latin
7265,-8.915,latin
7266,-5.708,latin
7290,-2.261,latin
7291,-7.073,latin
7292,-4.532,latin
7298,-8.262,latin
7299,-6.923,latin
7300,-8.1,latin
7301,-8.058,latin
7302,-8.554,latin
7303,-4.008,latin
7304,-6.959,latin
7305,-8.574,latin
7306,-8.098,latin
7307,-5.698,latin
7308,-5.654,latin
7309,-3.765,latin
7310,-6.435,latin
7311,-10.614,latin
7629,-3.325,latin
7633,-13.638,latin
7636,-7.179,latin
7637,-6.73,latin
7638,-5.265,latin
7639,-4.902,latin
7640,-6.73,latin
7641,-6.896,latin
7642,-5.323,latin
7643,-4.8,latin
7644,-5.186,latin
7656,-7.942,latin
7657,-6.285,latin
7658,-4.452,latin
7659,-6.194,latin
7660,-4.848,latin
7661,-12.228,latin
7662,-7.323,latin
7663,-4.836,latin
7664,-4.507,latin
7665,-5.251,latin
7666,-3.151,latin
7667,-6.424,latin
7681,-5.871,latin
7682,-5.015,latin
7683,-4.854,latin
7684,-3.661,latin
7685,-4.16,latin
7686,-8.534,latin
7687,-5.631,latin
7688,-5.841,latin
7689,-3.901,latin
7690,-3.372,latin
7691,-1.889,latin
7692,-6.224,latin
7693,-5.093,latin
7699,-6.817,latin
7700,-4.333,latin
7701,-5.484,latin
7702,-7.244,latin
7703,-5.947,latin
7704,-5.043,latin
7705,-5.392,latin
7706,-5.431,latin
7707,-5.515,latin
7708,-4.143,latin
7709,-8.131,latin
7710,-10.279,latin
7711,-4.229,latin
7712,-7.866,latin
7713,-9.87,latin
7714,-3.64,latin
7715,-4.881,latin
7716,-6.301,latin
7717,-7.336,latin
7718,-4.525,latin
7719,-8.06,latin
7720,-8.031,latin
7721,-7.733,latin
7722,-4.871,latin
7723,-3.243,latin
7724,-6.48,latin
7725,-5.272,latin
7726,-4.437,latin
7744,-3.602,latin
7745,-3.242,latin
7746,-8.142,latin
7747,-4.43,latin
7748,-4.08,latin
7749,-5.949,latin
7750,-6.339,latin
7751,-8.24,latin
7764,-6.78,latin
7765,-4.687,latin
7766,-5.405,latin
7767,-5.166,latin
7771,-7.541,latin
7772,-5.571,latin
7773,-5.957,latin
7774,-5.957,latin
7775,-5.309,latin
7776,-0.046,latin
7777,-5.114,latin
7778,-7.755,latin
7779,-7.932,latin
7780,-5.065,latin
7781,-7.485,latin
7782,-4.051,latin
7783,-5.456,latin
7784,-5.082,latin
7785,-8.165,latin
7786,-8.03,latin
7787,-6.813,latin
7788,-4.314,latin
7789,-6.554,latin
7790,-6.663,latin
7791,-6.354,latin
7792,-2.511,latin
7793,-7.272,latin
7794,-6.166,latin
7795,-5.295,latin
7796,-4.891,latin
7797,-11.467,latin
7798,-4.627,latin
7799,-7.146,latin
7800,-4.746,latin
7801,-5.002,latin
7802,-9.446,latin
7803,-3.112,latin
7804,-3.703,latin
7805,-4.458,latin
7806,-5.923,latin
7807,-3.362,latin
7808,-5.804,latin
7809,-8.33,latin
7810,-6.708,latin
7811,-6.804,latin
7846,-7.582,latin
7847,-5.497,latin
7848,-4.252,latin
7849,-2.479,latin
7850,-5.318,latin
7851,-4.443,latin
7852,-3.854,latin
7853,-5.751,latin
7854,-4.098,latin
7855,-3.812,latin
7856,-4.655,latin
7857,-3.685,latin
7858,-8.575,latin
7859,-4.733,latin
7860,-5.58,latin
7861,-4.148,latin
7862,-5.666,latin
7863,-3.175,latin
7864,-8.14,latin
7865,-4.495,latin
7866,-4.065,latin
7867,-10.348,latin
7868,-5.418,latin
7899,-2.612,latin
7900,-3.571,latin
7901,-5.835,latin
7902,-7.078,latin
7903,-9.193,latin
7904,-12.841,latin
7905,-6.559,latin
7906,-2.736,latin
7907,-8.166,latin
7908,-8.901,latin
7909,-6.921,latin
7910,-6.95,latin
7911,-6.597,latin
7912,-7.05,latin
7914,-3.323,latin
7915,-12.075,latin
7916,-5.511,latin
7918,-8.558,latin
7919,-15.161,latin
7920,-7.652,latin
7921,-4.851,latin
7922,-4.467,latin
7923,-16.438,latin
7924,-7.239,latin
7925,-6.836,latin
7926,-6.919,latin
7927,-8.963,latin
7928,-5.957,latin
7929,-4.772,latin
7930,-8.413,latin
7931,-7.05,latin
7932,-7.3,latin
7933,-8.279,latin
7934,-7.547,latin
7935,-16.13,latin
7936,-6.824,latin
7937,-5.554,latin
7938,-9.434,latin
7939,-4.997,latin
7941,-9.687,latin
7949,-4.508,latin
7963,-7.115,latin
7977,-5.715,latin
7978,-4.77,latin
7979,-4.47,latin
7981,-6.603,latin
7982,-6.912,latin
7983,-6.84,latin
7984,-5.138,latin
7985,-6.047,latin
7986,-5.329,latin
7988,-6.685,latin
7989,-3.267,latin
7990,-3.084,latin
7991,-7.867,latin
7992,-9.444,latin
7993,-11.093,latin
7997,-7.027,latin
7998,-7.788,latin
7999,-4.13,latin
8000,-8.267,latin
8001,-5.61,latin
8002,-7.075,latin
8003,-4.713,latin
8004,-6.482,latin
8009,-6.081,latin
8013,-4.568,latin
8014,-6.211,latin
8015,-5.74,latin
8016,-5.446,latin
8017,-4.868,latin
8018,-5.318,latin
8019,-7.958,latin
8020,-6.736,latin
8021,-6.379,latin
8022,-13.041,latin
8023,-4.178,latin
8024,-5.431,latin
8025,-6.623,latin
8026,-4.163,latin
8027,-5.35,latin
8028,-4.775,latin
8029,-4.254,latin
8030,-4.898,latin
8031,-6.498,latin
8032,-7.825,latin
8033,-6.471,latin
8034,-6.183,latin
8037,-11.121,latin
8038,-9.719,latin
8039,-2.861,latin
8040,-7.754,latin
8041,-3.75,latin
8042,-9.398,latin
8043,-6.172,latin
8044,-5.118,latin
8045,-5.087,latin
8046,-3.391,latin
8048,-3.899,latin
8049,-3.633,latin
8050,-5.738,latin
8053,-3.992,latin
8054,-5.862,latin
8055,-7.053,latin
8056,-6.641,latin
8057,-5.242,latin
8058,-8.794,latin
8059,-8.35,latin
8060,-4.882,latin
8061,-3.678,latin
8110,-6.314,latin
8261,-4.52,latin
8262,-3.206,latin
8263,-4.368,latin
8264,-3.713,latin
8265,-4.071,latin
8266,-6.422,latin
8267,-4.039,latin
8268,-5.411,latin
8269,-5.375,latin
8271,-4.017,latin
8272,-5.332,latin
8273,-2.592,latin
8274,-2.652,latin
8287,-7.14,latin
8290,-5.048,latin
8291,-3.02,latin
8292,-4.46,latin
8293,-4.325,latin
8294,-3.291,latin
8297,-4.788,latin
8298,-4.696,latin
8299,-4.152,latin
8300,-6.808,latin
8301,-3.157,latin
8304,-2.963,latin
8305,-3.674,latin
8306,-2.885,latin
8307,-2.3,latin
8308,-4.443,latin
8309,-5.107,latin
8310,-6.875,latin
8311,-4.598,latin
8312,-3.527,latin
8313,-3.862,latin
8314,-2.597,latin
8315,-8.433,latin
8316,-3.649,latin
8320,-6.224,latin
8321,-5.219,latin
8322,-4.01,latin
8323,-5.308,latin
8324,-4.067,latin
8325,-2.903,latin
8326,-4.902,latin
8327,-3.614,latin
8339,-7.504,latin
8393,-3.332,latin
8394,-3.838,latin
8395,-3.147,latin
8396,-2.454,latin
8397,-13.32,latin
8398,-5.145,latin
8405,-6.503,latin
8456,-4.036,latin
8457,-1.582,latin
8458,-3.421,latin
8459,-4.174,latin
8465,-4.372,latin
8466,-7.739,latin
8467,-3.785,latin
8468,-3.361,latin
8469,-4.765,latin
8470,-3.695,latin
8471,-4.247,latin
8472,-4.131,latin
8473,-4.126,latin
8474,-4.249,latin
8475,-4.594,latin
8483,-2.984,latin
8484,-4.11,latin
8485,-5.18,latin
8486,-4.494,latin
8487,-3.416,latin
8488,-3.697,latin
8489,-5.464,latin
8490,-4.233,latin
8491,-3.716,latin
8492,-3.09,latin
8493,-4.486,latin
8494,-4.07,latin
8495,-5.783,latin
8496,-3.941,latin
8497,-3.535,latin
8498,-3.512,latin
8499,-3.935,latin
8501,-5.119,latin
8502,-5.236,latin
8503,-4.278,latin
8504,-6.423,latin
8505,-2.671,latin
8506,-5.468,latin
8509,-4.936,latin
8510,-5.401,latin
8511,-4.502,latin
8512,-4.449,latin
8513,-3.688,latin
8514,-4.391,latin
8515,-3.738,latin
8516,-7.344,latin
8519,-5.096,latin
8520,-4.836,latin
8521,-4.236,latin
8522,-2.457,latin
8523,-2.795,latin
8524,-3.592,latin
8525,-3.36,latin
8526,-4.024,latin
8527,-6.946,latin
8528,-3.203,latin
8529,-5.418,latin
8530,-3.828,latin
8531,-4.668,latin
8532,-5.123,latin
8534,-5.501,latin
8535,-4.346,latin
8536,-5.938,latin
8537,-4.79,latin
8538,-5.57,latin
8539,-7.562,latin
8540,-7.882,latin
8541,-8.718,latin
8542,-3.234,latin
8543,-5.682,latin
8544,-2.331,latin
8545,-4.425,latin
8546,-5.612,latin
8547,-3.667,latin
8548,-5.926,latin
8549,-6.124,latin
8550,-5.837,latin
8551,-3.582,latin
8552,-3.812,latin
8553,-8.029,latin
8554,-3.572,latin
8555,-1.866,latin
8556,-5.579,latin
8561,-5.014,latin
8562,-7.532,latin
8563,-4.855,latin
8564,-9.028,latin
8565,-3.163,latin
8566,-5.457,latin
8567,-7.107,latin
8568,-3.901,latin
8569,-5.563,latin
8570,-6.984,latin
8571,-3.961,latin
8572,-7.016,latin
8573,-4.443,latin
8574,-7.009,latin
8575,-5.2,latin
8576,-2.486,latin
8577,-5.748,latin
8578,-4.188,latin
8579,-4.84,latin
8580,-4.271,latin
8581,-3.083,latin
8582,-3.833,latin
8583,-2.899,latin
8584,-2.867,latin
8585,-3.647,latin
8586,-5.027,latin
8587,-5.021,latin
8588,-1.681,latin
8589,-3.824,latin
8590,-4.19,latin
8591,-3.075,latin
8592,-3.922,latin
8593,-7.125,latin
8594,-2.576,latin
8598,-5.749,latin
8599,-3.243,latin
8600,-3.477,latin
8601,-3.765,latin
8602,-3.83,latin
8603,-4.156,latin
8671,-11.114,latin
8672,-6.612,latin
8673,-5.795,latin
8674,-3.172,latin
8678,-5.924,latin
8686,-5.566,latin
8687,-4.303,latin
8688,-7.13,latin
8689,-4.633,latin
8690,-4.588,latin
8691,-8.18,latin
8692,-6.432,latin
8693,-9.193,latin
8694,-6.199,latin
8695,-5.016,latin
8696,-5.681,latin
8697,-3.996,latin
8698,-3.785,latin
8699,-4.992,latin
8700,-10.719,latin
8701,-4.408,latin
8702,-5.916,latin
8703,-7.194,latin
8704,-5.377,latin
8705,-5.568,latin
8706,-6.797,latin
8707,-7.455,latin
8708,-4.802,latin
8709,-6.111,latin
8710,-6.264,latin
8711,-6.803,latin
8712,-6.4,latin
8713,-7.564,latin
8714,-6.5,latin
8715,-8.401,latin
8716,-5.909,latin
8717,-6.485,latin
8718,-5.115,latin
8719,-9.145,latin
8720,-4.793,latin
8721,-5.845,latin
8722,-5.227,latin
8723,-6.108,latin
8724,-6.262,latin
8725,-5.127,latin
8726,-7.395,latin
8727,-7.277,latin
8728,-4.544,latin
8729,-7.74,latin
8730,-3.708,latin
8731,-7.474,latin
8732,-10.325,latin
8733,-2.459,latin
8734,-5.438,latin
8735,-6.317,latin
8736,-4.434,latin
8737,-6.577,latin
8738,-6.458,latin
8739,-5.891,latin
8740,-7.933,latin
8744,-6.165,latin
8745,-5.312,latin
8746,-6.032,latin
8747,-5.49,latin
8748,-8.347,latin
8749,-3.602,latin
8750,-7.454,latin
8751,-8.735,latin
8752,-3.558,latin
8762,-6.355,latin
8763,-4.399,latin
8764,-5.157,latin
8765,-5.909,latin
8766,-6.963,latin
8767,-5.968,latin
9237,-4.101,latin
9258,-6.411,latin
9262,-8.91,latin
9263,-4.805,latin
9266,-4.815,latin
9267,-7.755,latin
9268,-4.852,latin
9269,-4.878,latin
9270,-4.883,latin
9271,-4.566,latin
9272,-4.683,latin
9273,-8.32,latin
9274,-5.524,latin
9275,-3.844,latin
9276,-6.285,latin
9277,-3.889,latin
9278,-5.167,latin
9279,-3.494,latin
9280,-5.598,latin
9290,-5.666,latin
9291,-3.615,latin
9292,-4.949,latin
9293,-6.278,latin
9294,-4.956,latin
9295,-7.348,latin
9296,-4.228,latin
9297,-2.251,latin
9298,-5.173,latin
9299,-3.223,latin
9300,-3.54,latin
9301,-3.411,latin
9305,-6.16,latin
9306,-6.623,latin
9307,-5.459,latin
9308,-3.501,latin
9309,-5.895,latin
9310,-1.87,latin
9316,-4.921,latin
9317,-3.859,latin
9318,-5.296,latin
9319,-2.793,latin
9320,-2.955,latin
9321,-5.429,latin
9322,-3.166,latin
9323,-3.297,latin
9324,-3.203,latin
9325,-4.643,latin
9326,-2.921,latin
9327,-3.604,latin
9328,-4.985,latin
9329,-6.042,latin
10688,-7.58,latin
10705,-6.835,latin
10706,-9.254,latin
10707,-9.026,latin
10708,-4.163,latin
10709,-6.345,latin
10710,-4.793,latin
10711,-7.211,latin
10712,-6.432,latin
10713,-9.733,latin
10714,-4.276,latin
10715,-7.209,latin
10716,-4.082,latin
10717,-5.558,latin
10718,-7.225,latin
10719,-5.862,latin
10720,-4.897,latin
10721,-5.36,latin
10722,-3.85,latin
10723,-7.236,latin
10724,-4.576,latin
10725,-7.049,latin
10726,-5.77,latin
10727,-5.679,latin
10728,-4.699,latin
10729,-8.005,latin
10730,-2.403,latin
10731,-8.443,latin
10732,-4.665,latin
10733,-3.593,latin
10734,-5.713,latin
10735,-7.556,latin
10736,-11.961,latin
10737,-8.599,latin
10738,-6.493,latin
10739,-2.872,latin
10740,-7.136,latin
10741,-6.717,latin
10742,-5.314,latin
10743,-5.97,latin
10744,-6.008,latin
10745,-3.981,latin
10746,-5.942,latin
10747,-4.234,latin
10748,-4.668,latin
10749,-5.768,latin
10750,-5.516,latin
10751,-7.367,latin
10752,-4.649,latin
10753,-3.741,latin
10754,-4.258,latin
10755,-3.395,latin
10756,-3.231,latin
10757,-6.141,latin
10758,-9.032,latin
10759,-6.207,latin
10760,-5.914,latin
10761,-4.966,latin
10762,-6.312,latin
10763,-6.396,latin
10764,-7.165,latin
10957,-4.517,latin
10958,-9.865,latin
10959,-6.964,latin
10960,-5.867,latin
10961,-4.923,latin
10962,-6.976,latin
10963,-7.294,latin
10964,-6.231,latin
10975,-6.577,latin
10976,-7.286,latin
10977,-4.568,latin
10978,-4.359,latin
10979,-5.413,latin
10980,-6.435,latin
10981,-3.823,latin
10982,-5.964,latin
10983,-4.711,latin
10984,-6.387,latin
11052,-4.423,latin
11053,-5.002,latin
11054,-6.293,latin
11055,-5.683,latin
11056,-6.655,latin
11057,-8.002,latin
11058,-7.254,latin
11059,-4.303,latin
11069,-6.363,latin
11070,-9.003,latin
11071,-6.971,latin
11072,-7.462,latin
11073,-7.023,latin
11074,-8.456,latin
11075,-4.399,latin
11076,-5.579,latin
11077,-5.247,latin
11078,-4.296,latin
11079,-10.319,latin
11080,-5.263,latin
11081,-7.426,latin
11082,-7.077,latin
11083,-4.341,latin
11084,-5.773,latin
11085,-6.653,latin
11086,-6.232,latin
11087,-6.379,latin
11088,-5.124,latin
11089,-4.266,latin
11090,-5.199,latin
11091,-6.621,latin
11092,-3.634,latin
11093,-5.452,latin
11094,-2.097,latin
11095,-4.013,latin
11096,-8.06,latin
11097,-5.591,latin
11443,-5.066,latin
11786,-9.06,latin
11799,-12.679,latin
11801,-12.083,latin
11802,-9.161,latin
11803,-4.63,latin
11804,-8.195,latin
11805,-12.934,latin
11806,-9.248,latin
11807,-8.579,latin
11808,-13.244,latin
11809,-10.008,latin
11810,-10.663,latin
11811,-13.096,latin
11812,-6.993,latin
11813,-13.29,latin
11814,-10.885,latin
11815,-13.644,latin
11816,-13.62,latin
11817,-11.724,latin
11818,-5.835,latin
11819,-7.262,latin
11820,-7.538,latin
11821,-11.911,latin
11822,-11.816,latin
11823,-8.589,latin
11824,-10.442,latin
11825,-5.147,latin
11826,-12.68,latin
11827,-8.459,latin
11828,-12.492,latin
11829,-4.146,latin
11830,-11.604,latin
11831,-11.217,latin
11832,-6.44,latin
11833,-6.182,latin
11834,-6.415,latin
11835,-8.779,latin
11836,-6.839,latin
11837,-12.246,latin
11838,-9.708,latin
11839,-2.895,latin
11840,-14.319,latin
11841,-12.944,latin
11842,-9.27,latin
11843,-12.053,latin
11844,-4.699,latin
11845,-12.672,latin
11846,-10.874,latin
11847,-14.673,latin
11848,-14.05,latin
11849,-7.318,latin
11850,-18.787,latin
11851,-4.69,latin
11852,-9.531,latin
11853,-9.311,latin
11854,-15.2,latin
11855,-6.672,latin
11856,-14.938,latin
11857,-10.401,latin
11858,-8.849,latin
11859,-9.618,latin
11860,-10.331,latin
11861,-6.067,latin
11862,-4.35,latin
11863,-3.015,latin
11864,-7.203,latin
11865,-10.145,latin
11866,-7.752,latin
11867,-4.72,latin
11868,-12.115,latin
11869,-5.829,latin
11870,-12.658,latin
11872,-5.558,latin
11873,-5.526,latin
11874,-5.933,latin
11875,-12.756,latin
11876,-12.282,latin
11877,-5.303,latin
11878,-4.269,latin
11879,-5.829,latin
11892,-9.074,latin
11893,-7.346,latin
11894,-5.589,latin
11901,-4.267,latin
11902,-3.856,latin
11903,-7.237,latin
11904,-6.375,latin
11905,-3.68,latin
11906,-5.352,latin
11907,-6.744,latin
11908,-6.267,latin
11909,-2.671,latin
11910,-7.064,latin
11918,-6.383,latin
11920,-4.436,latin
11928,-6.132,latin
11930,-5.582,latin
11931,-5.293,latin
12006,-6.418,latin
12019,-5.28,latin
12026,-3.799,latin
12027,-5.324,latin
12028,-6.081,latin
12029,-7.417,latin
12030,-5.494,latin
12031,-6.251,latin
12032,-5.369,latin
12033,-2.879,latin
12034,-5.576,latin
12036,-4.699,latin
12037,-2.392,latin
12038,-5.413,latin
12109,-6.207,latin
12111,-2.735,latin
12112,-2.332,latin
12113,-2.91,latin
12149,-6.458,latin
12150,-4.684,latin
12151,-3.928,latin
12152,-3.912,latin
12167,-5.276,latin
12168,-4.024,latin
12169,-7.085,latin
12170,-6.374,latin
12171,-3.354,latin
12172,-3.501,latin
12173,-5.939,latin
12174,-3.943,latin
12175,-7.857,latin
12181,-6.623,latin
12182,-5.924,latin
12183,-11.427,latin
12184,-6.226,latin
12185,-6.296,latin
12186,-4.885,latin
12187,-3.073,latin
12196,-7.867,latin
12197,-2.644,latin
12198,-5.303,latin
12199,-2.658,latin
12200,-1.727,latin
12201,-1.726,latin
12202,-11.522,latin
12246,-5.98,latin
12247,-3.353,latin
12257,-1.588,latin
12260,-2.375,latin
12261,-1.828,latin
12262,-7.321,latin
12263,-7.662,latin
12264,-5.529,latin
12265,-4.138,latin
12266,-6.306,latin
12267,-7.744,latin
12268,-5.505,latin
12269,-7.774,latin
12270,-2.532,latin
12271,-4.904,latin
12276,-5.418,latin
12277,-3.966,latin
12278,-3.605,latin
12279,-6.065,latin
12280,-3.056,latin
12281,-2.535,latin
12282,-3.661,latin
12283,-6.474,latin
12284,-9.309,latin
12285,-6.202,latin
12286,-4.205,latin
12287,-10.011,latin
12288,-5.642,latin
12289,-7.09,latin
12290,-7.062,latin
12291,-5.564,latin
12292,-6.122,latin
12293,-7.623,latin
12294,-9.899,latin
12295,-6.406,latin
12296,-4.184,latin
12311,-5.815,latin
12360,-4.399,latin
12368,-4.135,latin
12369,-7.2,latin
12370,-7.459,latin
12373,-6.839,latin
12374,-8.339,latin
12375,-4.331,latin
12376,-7.989,latin
12377,-6.886,latin
12378,-4.505,latin
12379,-7.89,latin
12380,-5.069,latin
12381,-4.576,latin
12382,-6.4,latin
12383,-4.434,latin
12384,-5.914,latin
12385,-8.322,latin
12386,-6.934,latin
12387,-7.265,latin
12388,-5.45,latin
12389,-6.941,latin
12390,-6.523,latin
12391,-5.776,latin
12392,-5.842,latin
12393,-7.127,latin
12394,-6.287,latin
12395,-6.457,latin
12396,-6.798,latin
12397,-3.816,latin
12398,-5.22,latin
12399,-5.946,latin
12400,-4.473,latin
12401,-5.842,latin
12402,-5.445,latin
12403,-8.365,latin
12404,-5.058,latin
12405,-8.184,latin
12406,-7.016,latin
12407,-6.542,latin
12408,-8.648,latin
12409,-9.043,latin
12410,-10.456,latin
12411,-5.989,latin
12412,-8.585,latin
12413,-4.904,latin
12414,-6.571,latin
12415,-3.36,latin
12416,-5.626,latin
12417,-6.495,latin
12418,-6.371,latin
12419,-4.793,latin
12420,-4.804,latin
12421,-6.401,latin
12422,-4.959,latin
12423,-6.944,latin
12424,-3.434,latin
12425,-5.262,latin
12426,-6.763,latin
12427,-5.148,latin
12428,-5.964,latin
12429,-4.473,latin
12430,-8.452,latin
12565,-5.208,latin
12566,-8.681,latin
12567,-5.874,latin
12568,-3.132,latin
12569,-6.848,latin
12570,-7.157,latin
12571,-8.063,latin
12572,-7.485,latin
13639,-4.813,latin
13640,-14.649,latin
13643,-8.865,latin
13644,-8.092,latin
13645,-15.184,latin
13646,-6.829,latin
13647,-5.419,latin
13654,-7.584,latin
13655,-8.406,latin
13656,-5.908,latin
13657,-8.566,latin
13658,-7.233,latin
13659,-6.682,latin
13660,-7.723,latin
13661,-11.12,latin
13662,-6.696,latin
13663,-5.148,latin
13664,-5.788,latin
13665,-4.851,latin
13666,-8.197,latin
13667,-8.875,latin
13668,-5.415,latin
13669,-8.81,latin
13670,-3.218,latin
13671,-11.715,latin
13672,-9.363,latin
13673,-11.823,latin
13674,-6.875,latin
13675,-8.517,latin
13676,-8.346,latin
13677,-7.132,latin
13678,-8.732,latin
13679,-7.456,latin
13680,-5.768,latin
13681,-10.852,latin
13682,-7.093,latin
13683,-11.481,latin
13684,-10.044,latin
13685,-6.546,latin
13686,-4.643,latin
13687,-5.269,latin
13688,-5.96,latin
13689,-7.057,latin
13690,-5.723,latin
13691,-8.015,latin
13692,-9.996,latin
13693,-4.066,latin
13694,-8.797,latin
13695,-9.837,latin
13696,-9.211,latin
13697,-12.41,latin
13698,-7.984,latin
13699,-10.209,latin
13700,-7.293,latin
13701,-9.921,latin
13702,-8.256,latin
13703,-8.503,latin
13704,-12.931,latin
13705,-8.699,latin
13706,-9.404,latin
13707,-12.411,latin
13708,-3.686,latin
13709,-6.523,latin
13710,-4.144,latin
13711,-6.716,latin
13712,-6.625,latin
13713,-11.124,latin
13714,-3.809,latin
13715,-3.784,latin
13716,-7.622,latin
13717,-6.465,latin
13718,-5.585,latin
13719,-3.462,latin
13720,-3.896,latin
13721,-7.339,latin
13722,-5.155,latin
13723,-6.395,latin
13724,-5.085,latin
13725,-6.318,latin
13726,-6.318,latin
13733,-5.061,latin
13734,-8.243,latin
13735,-10.657,latin
13736,-9.098,latin
13737,-5.754,latin
13738,-6.217,latin
14043,-3.384,latin
14071,-6.457,latin
14072,-6.241,latin
14073,-4.555,latin
14074,-4.946,latin
14075,-5.938,latin
14076,-7.123,latin
14077,-4.076,latin
14078,-3.958,latin
14079,-6.566,latin
14080,-6.375,latin
14081,-4.15,latin
14082,-4.392,latin
14083,-3.581,latin
14084,-3.386,latin
14085,-4.607,latin
14087,-3.679,latin
14088,-5.331,latin
14089,-5.694,latin
14090,-6.26,latin
14091,-2.082,latin
14092,-4.638,latin
14093,-4.447,latin
14094,-4.699,latin
14095,-3.388,latin
14096,-5.137,latin
14097,-4.894,latin
14098,-4.746,latin
14099,-6.546,latin
14100,-5.939,latin
14101,-4.791,latin
14102,-3.099,latin
14103,-6.197,latin
14104,-4.268,latin
14105,-5.823,latin
14106,-4.143,latin
14107,-6.645,latin
14108,-11.921,latin
14109,-3.361,latin
14110,-4.322,latin
14111,-5.219,latin
14112,-3.641,latin
14113,-7.402,latin
14114,-4.77,latin
14115,-4.834,latin
14116,-2.027,latin
14117,-4.343,latin
14118,-8.111,latin
14119,-7.447,latin
14120,-6.036,latin
14121,-5.709,latin
14122,-5.196,latin
14123,-5.014,latin
14124,-3.219,latin
14125,-3.835,latin
14126,-6.331,latin
14127,-5.216,latin
14128,-6.568,latin
14129,-4.975,latin
14130,-4.473,latin
14131,-3.278,latin
14132,-3.108,latin
14133,-4.265,latin
14134,-3.619,latin
14135,-4.944,latin
14136,-5.267,latin
14137,-6.819,latin
14138,-4.63,latin
14139,-7.072,latin
14140,-4.57,latin
14141,-2.217,latin
14142,-5.257,latin
14143,-4.607,latin
14144,-6.159,latin
14145,-4.926,latin
14146,-5.409,latin
14147,-5.096,latin
14148,-6.285,latin
14149,-5.237,latin
14150,-5.043,latin
14151,-5.35,latin
14152,-5.338,latin
14153,-7.418,latin
14154,-6.544,latin
14155,-3.017,latin
14156,-2.952,latin
14157,-5.406,latin
14158,-5.034,latin
14159,-3.8,latin
14160,-4.504,latin
14161,-4.651,latin
14162,-6.735,latin
14163,-5.589,latin
14164,-5.478,latin
14165,-7.05,latin
14166,-7.525,latin
14167,-2.067,latin
14168,-6.597,latin
14169,-6.685,latin
14170,-6.395,latin
14171,-5.098,latin
14172,-3.541,latin
14173,-6.683,latin
14174,-6.963,latin
14175,-5.257,latin
14176,-7.319,latin
14177,-5.486,latin
14178,-11.074,latin
14179,-3.374,latin
14180,-6.924,latin
14181,-3.708,latin
14182,-6.568,latin
14183,-4.621,latin
14184,-8.332,latin
14185,-10.409,latin
14186,-4.217,latin
14187,-4.232,latin
14188,-2.832,latin
14189,-6.341,latin
14190,-5.748,latin
14191,-5.181,latin
14192,-1.976,latin
14193,-3.731,latin
14194,-2.29,latin
14195,-3.669,latin
14196,-6.924,latin
14197,-6.172,latin
14198,-7.357,latin
14199,-5.022,latin
14200,-6.179,latin
14201,-5.217,latin
14202,-5.23,latin
14203,-6.891,latin
14204,-7.323,latin
14205,-5.703,latin
14206,-3.032,latin
14207,-4.709,latin
14208,-5.897,latin
14209,-4.95,latin
14210,-8.143,latin
14211,-4.385,latin
14212,-3.135,latin
14213,-5.472,latin
14214,-3.384,latin
14215,-10.361,latin
14216,-6.082,latin
14217,-4.615,latin
14224,-6.034,latin
14225,-5.669,latin
14226,-7.256,latin
14227,-6.305,latin
14228,-6.336,latin
14229,-3.425,latin
14230,-1.294,latin
14276,-5.753,latin
14277,-5.604,latin
14283,-4.027,latin
14284,-3.692,latin
14285,-0.155,latin
14286,-3.712,latin
14287,-4.344,latin
14309,-4.168,latin
14315,-1.94,latin
14316,-5.428,latin
14317,-1.406,latin
14318,-7.315,latin
14319,-2.326,latin
14320,-3.652,latin
14321,-4.496,latin
14322,-4.789,latin
14329,-5.084,latin
14330,-4.648,latin
14331,-7.335,latin
14332,-6.489,latin
14333,-4.964,latin
14334,-3.04,latin
15176,-5.352,latin
15177,-6.842,latin
15178,-5.028,latin
15179,-8.299,latin
15180,-2.977,latin
15181,-5.113,latin
15182,-6.614,latin
15183,-14.096,latin
15184,-15.691,latin
15185,-5.872,latin
15211,-1.483,latin
15212,-6.226,latin
15213,-2.175,latin
15214,-5.275,latin
15215,-2.247,latin
15216,-6.08,latin
15217,-5.781,latin
15218,-4.21,latin
15219,-3.405,latin
15220,-9.21,latin
15221,-7.541,latin
15222,-7.562,latin
15223,-5.221,latin
15224,-3.617,latin
15225,-8.974,latin
15226,-2.38,latin
15227,-5.546,latin
15228,-5.967,latin
15229,-4.156,latin
15230,-5.873,latin
15231,-5.139,latin
15232,-2.858,latin
15233,-5.391,latin
15234,-8.256,latin
15235,-6.799,latin
15236,-5.559,latin
15237,-4.67,latin
15238,-4.749,latin
15239,-2.783,latin
15240,-5.528,latin
15241,-4.001,latin
15242,-4.989,latin
15243,-6.752,latin
15249,-4.816,latin
15250,-4.429,latin
15251,-4.076,latin
15252,-4.463,latin
15253,-6.159,latin
15254,-7.576,latin
15255,-5.569,latin
15256,-4.074,latin
15257,-3.794,latin
15258,-1.799,latin
15259,-3.664,latin
15260,-5.061,latin
15261,-4.091,latin
15332,-4.334,latin
15333,-5.691,latin
15334,-5.229,latin
15335,-5.782,latin
15352,-3.842,latin
15353,-3.081,latin
15354,-4.463,latin
15355,-4.115,latin
15356,-1.884,latin
15357,-4.608,latin
15358,-6.757,latin
15362,-3.427,latin
15376,-12.982,latin
15377,-6.886,latin
15378,-5.071,latin
15379,-8.241,latin
15380,-6.376,latin
15381,-3.836,latin
15382,-5.008,latin
15383,-4.054,latin
15384,-3.084,latin
15412,-7.516,latin
15413,-4.674,latin
15414,-3.332,latin
15415,-5.973,latin
15416,-8.935,latin
15417,-4.113,latin
15418,-4.472,latin
15419,-1.122,latin
15420,-6.33,latin
15421,-6.498,latin
15422,-2.96,latin
15423,-7.094,latin
15424,-5.94,latin
15425,-4.366,latin
15426,-5.803,latin
15427,-6.741,latin
15435,-5.402,latin
15436,-1.348,latin
15437,-7.091,latin
15438,-5.222,latin
15439,-4.804,latin
15440,-4.141,latin
15441,-4.897,latin
15442,-8.789,latin
15443,-7.117,latin
15444,-6.131,latin
15445,-6.267,latin
15446,-5.138,latin
15726,-6.244,latin
15727,-3.529,latin
15728,-3.406,latin
15729,-4.365,latin
15730,-2.322,latin
15731,-4.546,latin
15732,-5.092,latin
15733,-6.872,latin
15734,-4.23,latin
15735,-7.354,latin
15736,-7.926,latin
15738,-3.425,latin
15739,-3.891,latin
15740,-6.941,latin
15741,-8.25,latin
15742,-3.439,latin
15743,-5.013,latin
15744,-6.641,latin
15745,-3.23,latin
15746,-5.801,latin
15747,-4.837,latin
15748,-5.509,latin
15749,-5.965,latin
15750,-6.422,latin
15751,-5.927,latin
15752,-6.378,latin
15753,-4.684,latin
15754,-7.84,latin
15755,-5.452,latin
15756,-5.667,latin
15757,-3.655,latin
15758,-4.392,latin
15759,-5.933,latin
15760,-7.39,latin
15761,-4.378,latin
15823,-3.782,latin
15824,-5.481,latin
15825,-5.375,latin
15841,-3.148,latin
15842,-7.277,latin
15843,-17.166,latin
15844,-11.084,latin
15845,-10.027,latin
15846,-5.896,latin
15859,-4.927,latin
15860,-3.867,latin
15861,-6.695,latin
15862,-5.082,latin
15863,-4.468,latin
15864,-7.314,latin
15865,-4.035,latin
15866,-5.078,latin
15887,-6.238,latin
16078,-3.163,latin
16079,-2.677,latin
16080,-5.67,latin
16081,-6.414,latin
16082,-9.515,latin
16083,-5.904,latin
16084,-5.586,latin
16085,-3.168,latin
16086,-5.011,latin
16087,-4.386,latin
16088,-3.979,latin
16089,-4.891,latin
16090,-3.496,latin
16091,-7.531,latin
16092,-6.145,latin
16145,-5.752,latin
16146,-5.167,latin
16147,-5.502,latin
16148,-4.752,latin
16289,-9.48,latin
16290,-7.16,latin
16291,-8.68,latin
16292,-10.515,latin
16293,-8.341,latin
16294,-5.197,latin
16295,-4.748,latin
16296,-11.884,latin
16297,-7.01,latin
16298,-6.401,latin
16299,-10.275,latin
16300,-5.071,latin
16301,-7.926,latin
16302,-6.102,latin
16303,-6.763,latin
16304,-9.481,latin
16360,-5.997,latin
16369,-5.03,latin
16370,-1.638,latin
16371,-10.112,latin
16372,-9.953,latin
16373,-9.513,latin
16374,-5.727,latin
16375,-4.239,latin
16376,-5.329,latin
16377,-4.702,latin
16378,-7.136,latin
16379,-2.269,latin
16380,-5.251,latin
16381,-5.653,latin
16382,-11.68,latin
16383,-8.318,latin
16384,-7.418,latin
16385,-14.875,latin
16386,-10.455,latin
16387,-4.445,latin
16388,-11.115,latin
16389,-7.423,latin
16390,-4.38,latin
16391,-4.92,latin
16392,-4.3,latin
16393,-4.676,latin
16394,-3.805,latin
16395,-5.25,latin
16396,-5.737,latin
16397,-4.022,latin
16398,-5.553,latin
16399,-4.254,latin
16400,-4.484,latin
16401,-4.578,latin
16402,-5.336,latin
16403,-2.937,latin
16404,-4.351,latin
16405,-9.884,latin
16406,-5.259,latin
16407,-5.326,latin
16408,-9.956,latin
16409,-7.901,latin
16410,-6.965,latin
16411,-1.851,latin
16412,-3.237,latin
16413,-1.615,latin
16414,-2.527,latin
16415,-4.873,latin
16416,-6.438,latin
16417,-3.926,latin
16418,-9.003,latin
16419,-5.933,latin
16420,-4.983,latin
16421,-5.885,latin
16422,-3.713,latin
16423,-4.902,latin
16424,-5.255,latin
16425,-5.458,latin
16426,-4.23,latin
16427,-6.954,latin
16428,-5.48,latin
16429,-3.301,latin
16430,-3.361,latin
16488,-6.061,latin
16489,-8.017,latin
16490,-6.989,latin
16491,-11.775,latin
16492,-7.846,latin
16493,-7.178,latin
16494,-5.729,latin
16495,-7.594,latin
16496,-8.156,latin
16497,-9.795,latin
16498,-6.498,latin
16499,-10.085,latin
16500,-8.383,latin
16501,-8.02,latin
16502,-4.902,latin
16503,-13.506,latin
16504,-6.815,latin
16505,-6.96,latin
16506,-8.525,latin
16507,-4.523,latin
16508,-13.634,latin
16509,-4.141,latin
16517,-7.544,latin
16518,-13.781,latin
16603,-9.899,latin
16604,-11.462,latin
16605,-8.934,latin
16606,-8.455,latin
16607,-6.265,latin
16608,-9.977,latin
16609,-5.914,latin
16610,-9.056,latin
16611,-11.342,latin
16612,-9.281,latin
16613,-8.166,latin
16639,-6.264,latin
16640,-11.561,latin
16641,-18.254,latin
16642,-6.905,latin
16643,-8.666,latin
16644,-7.013,latin
16645,-9.147,latin
16646,-8.749,latin
16647,-7.623,latin
16746,-4.548,latin
16747,-9.753,latin
16748,-5.914,latin
16772,-6.197,latin
16773,-7.791,latin
16774,-6.218,latin
16775,-6.859,latin
16776,-7.049,latin
16777,-9.094,latin
16778,-7.989,latin
16779,-4.637,latin
16780,-3.721,latin
16781,-4.957,latin
16782,-11.126,latin
16783,-7.844,latin
16784,-13.262,latin
16785,-7.952,latin
16786,-11.43,latin
16787,-8.633,latin
16788,-3.461,latin
16789,-7.835,latin
16790,-7.757,latin
16791,-13.442,latin
16792,-7.556,latin
16793,-8.88,latin
16797,-4.414,latin
16798,-1.373,latin
16799,-8.537,latin
16800,-3.491,latin
16801,-13.201,latin
16802,-4.418,latin
16803,-3.953,latin
16804,-1.693,latin
16805,-6.468,latin
16806,-8.594,latin
16807,-3.826,latin
16808,-4.702,latin
16809,-4.302,latin
16810,-6.228,latin
16811,-3.582,latin
16812,-3.735,latin
16813,-3.795,latin
16814,-6.07,latin
16815,-7.062,latin
16816,-5.726,latin
16817,-3.911,latin
16818,-4.437,latin
16819,-3.899,latin
16820,-4.862,latin
16821,-5.512,latin
16822,-4.281,latin
16823,-6.715,latin
16824,-8.75,latin
16825,-6.765,latin
16826,-6.138,latin
16827,-3.999,latin
16828,-6.307,latin
16829,-7.175,latin
16830,-4.799,latin
16831,-10.83,latin
16832,-5.499,latin
16833,-7.456,latin
16834,-8.578,latin
16835,-5.032,latin
16836,-3.96,latin
16837,-8.56,latin
16838,-12.373,latin
16839,-4.021,latin
16840,-5.043,latin
16841,-7.154,latin
16842,-5.521,latin
16843,-5.917,latin
16844,-5.207,latin
16845,-7.507,latin
16846,-10.75,latin
16847,-4.466,latin
16848,-6.966,latin
16849,-9.785,latin
16850,-8.582,latin
16851,-8.727,latin
16852,-4.272,latin
16853,-5.322,latin
16854,-13.42,latin
16855,-3.416,latin
16856,-4.869,latin
16857,-4.486,latin
16858,-2.975,latin
16859,-5.507,latin
16860,-8.877,latin
16861,-7.177,latin
16862,-5.204,latin
16863,-4.574,latin
16864,-6.896,latin
16865,-7.422,latin
16866,-6.516,latin
16867,-6.51,latin
16868,-5.026,latin
16869,-9.124,latin
16870,-6.331,latin
16871,-11.096,latin
16872,-8.173,latin
16873,-10.409,latin
16874,-2.873,latin
16875,-5.078,latin
16880,-5.023,latin
16881,-8.778,latin
16882,-5.648,latin
16883,-5.287,latin
16884,-8.164,latin
16885,-5.157,latin
16886,-5.543,latin
16887,-7.913,latin
16888,-7.316,latin
16889,-5.219,latin
16890,-5.593,latin
16891,-7.748,latin
16892,-6.914,latin
16893,-8.175,latin
16894,-6.367,latin
16895,-12.278,latin
16896,-6.47,latin
16897,-8.14,latin
16898,-4.395,latin
16899,-7.473,latin
16900,-6.993,latin
16901,-5.352,latin
16902,-10.295,latin
16903,-5.925,latin
16904,-7.697,latin
16905,-8.247,latin
16906,-5.59,latin
16907,-8.308,latin
16908,-10.045,latin
16909,-3.708,latin
16910,-6.73,latin
16911,-10.325,latin
16912,-8.165,latin
16913,-3.545,latin
16914,-4.822,latin
16915,-13.067,latin
16916,-11.315,latin
16917,-6.468,latin
16918,-12.396,latin
16919,-10.788,latin
16920,-7.105,latin
16921,-8.037,latin
16922,-4.523,latin
16923,-1.236,latin
16924,-7.4,latin
16925,-4.867,latin
16926,-5.204,latin
16927,-6.982,latin
16928,-8.986,latin
16929,-5.511,latin
16930,-5.653,latin
16931,-6.167,latin
16932,-4.909,latin
16933,-5.779,latin
16934,-7.827,latin
16935,-8.846,latin
16936,-2.715,latin
16937,-6.365,latin
16938,-6.616,latin
16939,-8.604,latin
16942,-2.658,latin
16943,-7.391,latin
16944,-7.057,latin
16945,-7.882,latin
16946,-6.423,latin
16947,-6.594,latin
16948,-5.304,latin
16949,-7.327,latin
16950,-6.232,latin
16951,-7.082,latin
16952,-6.003,latin
16953,-4.816,latin
16954,-7.811,latin
16955,-4.241,latin
16956,-5.935,latin
16957,-5.011,latin
16958,-8.627,latin
16959,-11.67,latin
16960,-5.407,latin
16961,-5.843,latin
16962,-6.283,latin
16963,-7.099,latin
16967,-6.469,latin
16968,-5.671,latin
16969,-4.964,latin
16970,-4.088,latin
16971,-5.463,latin
16972,-6.474,latin
16973,-5.105,latin
16974,-7.289,latin
16975,-4.712,latin
16976,-9.673,latin
16977,-6.588,latin
16978,-5.375,latin
16979,-8.749,latin
16980,-7.556,latin
16981,-7.122,latin
16982,-6.852,latin
16983,-8.004,latin
17018,-8.804,latin
17027,-5.856,latin
17029,-11.256,latin
17030,-13.104,latin
17031,-4.344,latin
17032,-5.462,latin
17033,-2.003,latin
17034,-9.208,latin
17035,-6.856,latin
17051,-5.608,latin
17052,-7.636,latin
17053,-13.566,latin
17054,-7.844,latin
17055,-3.928,latin
17056,-6.664,latin
17066,-3.206,latin
17067,-6.017,latin
17076,-5.119,latin
17085,-6.162,latin
17089,-3.275,latin
17090,-6.496,latin
17091,-5.973,latin
17092,-6.166,latin
17093,-6.675,latin
17094,-3.16,latin
17096,-7.907,latin
17097,-3.369,latin
17098,-4.519,latin
17099,-5.25,latin
17100,-3.599,latin
17101,-4.692,latin
17102,-5.072,latin
17103,-8.758,latin
17104,-3.575,latin
17105,-5.202,latin
17106,-2.26,latin
17107,-7.938,latin
17108,-7.113,latin
17109,-3.246,latin
17111,-5.82,latin
17112,-17.997,latin
17113,-6.456,latin
17114,-3.792,latin
17115,-4.223,latin
17116,-4.752,latin
17117,-4.65,latin
17118,-5.663,latin
17136,-6.783,latin
17141,-6.289,latin
17142,-6.768,latin
17143,-4.146,latin
17145,-7.539,latin
17146,-4.705,latin
17421,-5.928,latin
17462,-4.803,latin
17468,-4.627,latin
17469,-9.075,latin
17470,-4.352,latin
17471,-4.057,latin
17473,-7.501,latin
17474,-4.973,latin
17475,-6.684,latin
17476,-4.875,latin
17477,-5.458,latin
17478,-5.449,latin
17479,-14.238,latin
17480,-6.076,latin
17552,-4.646,latin
17561,-7.638,latin
17562,-6.069,latin
17563,-5.865,latin
17564,-7.134,latin
17566,-4.284,latin
17570,-15.612,latin
17578,-0.739,latin
17588,-9.813,latin
17589,-4.954,latin
17590,-8.284,latin
17591,-4.172,latin
17592,-7.73,latin
17594,-10.277,latin
17595,-7.638,latin
17625,-6.775,latin
17626,-5.235,latin
17627,-7.334,latin
17628,-9.476,latin
17629,-7.176,latin
17630,-7.343,latin
17631,-8.111,latin
17632,-10.173,latin
17633,-5.824,latin
17634,-3.898,latin
17635,-3.627,latin
17636,-6.356,latin
17637,-8.036,latin
17638,-6.127,latin
17639,-7.134,latin
17640,-6.841,latin
17641,-6.276,latin
17642,-3.944,latin
17643,-4.232,latin
17644,-7.839,latin
17645,-9.54,latin
17646,-3.515,latin
17647,-3.683,latin
17648,-8.583,latin
17649,-6.731,latin
17650,-5.314,latin
17651,-5.201,latin
17652,-3.275,latin
17653,-6.222,latin
17654,-7.526,latin
17655,-6.075,latin
17656,-4.939,latin
17657,-15.139,latin
17658,-7.045,latin
17659,-7.786,latin
17660,-3.665,latin
17661,-8.026,latin
17662,-10.774,latin
17663,-7.128,latin
17664,-6.886,latin
17665,-6.404,latin
17666,-5.472,latin
17667,-9.212,latin
17668,-7.039,latin
17669,-13.336,latin
17670,-6.924,latin
17671,-14.762,latin
17672,-7.716,latin
17673,-5.735,latin
17674,-8.504,latin
17675,-8.785,latin
17676,-5.101,latin
17677,-3.818,latin
17679,-6.971,latin
17680,-4.237,latin
17681,-6.758,latin
17682,-10.579,latin
17683,-11.298,latin
17684,-6.042,latin
17685,-10.379,latin
17686,-11.435,latin
17687,-5.134,latin
17689,-6.894,latin
17690,-4.269,latin
17691,-7.288,latin
17692,-4.417,latin
17693,-6.531,latin
17694,-3.997,latin
17695,-7.111,latin
17696,-13.995,latin
17697,-3.931,latin
17698,-4.248,latin
17699,-7.555,latin
17700,-4.767,latin
17701,-5.659,latin
17702,-5.144,latin
17703,-4.511,latin
17704,-10.729,latin
17705,-4.717,latin
17706,-7.22,latin
17707,-3.443,latin
17708,-5.312,latin
17709,-5.909,latin
17710,-1.457,latin
17711,-5.594,latin
17712,-5.5,latin
17713,-5.222,latin
17714,-6.161,latin
17715,-3.799,latin
17717,-4.71,latin
17724,-6.204,latin
17731,-4.704,latin
17732,-11.112,latin
17733,-4.301,latin
17734,-6.83,latin
17735,-3.316,latin
17736,-7.338,latin
17737,-8.174,latin
17738,-3.606,latin
17739,-3.243,latin
17740,-8.653,latin
17741,-6.626,latin
17742,-6.606,latin
17743,-7.26,latin
17744,-9.403,latin
17745,-6.046,latin
17746,-7.464,latin
17747,-8.79,latin
17748,-3.909,latin
17749,-3.373,latin
17750,-8.264,latin
17751,-8.085,latin
17752,-5.997,latin
17753,-4.269,latin
17754,-7.567,latin
17755,-4.261,latin
17756,-4.397,latin
17757,-7.375,latin
17758,-9.182,latin
17759,-6.346,latin
17760,-4.758,latin
17761,-8.922,latin
17762,-3.671,latin
17763,-5.783,latin
17764,-5.779,latin
17765,-5.441,latin
17766,-3.056,latin
17767,-4.34,latin
17768,-9.213,latin
17788,-5.409,latin
17789,-6.085,latin
17790,-5.996,latin
17791,-5.547,latin
17792,-5.519,latin
17793,-5.186,latin
17794,-8.673,latin
17795,-3.523,latin
17828,-8.809,latin
17835,-11.72,latin
17836,-4.863,latin
17837,-11.803,latin
17838,-12.242,latin
17839,-6.853,latin
17840,-11.451,latin
17841,-6.71,latin
17842,-10.867,latin
17843,-9.858,latin
17844,-5.136,latin
17845,-5.466,latin
17854,-14.598,latin
17855,-13.816,latin
17856,-4.663,latin
17857,-8.363,latin
17858,-7.521,latin
17859,-6.757,latin
17860,-3.105,latin
17861,-6.963,latin
17862,-8.81,latin
17864,-5.499,latin
17865,-12.603,latin
17866,-8.55,latin
17867,-11.155,latin
17868,-12.175,latin
17869,-9.586,latin
17870,-4.755,latin
17871,-12.422,latin
17892,-6.786,latin
17893,-8.115,latin
17894,-9.817,latin
17895,-6.222,latin
17896,-19.525,latin
17897,-11.527,latin
17899,-16.46,latin
17907,-12.454,latin
17908,-4.002,latin
17909,-4.529,latin
17910,-4.802,latin
17911,-6.341,latin
17912,-13.731,latin
17913,-4.686,latin
17914,-6.01,latin
17915,-5.217,latin
17916,-5.544,latin
17917,-8.75,latin
17918,-10.111,latin
17919,-6.004,latin
17920,-6.809,latin
17921,-11.807,latin
17922,-24.89,latin
17923,-9.373,latin
17924,-10.56,latin
17925,-8.137,latin
17926,-10.944,latin
17927,-6.028,latin
17928,-3.736,latin
17929,-5.757,latin
17930,-4.54,latin
17931,-8.481,latin
17932,-8.72,latin
17933,-8.867,latin
17934,-13.156,latin
17935,-8.969,latin
17936,-8.984,latin
17937,-6.976,latin
17938,-11.525,latin
17939,-9.258,latin
17940,-8.491,latin
17941,-11.633,latin
17942,-9.408,latin
17943,-11.752,latin
17944,-10.291,latin
17945,-5.497,latin
17946,-7.027,latin
17947,-8.296,latin
17948,-7.567,latin
17949,-5.691,latin
17950,-6.158,latin
17951,-15.325,latin
17952,-9.599,latin
17953,-6.131,latin
17954,-7.624,latin
17955,-10.84,latin
17956,-9.497,latin
17957,-7.136,latin
17958,-9.901,latin
17959,-8.537,latin
17960,-15.369,latin
17961,-9.423,latin
17962,-6.627,latin
17963,-6.88,latin
17964,-6.438,latin
17965,-12.493,latin
17966,-9.138,latin
17967,-9.126,latin
17968,-7.973,latin
17969,-8.111,latin
17970,-10.391,latin
17971,-7.917,latin
17972,-11.138,latin
17973,-8.196,latin
17974,-10.146,latin
17975,-13.398,latin
17976,-9.049,latin
17977,-6.086,latin
17978,-4.1,latin
19002,-7.786,latin
20195,-10.527,latin
20196,-10.37,latin
20407,-5.423,latin
20415,-10.511,latin
20416,-3.817,latin
20417,-5.348,latin
20418,-6.39,latin
20419,-5.527,latin
20420,-7.204,latin
20421,-5.043,latin
20422,-4.959,latin
20423,-7.994,latin
20425,-4.607,latin
20426,-4.009,latin
20427,-6.159,latin
20428,-5.453,latin
20429,-5.865,latin
20430,-7.704,latin
20432,-6.821,latin
20433,-2.887,latin
20434,-8.589,latin
20435,-6.42,latin
20436,-3.804,latin
20437,-4.775,latin
20438,-7.541,latin
20439,-5.338,latin
20440,-6.087,latin
20442,-6.177,latin
20443,-7.65,latin
20444,-8.149,latin
20445,-5.811,latin
20446,-12.101,latin
20447,-5.824,latin
20448,-6.642,latin
20472,-5.498,latin
20479,-9.608,latin
20480,-6.958,latin
20481,-5.834,latin
20482,-9.235,latin
20483,-7.715,latin
20484,-5.217,latin
20485,-5.473,latin
20486,-7.171,latin
20487,-6.604,latin
20488,-7.905,latin
20489,-5.899,latin
20490,-7.128,latin
20491,-8.398,latin
20492,-6.415,latin
20493,-5.951,latin
20494,-7.635,latin
20495,-4.61,latin
20496,-6.083,latin
20497,-5.892,latin
20498,-5.67,latin
20499,-4.913,latin
20500,-4.915,latin
20501,-3.825,latin
20502,-4.521,latin
20503,-9.174,latin
20504,-4.832,latin
20505,-7.501,latin
20506,-6.373,latin
20507,-6.272,latin
20508,-6.995,latin
20509,-4.438,latin
20510,-6.143,latin
20511,-7.129,latin
20512,-4.405,latin
20513,-8.271,latin
20514,-5.885,latin
20515,-3.54,latin
20516,-5.746,latin
20517,-5.55,latin
20518,-8.096,latin
20519,-3.686,latin
20520,-3.182,latin
20521,-4.672,latin
20522,-3.373,latin
20523,-6.971,latin
20524,-4.727,latin
20525,-8.392,latin
20526,-5.155,latin
20527,-5.311,latin
20528,-5.707,latin
20529,-5.046,latin
20530,-4.912,latin
20531,-6.468,latin
20532,-5.805,latin
20533,-5.684,latin
20534,-4.959,latin
20535,-6.682,latin
20536,-4.399,latin
20537,-4.205,latin
20539,-3.87,latin
20540,-2.595,latin
20541,-5.818,latin
20542,-5.478,latin
20543,-5.4,latin
20544,-4.55,latin
20545,-7.347,latin
20662,-13.812,latin
20814,-12.552,latin
20815,-7.593,latin
20816,-11.947,latin
20822,-15.986,latin
20823,-10.651,latin
20824,-13.574,latin
20825,-10.593,latin
20839,-8.916,latin
20840,-10.508,latin
20841,-10.631,latin
20842,-9.05,latin
20843,-12.236,latin
20844,-11.355,latin
20845,-9.947,latin
20846,-8.723,latin
20847,-7.489,latin
20848,-7.442,latin
20849,-9.799,latin
20850,-10.597,latin
20851,-10.497,latin
20852,-15.537,latin
20854,-14.356,latin
20855,-12.749,latin
20856,-11.444,latin
20857,-10.818,latin
20858,-13.747,latin
20859,-14.05,latin
20860,-12.701,latin
20861,-11.413,latin
20862,-9.559,latin
20863,-10.795,latin
20909,-8.895,latin
20932,-13.049,latin
20933,-5.607,latin
20934,-6.547,latin
20935,-12.769,latin
20944,-11.259,latin
20949,-5.717,latin
20950,-10.808,latin
20951,-10.076,latin
20952,-12.494,latin
20953,-13.061,latin
20954,-7.348,latin
20962,-7.477,latin
20963,-12.559,latin
20965,-10.295,latin
20966,-7.878,latin
20967,-8.947,latin
20968,-6.366,latin
20969,-14.065,latin
20970,-6.692,latin
20971,-8.169,latin
20972,-11.321,latin
20973,-16.934,latin
20974,-7.431,latin
20975,-7.561,latin
20976,-10.409,latin
20977,-9.894,latin
20980,-10.686,latin
20981,-11.434,latin
20982,-10.263,latin
20983,-11.975,latin
20984,-11.474,latin
20985,-10.202,latin
20989,-10.931,latin
20996,-4.446,latin
20997,-12.16,latin
20998,-12.217,latin
20999,-10.721,latin
21000,-10.089,latin
21001,-11.123,latin
21002,-13.193,latin
21003,-13.407,latin
21004,-11.809,latin
21005,-11.328,latin
21006,-13.51,latin
21007,-4.046,latin
21008,-12.827,latin
21009,-13.388,latin
21010,-15.581,latin
21011,-12.606,latin
21012,-12.546,latin
21013,-13.367,latin
21014,-13.815,latin
21015,-10.827,latin
21016,-10.487,latin
21170,-9.876,latin
21171,-9.098,latin
21172,-11.201,latin
21173,-10.699,latin
21174,-6.204,latin
21175,-11.028,latin
21176,-10.701,latin
21177,-7.533,latin
21178,-5.768,latin
21179,-9.331,latin
21180,-8.435,latin
21181,-9.653,latin
21182,-5.751,latin
21183,-10.493,latin
21184,-7.17,latin
21185,-6.877,latin
21186,-10.661,latin
21187,-5.891,latin
21188,-8.796,latin
21189,-9.233,latin
21190,-8.407,latin
21191,-11.561,latin
21192,-8.874,latin
21193,-7.657,latin
21194,-7.666,latin
21195,-4.763,latin
21196,-10.058,latin
21197,-8.136,latin
21198,-12.293,latin
21199,-9.153,latin
21200,-4.371,latin
21201,-6.777,latin
21202,-7.782,latin
21203,-8.169,latin
21204,-9.48,latin
21205,-7.56,latin
21206,-4.76,latin
21207,-9.08,latin
21208,-5.653,latin
21209,-8.162,latin
21210,-6.636,latin
21211,-14.387,latin
21212,-11.799,latin
21213,-9.251,latin
21214,-8.385,latin
21215,-5.099,latin
21216,-5.666,latin
21217,-11.634,latin
21218,-7.091,latin
21219,-8.357,latin
21220,-12.945,latin
21221,-9.852,latin
21222,-9.853,latin
21223,-7.24,latin
21224,-5.048,latin
21225,-8.613,latin
21226,-7.283,latin
21227,-10.04,latin
21228,-8.881,latin
21229,-6.044,latin
21230,-5.533,latin
21231,-5.416,latin
21232,-11.85,latin
21233,-4.666,latin
21234,-5.438,latin
21235,-5.174,latin
21236,-4.87,latin
21237,-5.766,latin
21238,-4.905,latin
21239,-4.142,latin
21240,-6.78,latin
21241,-5.253,latin
21242,-6.945,latin
21243,-7.399,latin
21244,-5.693,latin
21245,-4.958,latin
21246,-5.989,latin
21247,-5.913,latin
21248,-6.262,latin
21249,-7.171,latin
21250,-6.305,latin
21251,-4.725,latin
21252,-9.47,latin
21253,-12.206,latin
21254,-7.606,latin
21255,-6.001,latin
21256,-6.393,latin
21257,-7.069,latin
21258,-7.183,latin
21259,-5.414,latin
21260,-7.077,latin
21261,-5.789,latin
21262,-5.578,latin
21263,-12.487,latin
21264,-7.096,latin
21265,-7.307,latin
21266,-5.402,latin
21267,-6.904,latin
21268,-2.84,latin
21269,-6.669,latin
21270,-4.73,latin
21271,-9.859,latin
21272,-6.189,latin
21273,-3.117,latin
21274,-5.394,latin
21275,-7.543,latin
21276,-8.375,latin
23044,-4.219,latin
23045,-3.702,latin
23046,-4.443,latin
23048,-4.931,latin
23050,-6.039,latin
23051,-5.568,latin
23052,-5.679,latin
23054,-7.037,latin
23055,-4.726,latin
23056,-7.536,latin
23057,-14.454,latin
23058,-9.005,latin
23059,-4.306,latin
23060,-5.857,latin
23061,-8.09,latin
23062,-4.677,latin
23063,-5.599,latin
23064,-10.086,latin
23065,-3.497,latin
23066,-10.938,latin
23067,-4.791,latin
23068,-4.209,latin
23069,-6.554,latin
23070,-4.075,latin
23071,-7.209,latin
23072,-6.713,latin
23073,-6.406,latin
23074,-6.376,latin
23075,-6.672,latin
23076,-6.684,latin
23077,-6.146,latin
23078,-10.182,latin
23079,-5.184,latin
23080,-6.35,latin
23081,-7.811,latin
23082,-5.59,latin
23083,-7.109,latin
23084,-10.278,latin
23085,-7.899,latin
23086,-7.043,latin
23087,-5.574,latin
23088,-8.113,latin
23089,-5.844,latin
23090,-5.127,latin
23091,-7.818,latin
23092,-3.714,latin
23093,-8.106,latin
23094,-5.242,latin
23095,-8.575,latin
23096,-7.906,latin
23097,-2.853,latin
23098,-6.213,latin
23099,-2.758,latin
23100,-4.198,latin
23101,-5.318,latin
23102,-5.076,latin
23103,-8.764,latin
23104,-4.858,latin
23105,-7.325,latin
23106,-6.687,latin
23107,-4.577,latin
23108,-8.212,latin
23109,-12.92,latin
23110,-6.024,latin
23111,-6.756,latin
23112,-6.998,latin
23113,-7.159,latin
23114,-8.953,latin
23115,-2.253,latin
23116,-4.258,latin
23117,-5.616,latin
23118,-5.831,latin
23119,-3.675,latin
23120,-2.868,latin
23121,-4.85,latin
23122,-6.594,latin
23123,-5.041,latin
23124,-6.439,latin
23125,-4.711,latin
23126,-4.045,latin
23127,-8.866,latin
23128,-11.265,latin
23129,-5.634,latin
23130,-6.0,latin
23131,-4.641,latin
23132,-5.883,latin
23133,-3.967,latin
23134,-5.457,latin
23135,-6.806,latin
23136,-4.521,latin
23137,-6.4,latin
23138,-3.841,latin
23139,-8.756,latin
23140,-8.206,latin
23141,-18.717,latin
23142,-9.918,latin
