,valence,playlist_genre
14,0.833,pop
15,0.52,pop
16,0.794,pop
17,0.457,pop
21,0.363,pop
24,0.817,pop
111,0.912,pop
112,0.759,pop
113,0.807,pop
114,0.566,pop
115,0.961,pop
116,0.898,pop
123,0.714,pop
124,0.759,pop
125,0.546,pop
127,0.188,pop
128,0.15,pop
129,0.798,pop
130,0.653,pop
131,0.872,pop
132,0.365,pop
144,0.125,pop
152,0.578,pop
153,0.613,pop
159,0.648,pop
174,0.91,pop
183,0.622,pop
193,0.87,pop
194,0.75,pop
195,0.239,pop
196,0.504,pop
370,0.456,pop
371,0.397,pop
372,0.391,pop
373,0.61,pop
374,0.744,pop
375,0.566,pop
376,0.827,pop
377,0.514,pop
378,0.567,pop
379,0.18,pop
380,0.32,pop
381,0.694,pop
382,0.451,pop
383,0.473,pop
384,0.669,pop
385,0.713,pop
386,0.888,pop
673,0.516,pop
674,0.492,pop
675,0.61,pop
676,0.976,pop
677,0.333,pop
678,0.221,pop
679,0.226,pop
680,0.697,pop
681,0.473,pop
682,0.394,pop
683,0.844,pop
684,0.449,pop
685,0.647,pop
686,0.647,pop
687,0.526,pop
704,0.744,pop
705,0.658,pop
706,0.121,pop
707,0.152,pop
708,0.512,pop
709,0.366,pop
710,0.508,pop
711,0.759,pop
712,0.218,pop
713,0.703,pop
714,0.827,pop
715,0.803,pop
766,0.406,pop
767,0.27,pop
768,0.231,pop
769,0.201,pop
770,0.348,pop
771,0.832,pop
772,0.387,pop
773,0.41,pop
774,0.683,pop
775,0.238,pop
776,0.814,pop
777,0.759,pop
778,0.758,pop
779,0.916,pop
780,0.475,pop
781,0.577,pop
782,0.53,pop
783,0.827,pop
784,0.355,pop
785,0.975,pop
786,0.87,pop
787,0.213,pop
788,0.445,pop
789,0.854,pop
790,0.638,pop
791,0.706,pop
792,0.535,pop
793,0.335,pop
794,0.404,pop
795,0.619,pop
796,0.276,pop
797,0.441,pop
798,0.528,pop
802,0.53,pop
803,0.281,pop
804,0.692,pop
805,0.34,pop
806,0.393,pop
814,0.215,pop
816,0.151,pop
817,0.708,pop
819,0.484,pop
820,0.123,pop
821,0.127,pop
822,0.72,pop
823,0.256,pop
824,0.242,pop
825,0.642,pop
826,0.651,pop
827,0.503,pop
828,0.37,pop
829,0.632,pop
830,0.374,pop
831,0.164,pop
832,0.426,pop
841,0.0467,pop
842,0.963,pop
843,0.587,pop
844,0.733,pop
845,0.417,pop
846,0.697,pop
848,0.585,pop
849,0.451,pop
850,0.762,pop
851,0.274,pop
852,0.65,pop
853,0.49,pop
854,0.478,pop
855,0.777,pop
869,0.8,pop
880,0.575,pop
881,0.252,pop
882,0.287,pop
883,0.644,pop
884,0.161,pop
896,0.375,pop
905,0.31,pop
906,0.66,pop
909,0.268,pop
910,0.709,pop
911,0.128,pop
912,0.63,pop
913,0.753,pop
916,0.325,pop
917,0.692,pop
918,0.34,pop
919,0.657,pop
920,0.388,pop
921,0.695,pop
922,0.9,pop
1000,0.138,pop
1010,0.0358,pop
1019,0.645,pop
1020,0.534,pop
1048,0.219,pop
1049,0.307,pop
1050,0.284,pop
1051,0.0652,pop
1059,0.392,pop
1076,0.167,pop
1077,0.395,pop
1093,0.266,pop
1094,0.788,pop
1095,0.353,pop
1107,0.151,pop
1115,0.413,pop
1116,0.32,pop
1117,0.0909,pop
1118,0.425,pop
1119,0.225,pop
1120,0.4,pop
1987,0.81,pop
1988,0.659,pop
1989,0.586,pop
1990,0.64,pop
1991,0.399,pop
1999,0.744,pop
2000,0.511,pop
2001,0.682,pop
2002,0.562,pop
2003,0.615,pop
2004,0.429,pop
2005,0.465,pop
2006,0.424,pop
2007,0.435,pop
2029,0.704,pop
2030,0.448,pop
2031,0.452,pop
2033,0.615,pop
2034,0.576,pop
2035,0.562,pop
2036,0.284,pop
2037,0.844,pop
2038,0.59,pop
2039,0.616,pop
2040,0.786,pop
2041,0.315,pop
2046,0.744,pop
2047,0.627,pop
2048,0.669,pop
2049,0.713,pop
2050,0.483,pop
2061,0.607,pop
2062,0.582,pop
2063,0.483,pop
2064,0.483,pop
2065,0.961,pop
2066,0.634,pop
2067,0.538,pop
2068,0.206,pop
2070,0.612,pop
2117,0.781,pop
2118,0.612,pop
2119,0.492,pop
2120,0.322,pop
2121,0.785,pop
2122,0.74,pop
2123,0.775,pop
2124,0.657,pop
2125,0.734,pop
2142,0.434,pop
2143,0.478,pop
2161,0.782,pop
2162,0.27,pop
2182,0.364,pop
2183,0.839,pop
2184,0.575,pop
2185,0.939,pop
2186,0.605,pop
2450,0.13,pop
2451,0.311,pop
2452,0.692,pop
2453,0.877,pop
2454,0.483,pop
2455,0.0551,pop
2456,0.897,pop
2457,0.847,pop
2458,0.519,pop
2459,0.393,pop
2460,0.173,pop
2461,0.333,pop
2462,0.306,pop
2463,0.84,pop
2464,0.573,pop
2465,0.535,pop
2466,0.505,pop
2467,0.506,pop
2468,0.524,pop
2469,0.374,pop
2470,0.852,pop
2471,0.547,pop
2485,0.831,pop
2486,0.443,pop
2487,0.183,pop
2488,0.243,pop
2489,0.336,pop
2490,0.933,pop
2491,0.463,pop
2492,0.8,pop
2493,0.0698,pop
2511,0.92,pop
2512,0.594,pop
2513,0.467,pop
2514,0.77,pop
2515,0.964,pop
2516,0.935,pop
2517,0.537,pop
2518,0.458,pop
2519,0.624,pop
2520,0.916,pop
2521,0.367,pop
2522,0.556,pop
2523,0.771,pop
2525,0.92,pop
2526,0.572,pop
2642,0.217,pop
2643,0.377,pop
2644,0.929,pop
2645,0.309,pop
2646,0.331,pop
2647,0.57,pop
2648,0.613,pop
2649,0.485,pop
2650,0.903,pop
2651,0.346,pop
2652,0.329,pop
2653,0.58,pop
2654,0.626,pop
2693,0.543,pop
2701,0.466,pop
2702,0.487,pop
2703,0.764,pop
2704,0.397,pop
2705,0.935,pop
2706,0.22,pop
2707,0.356,pop
2708,0.248,pop
2709,0.238,pop
2710,0.146,pop
2711,0.222,pop
2712,0.492,pop
2713,0.361,pop
2714,0.324,pop
2715,0.237,pop
2795,0.212,pop
2796,0.198,pop
2797,0.235,pop
2798,0.239,pop
2799,0.194,pop
2800,0.686,pop
2801,0.675,pop
2802,0.206,pop
2803,0.769,pop
2804,0.532,pop
2805,0.618,pop
2806,0.663,pop
2807,0.443,pop
2808,0.327,pop
2809,0.333,pop
2810,0.684,pop
2830,0.759,pop
2831,0.551,pop
2832,0.121,pop
2835,0.256,pop
2836,0.765,pop
2837,0.85,pop
2848,0.936,pop
2849,0.905,pop
2850,0.793,pop
2851,0.529,pop
2852,0.681,pop
2853,0.749,pop
2854,0.763,pop
2874,0.742,pop
2875,0.751,pop
2893,0.574,pop
2894,0.596,pop
2895,0.892,pop
2896,0.51,pop
2897,0.744,pop
2898,0.541,pop
2899,0.819,pop
2900,0.692,pop
2901,0.77,pop
2902,0.547,pop
2903,0.594,pop
2904,0.783,pop
2905,0.741,pop
2906,0.864,pop
2907,0.586,pop
2908,0.457,pop
2909,0.255,pop
2966,0.376,pop
2968,0.387,pop
2969,0.549,pop
2970,0.598,pop
2971,0.521,pop
2972,0.3,pop
2973,0.268,pop
2974,0.447,pop
2975,0.524,pop
2976,0.13,pop
2977,0.257,pop
2978,0.424,pop
2979,0.253,pop
2980,0.524,pop
2981,0.419,pop
2982,0.579,pop
2983,0.874,pop
2984,0.962,pop
3004,0.188,pop
3005,0.385,pop
3006,0.04,pop
3007,0.121,pop
3008,0.201,pop
3009,0.396,pop
3010,0.132,pop
3011,0.374,pop
3012,0.502,pop
3013,0.656,pop
3014,0.634,pop
3029,0.552,pop
3030,0.295,pop
3031,0.327,pop
3032,0.46,pop
3033,0.248,pop
3034,0.283,pop
3035,0.329,pop
3036,0.433,pop
3037,0.492,pop
3046,0.59,pop
3047,0.252,pop
3048,0.498,pop
3049,0.48,pop
3053,0.37,pop
3055,0.148,pop
3073,0.568,pop
3074,0.512,pop
3107,0.611,pop
3118,0.176,pop
3119,0.197,pop
3121,0.233,pop
3122,0.482,pop
3139,0.781,pop
3143,0.244,pop
3144,0.159,pop
3404,0.461,pop
3416,0.752,pop
3417,0.485,pop
3418,0.261,pop
3419,0.59,pop
3420,0.705,pop
3421,0.699,pop
3422,0.239,pop
3423,0.758,pop
3427,0.781,pop
3430,0.372,pop
3612,0.879,pop
3613,0.687,pop
3616,0.892,pop
3617,0.697,pop
3618,0.838,pop
3619,0.266,pop
3620,0.765,pop
3621,0.318,pop
3622,0.149,pop
3623,0.207,pop
3624,0.628,pop
3625,0.594,pop
3626,0.63,pop
3627,0.594,pop
3628,0.866,pop
3630,0.45,pop
3631,0.953,pop
3632,0.101,pop
3633,0.727,pop
3634,0.543,pop
3635,0.708,pop
3636,0.351,pop
3637,0.427,pop
3638,0.872,pop
3653,0.228,pop
3680,0.597,pop
3681,0.967,pop
3683,0.784,pop
3689,0.752,pop
3690,0.479,pop
3691,0.386,pop
3695,0.636,pop
3696,0.62,pop
3697,0.399,pop
3698,0.366,pop
3699,0.791,pop
3700,0.496,pop
3701,0.229,pop
3702,0.599,pop
3717,0.748,pop
3718,0.342,pop
3722,0.418,pop
3723,0.905,pop
3724,0.581,pop
3725,0.422,pop
3726,0.427,pop
3727,0.248,pop
3728,0.486,pop
3755,0.463,pop
3756,0.555,pop
3757,0.22,pop
3758,0.467,pop
3759,0.786,pop
3760,0.843,pop
3761,0.466,pop
3762,0.52,pop
3800,0.675,pop
3827,0.855,pop
3828,0.736,pop
3829,0.549,pop
3830,0.782,pop
3831,0.818,pop
3832,0.444,pop
3833,0.79,pop
3834,0.136,pop
3835,0.449,pop
3836,0.426,pop
3837,0.753,pop
3838,0.465,pop
3839,0.702,pop
3840,0.726,pop
3841,0.872,pop
3843,0.879,pop
3844,0.699,pop
3845,0.955,pop
3849,0.844,pop
3850,0.77,pop
3857,0.711,pop
3859,0.534,pop
3860,0.502,pop
3862,0.261,pop
3874,0.795,pop
3875,0.583,pop
3876,0.538,pop
3877,0.685,pop
3880,0.428,pop
3881,0.412,pop
3882,0.585,pop
3883,0.345,pop
3884,0.213,pop
3885,0.472,pop
3933,0.809,pop
3934,0.524,pop
3935,0.723,pop
3936,0.0519,pop
3937,0.811,pop
3938,0.441,pop
3939,0.5,pop
3940,0.431,pop
3941,0.304,pop
3945,0.581,pop
3946,0.471,pop
3947,0.562,pop
3948,0.399,pop
3949,0.753,pop
3950,0.476,pop
3951,0.398,pop
3952,0.387,pop
3964,0.836,pop
3965,0.389,pop
4077,0.45,pop
4080,0.707,pop
4081,0.634,pop
4082,0.24,pop
4083,0.833,pop
4084,0.824,pop
4085,0.422,pop
4086,0.639,pop
4087,0.538,pop
4088,0.506,pop
4090,0.612,pop
4091,0.24,pop
4092,0.599,pop
4093,0.735,pop
4094,0.687,pop
4095,0.882,pop
4096,0.595,pop
4097,0.332,pop
4098,0.503,pop
4099,0.743,pop
4100,0.505,pop
4101,0.422,pop
4102,0.898,pop
4103,0.736,pop
4104,0.413,pop
4105,0.594,pop
4106,0.687,pop
4107,0.779,pop
4108,0.85,pop
4109,0.609,pop
4110,0.692,pop
4111,0.395,pop
4112,0.751,pop
4113,0.905,pop
4114,0.795,pop
4115,0.878,pop
4116,0.422,pop
4117,0.963,pop
4118,0.222,pop
4119,0.529,pop
4120,0.205,pop
4121,0.568,pop
4122,0.532,pop
4123,0.761,pop
4124,0.642,pop
4125,0.722,pop
4126,0.616,pop
4127,0.518,pop
4135,0.491,pop
4136,0.113,pop
4137,0.635,pop
4138,0.562,pop
4139,0.451,pop
4140,0.587,pop
4141,0.941,pop
4142,0.723,pop
4143,0.704,pop
4144,0.638,pop
4145,0.506,pop
4146,0.388,pop
4148,0.299,pop
4157,0.572,pop
4180,0.335,pop
4181,0.11,pop
4182,0.47,pop
4186,0.684,pop
4187,0.556,pop
4188,0.59,pop
4189,0.511,pop
4196,0.622,pop
4197,0.737,pop
4198,0.24,pop
4199,0.464,pop
4200,0.385,pop
4201,0.491,pop
4202,0.376,pop
4203,0.622,pop
4204,0.325,pop
4205,0.233,pop
4206,0.348,pop
4207,0.479,pop
4208,0.155,pop
4209,0.78,pop
4215,0.487,pop
4216,0.661,pop
4219,0.527,pop
4221,0.486,pop
4222,0.575,pop
4223,0.296,pop
4238,0.346,pop
4244,0.527,pop
4245,0.179,pop
4246,0.576,pop
4247,0.169,pop
4248,0.645,pop
4249,0.199,pop
4250,0.0504,pop
4251,0.666,pop
4254,0.595,pop
4255,0.253,pop
4256,0.48,pop
4257,0.327,pop
4258,0.81,pop
4259,0.533,pop
4260,0.616,pop
4261,0.511,pop
4262,0.341,pop
4263,0.358,pop
4264,0.749,pop
4265,0.416,pop
4266,0.451,pop
4267,0.651,pop
4268,0.377,pop
4269,0.622,pop
4270,0.262,pop
4271,0.122,pop
4272,0.519,pop
4282,0.702,pop
4283,0.531,pop
4284,0.478,pop
4285,0.485,pop
4286,0.472,pop
4287,0.0492,pop
4288,0.728,pop
4289,0.679,pop
4290,0.63,pop
4291,0.231,pop
4292,0.582,pop
4293,0.384,pop
4294,0.444,pop
4295,0.836,pop
4296,0.662,pop
4297,0.699,pop
4298,0.165,pop
4299,0.499,pop
4300,0.277,pop
4301,0.466,pop
4302,0.34,pop
4303,0.518,pop
4304,0.342,pop
4305,0.641,pop
4306,0.759,pop
4307,0.672,pop
4308,0.185,pop
4309,0.6,pop
4310,0.472,pop
4461,0.685,pop
4462,0.51,pop
4463,0.522,pop
4464,0.171,pop
4465,0.852,pop
4466,0.423,pop
4467,0.474,pop
4468,0.524,pop
4469,0.678,pop
4470,0.438,pop
4471,0.774,pop
4472,0.484,pop
4473,0.466,pop
4474,0.24,pop
4475,0.648,pop
4476,0.672,pop
4477,0.373,pop
4478,0.613,pop
4479,0.717,pop
4480,0.413,pop
4481,0.381,pop
4482,0.707,pop
4483,0.653,pop
4564,0.594,pop
4565,0.369,pop
4566,0.484,pop
4570,0.916,pop
4571,0.575,pop
4572,0.434,pop
4573,0.437,pop
4574,0.104,pop
4575,0.409,pop
4577,0.35,pop
4578,0.93,pop
4579,0.448,pop
4580,0.354,pop
4584,0.771,pop
4585,0.336,pop
4586,0.542,pop
4587,0.575,pop
4588,0.773,pop
4628,0.47,pop
4642,0.53,pop
4643,0.486,pop
4997,0.338,pop
4998,0.653,pop
4999,0.639,pop
5000,0.507,pop
5001,0.45,pop
5002,0.475,pop
5003,0.287,pop
5004,0.565,pop
5005,0.473,pop
5006,0.457,pop
5007,0.468,pop
5008,0.533,pop
5009,0.14,pop
5010,0.654,pop
5011,0.67,pop
5028,0.417,pop
5029,0.811,pop
5052,0.727,pop
5053,0.687,pop
5054,0.604,pop
5055,0.479,pop
5056,0.793,pop
5057,0.894,pop
5058,0.351,pop
5059,0.643,pop
5060,0.503,pop
5061,0.587,pop
5062,0.358,pop
5063,0.368,pop
5064,0.678,pop
5065,0.336,pop
5066,0.371,pop
5071,0.819,pop
5073,0.752,pop
5074,0.531,pop
5075,0.152,pop
5076,0.725,pop
5077,0.277,pop
5118,0.659,pop
5159,0.566,pop
5171,0.41,pop
5172,0.12,pop
5173,0.586,pop
5174,0.663,pop
5175,0.288,pop
5176,0.442,pop
5177,0.495,pop
5178,0.659,pop
5179,0.681,pop
5180,0.693,pop
5181,0.707,pop
5182,0.232,pop
5183,0.453,pop
5184,0.292,pop
5185,0.47,pop
5186,0.664,pop
5187,0.501,pop
5188,0.751,pop
5189,0.509,pop
5190,0.169,pop
5191,0.225,pop
5192,0.394,pop
5206,0.468,pop
5208,0.459,pop
5209,0.959,pop
5210,0.397,pop
5212,0.422,pop
5218,0.365,pop
5219,0.951,pop
5220,0.623,pop
5221,0.77,pop
5222,0.589,pop
5228,0.639,pop
5229,0.962,pop
5230,0.242,pop
5231,0.355,pop
5233,0.469,pop
5234,0.553,pop
5235,0.672,pop
5236,0.63,pop
5619,0.599,pop
5620,0.479,pop
5621,0.901,pop
5622,0.234,pop
5628,0.343,pop
5629,0.868,pop
5630,0.52,pop
5631,0.439,pop
5632,0.7,pop
5633,0.417,pop
5634,0.681,pop
5635,0.293,pop
5636,0.111,pop
5637,0.338,pop
5638,0.143,pop
5639,0.641,pop
5640,0.676,pop
5641,0.411,pop
5642,0.572,pop
5643,0.397,pop
5644,0.437,pop
5645,0.443,pop
5646,0.161,pop
5647,0.469,pop
5648,0.304,pop
5649,0.355,pop
5650,0.429,pop
5651,0.789,pop
5652,0.43,pop
5653,0.448,pop
5654,0.451,pop
5655,0.203,pop
5656,0.705,pop
5657,0.348,pop
5658,0.53,pop
5659,0.388,pop
5660,0.429,pop
5661,0.34,pop
5662,0.265,pop
5780,0.369,pop
5781,0.364,pop
5782,0.312,pop
5783,0.424,pop
5784,0.884,pop
5785,0.156,pop
5786,0.477,pop
5787,0.526,pop
5788,0.856,pop
5789,0.403,pop
5790,0.658,pop
5791,0.756,pop
5792,0.228,pop
5793,0.505,pop
5794,0.499,pop
5795,0.482,pop
5796,0.536,pop
5811,0.284,pop
5812,0.123,pop
5813,0.17,pop
5871,0.474,pop
5872,0.492,pop
5900,0.53,pop
5901,0.135,pop
5920,0.119,pop
5921,0.241,pop
5922,0.528,pop
5923,0.759,pop
5924,0.829,pop
5925,0.202,pop
5926,0.862,pop
5927,0.674,pop
5928,0.841,pop
5942,0.886,pop
5943,0.303,pop
5944,0.317,pop
5960,0.705,pop
5961,0.498,pop
5962,0.435,pop
5963,0.886,pop
5964,0.377,pop
5965,0.534,pop
5966,0.288,pop
5967,0.51,pop
5968,0.332,pop
5981,0.606,pop
5982,0.783,pop
5983,0.625,pop
5984,0.764,pop
5985,0.773,pop
5986,0.844,pop
5987,0.865,pop
5988,0.655,pop
6001,0.247,pop
6002,0.324,pop
6003,0.326,pop
6004,0.488,pop
6005,0.631,pop
6018,0.972,pop
6019,0.245,pop
6020,0.409,pop
6021,0.311,pop
6022,0.0568,pop
6023,0.797,pop
6024,0.588,pop
6025,0.431,pop
6026,0.793,pop
6027,0.805,pop
6028,0.341,pop
6029,0.484,pop
6030,0.769,pop
6031,0.681,pop
6032,0.292,pop
6033,0.367,pop
6034,0.124,pop
6035,0.273,pop
6036,0.416,pop
6037,0.635,pop
6038,0.975,pop
6047,0.563,pop
6048,0.332,pop
6054,0.702,pop
6055,0.672,pop
6056,0.281,pop
6057,0.883,pop
6058,0.573,pop
6059,0.392,pop
6060,0.348,pop
6061,0.867,pop
6062,0.178,pop
6063,0.379,pop
6064,0.844,pop
6065,0.586,pop
6066,0.934,pop
6067,0.554,pop
6068,0.539,pop
6069,0.793,pop
6070,0.544,pop
6071,0.69,pop
6072,0.629,pop
6076,0.368,pop
6083,0.685,pop
6084,0.829,pop
6085,0.791,pop
6092,0.526,pop
6106,0.975,pop
6108,0.263,pop
6109,0.118,pop
6115,0.379,pop
6116,0.33,pop
6125,0.346,pop
6126,0.273,pop
6132,0.123,pop
6133,0.3,pop
6134,0.364,pop
6152,0.364,pop
6153,0.434,pop
6154,0.523,pop
6155,0.672,pop
6156,0.386,pop
6157,0.371,pop
6158,0.615,pop
6159,0.848,pop
6160,0.511,pop
6161,0.469,pop
6162,0.356,pop
6163,0.686,pop
6164,0.679,pop
6165,0.579,pop
6166,0.598,pop
6169,0.326,pop
6170,0.431,pop
6171,0.556,pop
6213,0.793,pop
6249,0.786,pop
6250,0.494,pop
6273,0.607,pop
6274,0.323,pop
6275,0.584,pop
6276,0.333,pop
6277,0.889,pop
6278,0.577,pop
6279,0.387,pop
6394,0.416,pop
6395,0.553,pop
6396,0.511,pop
6397,0.333,pop
6398,0.403,pop
6407,0.183,pop
6426,0.552,pop
6507,0.738,pop
6508,0.297,pop
6562,0.0418,pop
6563,0.689,pop
6564,0.33,pop
6565,0.382,pop
6580,0.482,pop
6596,0.651,pop
6597,0.271,pop
6598,0.63,pop
6599,0.351,pop
6600,0.591,pop
6601,0.115,pop
6649,0.531,pop
6650,0.368,pop
6651,0.151,pop
6652,0.154,pop
6653,0.582,pop
6654,0.182,pop
6655,0.541,pop
6656,0.363,pop
6657,0.727,pop
6821,0.321,pop
6822,0.654,pop
6823,0.378,pop
6824,0.913,pop
6833,0.733,pop
6834,0.836,pop
6836,0.732,pop
6843,0.253,pop
6844,0.264,pop
6845,0.778,pop
6846,0.552,pop
6847,0.525,pop
6848,0.508,pop
6849,0.744,pop
6850,0.43,pop
6878,0.355,pop
6879,0.532,pop
6881,0.313,pop
6911,0.399,pop
6927,0.297,pop
6928,0.365,pop
6929,0.601,pop
6936,0.612,pop
6937,0.168,pop
6938,0.164,pop
6981,0.765,pop
6982,0.723,pop
6983,0.319,pop
6984,0.445,pop
6985,0.255,pop
6991,0.412,pop
6996,0.712,pop
7003,0.798,pop
7004,0.657,pop
7005,0.607,pop
7316,0.619,pop
7317,0.583,pop
7318,0.928,pop
7319,0.394,pop
7320,0.694,pop
7338,0.751,pop
7339,0.0845,pop
7340,0.502,pop
7341,0.422,pop
7351,0.654,pop
7352,0.0869,pop
7353,0.345,pop
7363,0.5,pop
7364,0.188,pop
7365,0.647,pop
7366,0.387,pop
7367,0.675,pop
7369,0.78,pop
7370,0.356,pop
7371,0.685,pop
7372,0.264,pop
7373,0.446,pop
7376,0.49,pop
7377,0.33,pop
7378,0.369,pop
7379,0.339,pop
7380,0.688,pop
7381,0.49,pop
7382,0.509,pop
7383,0.237,pop
7384,0.754,pop
7385,0.652,pop
7386,0.591,pop
7387,0.32,pop
7388,0.603,pop
7389,0.917,pop
7390,0.27,pop
7391,0.326,pop
7392,0.425,pop
7393,0.317,pop
7395,0.91,pop
7396,0.808,pop
7401,0.501,pop
7404,0.549,pop
7408,0.484,pop
7409,0.356,pop
7410,0.518,pop
7411,0.527,pop
7412,0.552,pop
7413,0.931,pop
7414,0.434,pop
7415,0.445,pop
7419,0.278,pop
7420,0.321,pop
7421,0.0875,pop
7422,0.883,pop
7424,0.288,pop
7425,0.145,pop
7428,0.902,pop
7429,0.616,pop
7430,0.589,pop
7431,0.234,pop
7432,0.24,pop
7433,0.339,pop
7436,0.342,pop
7437,0.379,pop
7438,0.981,pop
7439,0.595,pop
7440,0.57,pop
7441,0.505,pop
7442,0.69,pop
7443,0.326,pop
7444,0.627,pop
7445,0.274,pop
7446,0.335,pop
7447,0.4,pop
7448,0.354,pop
7449,0.0899,pop
7450,0.233,pop
7451,0.0656,pop
7452,0.183,pop
7457,0.112,pop
7458,0.513,pop
7461,0.961,pop
7462,0.312,pop
7463,0.76,pop
7464,0.303,pop
7465,0.492,pop
7466,0.811,pop
7467,0.446,pop
7468,0.381,pop
7469,0.203,pop
9009,0.541,pop
9010,0.368,pop
9011,0.299,pop
9012,0.687,pop
9013,0.926,pop
9014,0.584,pop
9015,0.0595,pop
9016,0.145,pop
9017,0.571,pop
9018,0.811,pop
9026,0.447,pop
9027,0.566,pop
9028,0.471,pop
9029,0.504,pop
9030,0.337,pop
9211,0.436,pop
9212,0.431,pop
9244,0.199,pop
9245,0.293,pop
9246,0.343,pop
9259,0.509,pop
9260,0.352,pop
9261,0.67,pop
9281,0.244,pop
9282,0.522,pop
9359,0.499,pop
9360,0.568,pop
9361,0.569,pop
9374,0.0911,pop
9382,0.358,pop
9384,0.503,pop
9385,0.594,pop
9386,0.518,pop
9387,0.653,pop
9388,0.199,pop
9389,0.535,pop
9390,0.488,pop
9391,0.58,pop
9392,0.478,pop
9393,0.36,pop
9394,0.457,pop
9395,0.561,pop
9396,0.706,pop
9397,0.603,pop
9398,0.664,pop
9399,0.389,pop
9400,0.714,pop
9410,0.714,pop
9411,0.166,pop
9412,0.217,pop
9413,0.596,pop
9414,0.28,pop
9415,0.814,pop
9417,0.632,pop
9848,0.543,pop
9849,0.526,pop
9937,0.257,pop
9951,0.597,pop
9952,0.134,pop
9953,0.694,pop
9954,0.334,pop
9955,0.831,pop
9956,0.604,pop
9957,0.709,pop
9958,0.43,pop
9959,0.683,pop
9965,0.672,pop
9966,0.312,pop
9967,0.398,pop
9968,0.779,pop
9969,0.602,pop
9970,0.567,pop
9971,0.73,pop
9972,0.471,pop
9973,0.202,pop
9974,0.689,pop
9975,0.376,pop
9976,0.747,pop
9977,0.551,pop
9978,0.567,pop
9979,0.331,pop
9980,0.667,pop
9981,0.154,pop
9982,0.672,pop
9983,0.504,pop
9984,0.489,pop
9985,0.36,pop
9986,0.798,pop
9987,0.0658,pop
9988,0.368,pop
9989,0.368,pop
9995,0.808,pop
9996,0.412,pop
9997,0.252,pop
9998,0.609,pop
9999,0.35,pop
10021,0.505,pop
10022,0.53,pop
10034,0.379,pop
10043,0.257,pop
10044,0.356,pop
10045,0.482,pop
10047,0.475,pop
10048,0.447,pop
10049,0.336,pop
10050,0.321,pop
10054,0.764,pop
10055,0.439,pop
10058,0.521,pop
10059,0.536,pop
10060,0.494,pop
10074,0.306,pop
10075,0.497,pop
10137,0.34,pop
10138,0.288,pop
10139,0.546,pop
10140,0.895,pop
10141,0.186,pop
10142,0.735,pop
10143,0.626,pop
10144,0.605,pop
10145,0.486,pop
10146,0.792,pop
10147,0.465,pop
10154,0.223,pop
10178,0.58,pop
10433,0.22,pop
10477,0.377,pop
10478,0.0841,pop
10479,0.0791,pop
10480,0.187,pop
10481,0.142,pop
10482,0.134,pop
10483,0.731,pop
10484,0.62,pop
10492,0.254,pop
10493,0.593,pop
10494,0.304,pop
10495,0.437,pop
10496,0.612,pop
10497,0.948,pop
10498,0.501,pop
10499,0.485,pop
10500,0.37,pop
10501,0.352,pop
10502,0.105,pop
10503,0.113,pop
10504,0.222,pop
10505,0.143,pop
10506,0.0778,pop
10507,0.106,pop
10508,0.535,pop
10509,0.229,pop
10510,0.778,pop
10511,0.0892,pop
10512,0.149,pop
10513,0.102,pop
10514,0.457,pop
10515,0.159,pop
10516,0.075,pop
10523,0.807,pop
10524,0.514,pop
10525,0.145,pop
10526,0.111,pop
10527,0.566,pop
10528,0.403,pop
10529,0.267,pop
10530,0.194,pop
10531,0.41,pop
10532,0.214,pop
10560,0.54,pop
10561,0.195,pop
10562,0.04,pop
10583,0.307,pop
10584,0.209,pop
10585,0.206,pop
10586,0.219,pop
10587,0.166,pop
10588,0.19,pop
10589,0.058,pop
10590,0.798,pop
10591,0.345,pop
10592,0.722,pop
10593,0.729,pop
10594,0.134,pop
10595,0.113,pop
10596,0.749,pop
10597,0.174,pop
10598,0.31,pop
10599,0.124,pop
10612,0.636,pop
11098,0.969,pop
11099,0.549,pop
11100,0.508,pop
11101,0.876,pop
11103,0.397,pop
11104,0.701,pop
11105,0.574,pop
11106,0.861,pop
11107,0.847,pop
11108,0.826,pop
11109,0.262,pop
11110,0.509,pop
11111,0.875,pop
11112,0.699,pop
11130,0.342,pop
11131,0.917,pop
11132,0.941,pop
11141,0.369,pop
11229,0.54,pop
11230,0.169,pop
11236,0.753,pop
11237,0.771,pop
11238,0.727,pop
11246,0.918,pop
11247,0.359,pop
11248,0.214,pop
11249,0.817,pop
11250,0.635,pop
11251,0.657,pop
11252,0.809,pop
11253,0.804,pop
11254,0.729,pop
11255,0.52,pop
11271,0.456,pop
11272,0.351,pop
11327,0.485,pop
11328,0.779,pop
11329,0.363,pop
11330,0.529,pop
11331,0.622,pop
11332,0.682,pop
11333,0.669,pop
11334,0.623,pop
11335,0.707,pop
11338,0.687,pop
11339,0.643,pop
11340,0.802,pop
11341,0.471,pop
11342,0.559,pop
11343,0.499,pop
11344,0.791,pop
11345,0.31,pop
11346,0.717,pop
11347,0.489,pop
11358,0.816,pop
11359,0.326,pop
11360,0.323,pop
11418,0.106,pop
11438,0.31,pop
11439,0.549,pop
11440,0.919,pop
11441,0.373,pop
11442,0.472,pop
11444,0.239,pop
11445,0.551,pop
11446,0.0857,pop
11447,0.264,pop
11644,0.466,pop
11645,0.648,pop
11646,0.569,pop
11647,0.792,pop
11648,0.438,pop
11649,0.327,pop
11650,0.432,pop
11652,0.289,pop
11653,0.52,pop
11661,0.55,pop
11662,0.419,pop
11663,0.339,pop
11664,0.844,pop
11665,0.338,pop
11666,0.511,pop
11667,0.642,pop
11668,0.807,pop
11669,0.548,pop
11670,0.359,pop
11671,0.437,pop
11672,0.337,pop
11673,0.222,pop
11674,0.133,pop
11675,0.685,pop
11676,0.384,pop
11677,0.441,pop
11678,0.378,pop
11679,0.17,pop
11680,0.205,pop
11681,0.259,pop
11682,0.858,pop
11683,0.529,pop
11684,0.277,pop
11685,0.324,pop
11686,0.626,pop
11687,0.15,pop
11688,0.0399,pop
11689,0.517,pop
11690,0.217,pop
11691,0.627,pop
11692,0.433,pop
11693,0.371,pop
11694,0.368,pop
11695,0.395,pop
11696,0.434,pop
11697,0.207,pop
11698,0.374,pop
11699,0.6,pop
11700,0.491,pop
11701,0.381,pop
11702,0.685,pop
11703,0.616,pop
11704,0.293,pop
11705,0.579,pop
11706,0.19,pop
11707,0.19,pop
11708,0.439,pop
11709,0.44,pop
11710,0.249,pop
11711,0.367,pop
11712,0.447,pop
11713,0.818,pop
11714,0.437,pop
11715,0.577,pop
11716,0.239,pop
11717,0.591,pop
11718,0.192,pop
11719,0.394,pop
11720,0.424,pop
11721,0.804,pop
11722,0.553,pop
11723,0.588,pop
11724,0.398,pop
11725,0.458,pop
11726,0.578,pop
11727,0.552,pop
11728,0.723,pop
11729,0.354,pop
11730,0.923,pop
11731,0.133,pop
11732,0.182,pop
11733,0.668,pop
11734,0.153,pop
11735,0.138,pop
11736,0.709,pop
11737,0.424,pop
11738,0.427,pop
11739,0.869,pop
11740,0.485,pop
11741,0.601,pop
11742,0.334,pop
11743,0.504,pop
11744,0.626,pop
11745,0.266,pop
11746,0.359,pop
11747,0.384,pop
11748,0.703,pop
11749,0.222,pop
11750,0.477,pop
11751,0.779,pop
11752,0.319,pop
11753,0.831,pop
11754,0.578,pop
11871,0.813,pop
11880,0.263,pop
11881,0.525,pop
11882,0.544,pop
11883,0.497,pop
11884,0.576,pop
11885,0.563,pop
11886,0.439,pop
11887,0.659,pop
11888,0.24,pop
11889,0.224,pop
11890,0.572,pop
11891,0.226,pop
11895,0.578,pop
11896,0.251,pop
11897,0.606,pop
11898,0.719,pop
11899,0.242,pop
11900,0.607,pop
11933,0.252,pop
11949,0.61,pop
11950,0.399,pop
11951,0.379,pop
11952,0.621,pop
11953,0.838,pop
11954,0.818,pop
11955,0.432,pop
11956,0.152,pop
11957,0.945,pop
11958,0.484,pop
11959,0.712,pop
11960,0.327,pop
11961,0.224,pop
11962,0.833,pop
11963,0.465,pop
11964,0.717,pop
11965,0.629,pop
11966,0.52,pop
11967,0.533,pop
11968,0.114,pop
11969,0.51,pop
11970,0.665,pop
11971,0.104,pop
11972,0.251,pop
11973,0.343,pop
11974,0.248,pop
11975,0.571,pop
11976,0.568,pop
11977,0.773,pop
11978,0.491,pop
11979,0.15,pop
11980,0.556,pop
11981,0.496,pop
11982,0.24,pop
11983,0.626,pop
11984,0.615,pop
11985,0.222,pop
11986,0.319,pop
11987,0.286,pop
11988,0.446,pop
11989,0.763,pop
11990,0.929,pop
11991,0.212,pop
11992,0.559,pop
11993,0.414,pop
11994,0.619,pop
11995,0.122,pop
11996,0.216,pop
11997,0.374,pop
11998,0.652,pop
11999,0.723,pop
12000,0.565,pop
12001,0.0568,pop
12002,0.751,pop
12003,0.515,pop
12004,0.149,pop
12005,0.495,pop
12012,0.326,pop
12013,0.459,pop
12014,0.335,pop
12015,0.205,pop
12016,0.393,pop
12017,0.455,pop
12018,0.656,pop
12049,0.553,pop
12050,0.275,pop
12051,0.666,pop
12071,0.484,pop
12072,0.164,pop
12073,0.0576,pop
12074,0.524,pop
12075,0.274,pop
12076,0.365,pop
12077,0.225,pop
12078,0.0858,pop
12079,0.363,pop
12080,0.946,pop
12081,0.628,pop
12082,0.678,pop
12083,0.303,pop
12084,0.412,pop
12085,0.402,pop
12086,0.403,pop
12087,0.0936,pop
12088,0.222,pop
12089,0.674,pop
12090,0.499,pop
12091,0.185,pop
12092,0.105,pop
12093,0.292,pop
12094,0.309,pop
12095,0.812,pop
12096,0.516,pop
12097,0.646,pop
12098,0.566,pop
12099,0.221,pop
12100,0.936,pop
12101,0.298,pop
12102,0.252,pop
12103,0.529,pop
12104,0.0818,pop
12105,0.591,pop
12106,0.33,pop
12107,0.77,pop
12108,0.483,pop
12227,0.358,pop
12228,0.868,pop
12229,0.253,pop
12230,0.349,pop
12231,0.278,pop
12232,0.255,pop
12233,0.422,pop
12234,0.281,pop
12235,0.721,pop
12236,0.925,pop
12237,0.342,pop
12238,0.338,pop
12239,0.396,pop
12240,0.409,pop
12241,0.392,pop
12242,0.0983,pop
12243,0.573,pop
12244,0.414,pop
12245,0.197,pop
12248,0.216,pop
12249,0.175,pop
12250,0.244,pop
12251,0.426,pop
12252,0.727,pop
12253,0.261,pop
12254,0.283,pop
12255,0.31,pop
12256,0.233,pop
12297,0.308,pop
12298,0.367,pop
12299,0.188,pop
12300,0.295,pop
12301,0.214,pop
12302,0.866,pop
12303,0.177,pop
12304,0.458,pop
12305,0.51,pop
12306,0.552,pop
12307,0.261,pop
12308,0.323,pop
12309,0.245,pop
12310,0.381,pop
12312,0.205,pop
12313,0.231,pop
12314,0.581,pop
12315,0.179,pop
12316,0.483,pop
12317,0.0949,pop
12318,0.95,pop
12319,0.553,pop
12320,0.775,pop
12321,0.24,pop
12322,0.759,pop
12323,0.404,pop
12324,0.368,pop
12325,0.255,pop
12326,0.542,pop
12327,0.21,pop
12328,0.72,pop
12329,0.223,pop
12330,0.397,pop
12331,0.476,pop
12332,0.461,pop
12333,0.774,pop
12334,0.288,pop
12335,0.0705,pop
12336,0.853,pop
12337,0.437,pop
12338,0.596,pop
12339,0.384,pop
12340,0.627,pop
12341,0.165,pop
12342,0.583,pop
12343,0.222,pop
12344,0.932,pop
12345,0.368,pop
12346,0.111,pop
12347,0.221,pop
12348,0.0461,pop
12349,0.145,pop
12350,0.244,pop
12351,0.516,pop
12352,0.438,pop
12353,0.153,pop
12354,0.703,pop
12355,0.89,pop
12356,0.557,pop
12357,0.241,pop
12358,0.26,pop
12359,0.59,pop
12361,0.166,pop
12362,0.708,pop
12363,0.704,pop
12364,0.461,pop
12365,0.748,pop
12366,0.879,pop
12367,0.632,pop
12371,0.468,pop
12372,0.184,pop
12522,0.304,pop
12523,0.933,pop
12524,0.949,pop
12525,0.433,pop
12526,0.687,pop
12533,0.56,pop
12534,0.152,pop
12535,0.696,pop
12536,0.522,pop
12537,0.416,pop
12538,0.836,pop
12539,0.972,pop
12540,0.654,pop
12541,0.748,pop
12542,0.566,pop
12543,0.236,pop
12544,0.567,pop
12545,0.662,pop
12546,0.62,pop
12547,0.41,pop
12548,0.702,pop
12549,0.647,pop
12550,0.778,pop
12551,0.676,pop
12552,0.721,pop
12553,0.661,pop
12554,0.309,pop
12555,0.807,pop
12556,0.939,pop
12557,0.392,pop
12558,0.855,pop
12559,0.546,pop
12560,0.402,pop
12561,0.669,pop
12562,0.385,pop
12563,0.725,pop
12564,0.571,pop
12573,0.861,pop
12574,0.377,pop
12609,0.367,pop
12610,0.778,pop
12611,0.458,pop
12612,0.41,pop
12613,0.879,pop
12614,0.716,pop
13035,0.56,pop
13036,0.808,pop
13037,0.724,pop
13038,0.531,pop
13039,0.706,pop
13040,0.445,pop
13041,0.602,pop
13046,0.491,pop
13047,0.97,pop
13048,0.928,pop
13049,0.49,pop
13050,0.766,pop
13051,0.831,pop
13052,0.874,pop
13053,0.341,pop
13054,0.235,pop
13055,0.843,pop
13059,0.887,pop
13060,0.627,pop
13061,0.838,pop
13062,0.662,pop
13063,0.44,pop
13064,0.893,pop
13065,0.866,pop
13066,0.586,pop
13067,0.737,pop
13068,0.541,pop
13069,0.695,pop
13070,0.421,pop
13071,0.339,pop
13072,0.795,pop
13073,0.824,pop
13074,0.575,pop
13075,0.918,pop
13076,0.283,pop
13077,0.559,pop
13078,0.0875,pop
13079,0.961,pop
13080,0.693,pop
13081,0.849,pop
13082,0.822,pop
13083,0.707,pop
13084,0.61,pop
13085,0.305,pop
13086,0.759,pop
13087,0.924,pop
13088,0.836,pop
13089,0.954,pop
13090,0.0506,pop
13091,0.519,pop
13092,0.566,pop
13093,0.441,pop
13094,0.696,pop
13095,0.622,pop
13096,0.65,pop
13097,0.967,pop
13098,0.543,pop
13099,0.665,pop
13100,0.856,pop
13101,0.757,pop
13102,0.925,pop
13103,0.833,pop
13104,0.669,pop
13105,0.655,pop
13106,0.785,pop
13107,0.308,pop
13108,0.245,pop
13109,0.953,pop
13110,0.439,pop
13111,0.483,pop
13112,0.914,pop
13113,0.606,pop
13114,0.926,pop
13115,0.528,pop
13116,0.767,pop
13117,0.869,pop
13124,0.712,pop
13125,0.133,pop
13126,0.399,pop
13127,0.325,pop
13128,0.278,pop
13129,0.549,pop
13130,0.446,pop
13131,0.489,pop
13132,0.412,pop
13191,0.747,pop
13192,0.705,pop
13193,0.334,pop
13194,0.333,pop
13195,0.295,pop
13196,0.964,pop
13197,0.405,pop
13198,0.816,pop
13199,0.351,pop
13200,0.102,pop
13201,0.268,pop
13202,0.706,pop
13203,0.821,pop
13204,0.157,pop
13205,0.459,pop
13206,0.26,pop
13207,0.202,pop
13216,0.702,pop
13217,0.743,pop
13218,0.867,pop
13219,0.815,pop
13220,0.855,pop
13221,0.618,pop
13222,0.681,pop
13223,0.225,pop
13224,0.0822,pop
13225,0.114,pop
13226,0.218,pop
13227,0.685,pop
13228,0.727,pop
13229,0.106,pop
13230,0.332,pop
13231,0.397,pop
13232,0.0773,pop
13233,0.305,pop
13234,0.812,pop
13235,0.166,pop
13236,0.498,pop
13237,0.335,pop
13238,0.157,pop
13239,0.694,pop
13240,0.0913,pop
13241,0.56,pop
13242,0.928,pop
13243,0.172,pop
13244,0.457,pop
13245,0.661,pop
13246,0.51,pop
13247,0.624,pop
13248,0.604,pop
13249,0.532,pop
13250,0.274,pop
13251,0.573,pop
13252,0.479,pop
13253,0.167,pop
13254,0.327,pop
13255,0.132,pop
13256,0.111,pop
13257,0.913,pop
13258,0.236,pop
13259,0.372,pop
13260,0.284,pop
13261,0.299,pop
13262,0.27,pop
13263,0.154,pop
13264,0.658,pop
13265,0.549,pop
13266,0.828,pop
13267,0.265,pop
13268,0.4,pop
13269,0.412,pop
13270,0.406,pop
13271,0.695,pop
13272,0.0655,pop
13273,0.335,pop
13274,0.805,pop
13275,0.305,pop
13276,0.833,pop
13277,0.772,pop
13278,0.56,pop
13279,0.587,pop
13280,0.549,pop
13281,0.874,pop
13282,0.731,pop
13283,0.534,pop
13284,0.783,pop
13285,0.257,pop
13286,0.836,pop
13287,0.725,pop
13288,0.399,pop
13289,0.771,pop
13290,0.819,pop
13291,0.815,pop
13292,0.361,pop
13293,0.841,pop
13294,0.856,pop
13295,0.928,pop
13296,0.601,pop
13297,0.854,pop
13298,0.87,pop
13299,0.363,pop
13300,0.519,pop
13301,0.589,pop
13302,0.34,pop
13303,0.939,pop
13304,0.764,pop
13305,0.981,pop
13306,0.346,pop
13307,0.737,pop
13308,0.319,pop
13309,0.607,pop
13310,0.96,pop
13311,0.915,pop
13312,0.603,pop
13313,0.742,pop
13314,0.705,pop
13315,0.557,pop
13316,0.915,pop
13317,0.685,pop
13318,0.469,pop
13319,0.796,pop
13320,0.859,pop
13321,0.407,pop
13322,0.253,pop
13323,0.298,pop
13324,0.144,pop
13325,0.238,pop
13326,0.633,pop
13327,0.334,pop
13328,0.91,pop
13329,0.305,pop
13330,0.251,pop
13331,0.671,pop
13332,0.184,pop
13333,0.493,pop
13334,0.541,pop
13335,0.126,pop
13336,0.337,pop
13337,0.554,pop
13338,0.423,pop
13339,0.507,pop
13340,0.829,pop
13353,0.305,pop
13354,0.504,pop
13783,0.451,pop
13789,0.608,pop
13790,0.823,pop
13791,0.486,pop
13792,0.544,pop
13793,0.424,pop
13794,0.789,pop
13795,0.345,pop
13797,0.408,pop
13798,0.688,pop
13799,0.356,pop
13800,0.706,pop
13801,0.318,pop
13802,0.287,pop
13803,0.537,pop
13804,0.394,pop
13805,0.232,pop
13806,0.572,pop
13807,0.296,pop
13808,0.564,pop
13809,0.519,pop
13810,0.36,pop
13811,0.717,pop
13812,0.366,pop
13813,0.285,pop
13814,0.807,pop
13815,0.743,pop
13816,0.369,pop
13817,0.361,pop
13818,0.581,pop
13819,0.488,pop
13820,0.104,pop
13821,0.457,pop
13822,0.543,pop
13823,0.508,pop
13824,0.0862,pop
13825,0.159,pop
13826,0.523,pop
13827,0.373,pop
13828,0.788,pop
13829,0.553,pop
13830,0.505,pop
13831,0.854,pop
13832,0.191,pop
13833,0.523,pop
13834,0.204,pop
13835,0.404,pop
13836,0.81,pop
13837,0.121,pop
13838,0.34,pop
13839,0.173,pop
13840,0.964,pop
13841,0.531,pop
13842,0.26,pop
13843,0.547,pop
13844,0.56,pop
13845,0.834,pop
13846,0.613,pop
13847,0.427,pop
13848,0.399,pop
13849,0.267,pop
13850,0.682,pop
13851,0.813,pop
13852,0.0656,pop
13853,0.51,pop
14458,0.165,pop
14459,0.369,pop
14460,0.765,pop
14461,0.661,pop
14462,0.231,pop
14463,0.46,pop
14464,0.0707,pop
14465,0.445,pop
14471,0.456,pop
14472,0.419,pop
14473,0.0907,pop
14474,0.18,pop
14475,0.793,pop
14476,0.561,pop
14477,0.417,pop
14478,0.389,pop
14479,0.667,pop
14480,0.123,pop
14481,0.14,pop
14482,0.616,pop
14483,0.204,pop
14484,0.265,pop
14485,0.907,pop
14486,0.446,pop
14487,0.664,pop
14488,0.359,pop
14489,0.468,pop
14490,0.59,pop
14491,0.717,pop
14492,0.397,pop
14493,0.501,pop
14494,0.614,pop
14495,0.597,pop
14496,0.863,pop
14497,0.0968,pop
14498,0.291,pop
14499,0.326,pop
14500,0.27,pop
14501,0.408,pop
14502,0.289,pop
14503,0.962,pop
14504,0.354,pop
14505,0.809,pop
14506,0.891,pop
14507,0.156,pop
14508,0.446,pop
14509,0.165,pop
14510,0.842,pop
14511,0.506,pop
14512,0.773,pop
14513,0.246,pop
14514,0.522,pop
14515,0.239,pop
14516,0.816,pop
14517,0.282,pop
14518,0.423,pop
14519,0.788,pop
14520,0.616,pop
14521,0.193,pop
14522,0.439,pop
14523,0.525,pop
14524,0.395,pop
14525,0.634,pop
14526,0.396,pop
14527,0.251,pop
14528,0.529,pop
14529,0.368,pop
14530,0.255,pop
14531,0.347,pop
14532,0.77,pop
14533,0.547,pop
14534,0.613,pop
14535,0.551,pop
14536,0.492,pop
14537,0.521,pop
14550,0.64,pop
14742,0.687,pop
14743,0.46,pop
14744,0.469,pop
15197,0.2,pop
15198,0.582,pop
15199,0.466,pop
15200,0.118,pop
15201,0.467,pop
15202,0.763,pop
15203,0.082,pop
15204,0.316,pop
15205,0.646,pop
15206,0.367,pop
15207,0.218,pop
15208,0.274,pop
15209,0.673,pop
15210,0.818,pop
15336,0.408,pop
15337,0.593,pop
15338,0.416,pop
15339,0.611,pop
15340,0.557,pop
15341,0.418,pop
15342,0.229,pop
15343,0.42,pop
15344,0.504,pop
15375,0.466,pop
15385,0.674,pop
15386,0.44,pop
15387,0.161,pop
15388,0.888,pop
15399,0.776,pop
15409,0.216,pop
15410,0.783,pop
15411,0.427,pop
15428,0.379,pop
15429,0.225,pop
15430,0.278,pop
15431,0.631,pop
15432,0.274,pop
15433,0.688,pop
15447,0.703,pop
15493,0.653,pop
15494,0.386,pop
15495,0.732,pop
15496,0.924,pop
15497,0.551,pop
15498,0.662,pop
15499,0.451,pop
15500,0.492,pop
15501,0.541,pop
15502,0.812,pop
15512,0.42,pop
15513,0.638,pop
15514,0.417,pop
15560,0.462,pop
15561,0.426,pop
15562,0.742,pop
15563,0.158,pop
15564,0.137,pop
15570,0.714,pop
15571,0.609,pop
15572,0.664,pop
15573,0.66,pop
15574,0.286,pop
15575,0.368,pop
15576,0.883,pop
15577,0.703,pop
15578,0.771,pop
15579,0.0967,pop
15580,0.48,pop
15581,0.454,pop
15582,0.609,pop
15583,0.531,pop
15584,0.45,pop
15585,0.677,pop
15586,0.131,pop
15587,0.814,pop
15600,0.689,pop
15601,0.513,pop
15602,0.765,pop
15603,0.261,pop
15604,0.756,pop
15605,0.559,pop
15606,0.714,pop
15607,0.328,pop
15614,0.531,pop
15615,0.618,pop
15682,0.303,pop
15683,0.509,pop
15684,0.525,pop
15685,0.643,pop
15686,0.952,pop
15687,0.887,pop
15688,0.5,pop
15707,0.933,pop
15708,0.748,pop
15709,0.654,pop
15873,0.819,pop
15874,0.434,pop
15875,0.325,pop
15876,0.774,pop
15877,0.839,pop
15878,0.233,pop
15888,0.0312,pop
15889,0.448,pop
15890,0.791,pop
15891,0.234,pop
15892,0.413,pop
15893,0.228,pop
15894,0.829,pop
15900,0.345,pop
15901,0.336,pop
15902,0.193,pop
15903,0.0379,pop
15904,0.0391,pop
15905,0.65,pop
15906,0.245,pop
15907,0.462,pop
15908,0.262,pop
15909,0.0276,pop
15910,0.302,pop
15911,0.366,pop
15912,0.207,pop
15913,0.347,pop
15914,0.343,pop
15915,0.157,pop
15916,0.203,pop
15917,0.878,pop
15918,0.418,pop
15919,0.96,pop
15920,0.633,pop
15921,0.181,pop
15922,0.0961,pop
15923,0.595,pop
15924,0.717,pop
15925,0.786,pop
15926,0.489,pop
15927,0.489,pop
15928,0.357,pop
15929,0.845,pop
15930,0.719,pop
15931,0.343,pop
15932,0.331,pop
15933,0.0353,pop
15934,0.544,pop
15935,0.625,pop
15936,0.302,pop
15937,0.671,pop
15941,0.144,pop
15942,0.761,pop
15943,0.271,pop
15944,0.839,pop
15945,0.415,pop
15946,0.864,pop
15947,0.108,pop
15948,0.202,pop
15951,0.164,pop
15952,0.493,pop
15953,0.363,pop
15954,0.417,pop
15955,0.565,pop
15956,0.32,pop
15957,0.344,pop
15958,0.436,pop
15959,0.49,pop
15960,0.908,pop
15961,0.231,pop
15962,0.143,pop
16063,0.145,pop
16064,0.569,pop
16065,0.272,pop
16066,0.432,pop
16067,0.382,pop
16068,0.934,pop
16069,0.44,pop
16070,0.141,pop
16071,0.331,pop
16072,0.918,pop
16073,0.704,pop
16074,0.265,pop
16075,0.0712,pop
16076,0.192,pop
16077,0.402,pop
16149,0.459,pop
16150,0.339,pop
16151,0.215,pop
16152,0.557,pop
16153,0.104,pop
16154,0.363,pop
16155,0.293,pop
16156,0.24,pop
16157,0.124,pop
16158,0.186,pop
16159,0.814,pop
16160,0.624,pop
16161,0.44,pop
16162,0.203,pop
16163,0.725,pop
16164,0.264,pop
16165,0.139,pop
16166,0.555,pop
16167,0.633,pop
16168,0.507,pop
16169,0.148,pop
16170,0.603,pop
16171,0.606,pop
16172,0.705,pop
16173,0.571,pop
16174,0.401,pop
16175,0.61,pop
16176,0.609,pop
16177,0.499,pop
16178,0.707,pop
16179,0.727,pop
16180,0.665,pop
16181,0.277,pop
16182,0.741,pop
16183,0.469,pop
16184,0.885,pop
16185,0.705,pop
16186,0.658,pop
16187,0.294,pop
16188,0.746,pop
16189,0.115,pop
16190,0.601,pop
16191,0.57,pop
16192,0.337,pop
16193,0.553,pop
16194,0.917,pop
16195,0.887,pop
16196,0.153,pop
16197,0.394,pop
16198,0.362,pop
16199,0.556,pop
16200,0.372,pop
16201,0.398,pop
16204,0.118,pop
16205,0.0975,pop
16206,0.263,pop
16207,0.201,pop
16208,0.817,pop
16209,0.27,pop
16216,0.534,pop
16217,0.221,pop
16218,0.752,pop
16219,0.113,pop
16220,0.661,pop
16221,0.213,pop
16222,0.189,pop
16223,0.106,pop
16224,0.276,pop
16225,0.275,pop
16226,0.281,pop
16227,0.2,pop
16228,0.133,pop
16229,0.113,pop
16230,0.318,pop
16233,0.308,pop
16234,0.23,pop
16235,0.509,pop
16236,0.363,pop
16237,0.0819,pop
16238,0.349,pop
16239,0.62,pop
16240,0.165,pop
16241,0.0827,pop
16242,0.597,pop
16243,0.633,pop
16244,0.427,pop
16245,0.154,pop
16246,0.346,pop
16247,0.3,pop
16248,0.103,pop
16249,0.153,pop
16250,0.292,pop
16251,0.433,pop
16252,0.636,pop
16253,0.592,pop
16254,0.496,pop
16255,0.57,pop
16256,0.372,pop
16257,0.762,pop
16258,0.918,pop
16259,0.288,pop
16260,0.196,pop
16261,0.323,pop
16262,0.569,pop
16263,0.601,pop
16264,0.849,pop
16265,0.469,pop
16266,0.525,pop
16267,0.841,pop
16268,0.364,pop
16269,0.337,pop
16270,0.867,pop
16271,0.783,pop
16272,0.717,pop
16273,0.231,pop
16274,0.202,pop
16275,0.144,pop
16276,0.415,pop
16277,0.75,pop
16278,0.723,pop
16279,0.27,pop
16280,0.688,pop
16281,0.603,pop
16282,0.489,pop
16283,0.666,pop
16305,0.357,pop
16306,0.628,pop
16307,0.509,pop
16313,0.741,pop
16314,0.129,pop
16315,0.44,pop
16316,0.843,pop
16317,0.282,pop
16318,0.387,pop
16319,0.503,pop
16320,0.737,pop
16321,0.605,pop
16322,0.558,pop
16323,0.779,pop
16324,0.834,pop
16325,0.201,pop
16326,0.59,pop
16327,0.0671,pop
16328,0.286,pop
16361,0.949,pop
16362,0.433,pop
16363,0.237,pop
16364,0.814,pop
16365,0.54,pop
16366,0.551,pop
16367,0.928,pop
16368,0.0392,pop
16510,0.743,pop
16511,0.197,pop
16512,0.114,pop
16513,0.608,pop
16514,0.872,pop
16515,0.351,pop
16516,0.386,pop
16519,0.514,pop
16520,0.732,pop
16521,0.568,pop
16522,0.69,pop
16523,0.881,pop
16524,0.386,pop
16525,0.816,pop
16600,0.368,pop
16601,0.121,pop
16602,0.586,pop
16623,0.943,pop
16624,0.618,pop
16625,0.564,pop
16626,0.86,pop
16627,0.353,pop
16628,0.236,pop
16629,0.415,pop
16630,0.589,pop
16631,0.836,pop
16632,0.205,pop
16633,0.247,pop
16634,0.26,pop
16635,0.537,pop
16636,0.673,pop
16637,0.418,pop
16638,0.919,pop
16648,0.508,pop
16649,0.593,pop
16650,0.366,pop
16651,0.679,pop
16652,0.881,pop
16653,0.855,pop
16654,0.316,pop
16655,0.813,pop
16656,0.422,pop
16743,0.752,pop
16744,0.398,pop
16745,0.451,pop
16749,0.691,pop
16750,0.48,pop
16751,0.483,pop
16752,0.47,pop
16753,0.0862,pop
16764,0.449,pop
16765,0.488,pop
16766,0.444,pop
16767,0.605,pop
16768,0.874,pop
16769,0.515,pop
16770,0.966,pop
16771,0.643,pop
16794,0.188,pop
16795,0.755,pop
16796,0.166,pop
16876,0.782,pop
16877,0.674,pop
16878,0.557,pop
16879,0.54,pop
17095,0.411,pop
17560,0.159,pop
17567,0.322,pop
17568,0.392,pop
17569,0.124,pop
17571,0.593,pop
17572,0.29,pop
17573,0.213,pop
17574,0.503,pop
17575,0.385,pop
17576,0.212,pop
17577,0.104,pop
17579,0.824,pop
17580,0.349,pop
17581,0.516,pop
17582,0.333,pop
17583,0.138,pop
17584,0.652,pop
17585,0.96,pop
17586,0.678,pop
17587,0.194,pop
17593,0.441,pop
17596,0.0888,pop
17597,0.181,pop
17598,0.531,pop
17599,0.225,pop
17600,0.345,pop
17601,0.417,pop
17603,0.379,pop
17604,0.381,pop
17605,0.0437,pop
17606,0.274,pop
17607,0.408,pop
17608,0.561,pop
17609,0.707,pop
17610,0.0824,pop
17611,0.271,pop
17612,0.253,pop
17613,0.159,pop
17614,0.461,pop
17615,0.39,pop
17616,0.545,pop
17617,0.194,pop
17618,0.324,pop
17619,0.75,pop
17620,0.616,pop
17621,0.219,pop
17622,0.454,pop
17623,0.084,pop
17624,0.709,pop
17678,0.417,pop
17716,0.572,pop
17718,0.867,pop
17719,0.587,pop
17720,0.416,pop
17721,0.0614,pop
17722,0.158,pop
17723,0.293,pop
17725,0.511,pop
17726,0.722,pop
17727,0.305,pop
17728,0.671,pop
17729,0.068,pop
17730,0.881,pop
17769,0.27,pop
17770,0.0438,pop
17771,0.346,pop
17772,0.4,pop
17773,0.0391,pop
17774,0.531,pop
17775,0.392,pop
17776,0.374,pop
17777,0.163,pop
17778,0.32,pop
17779,0.309,pop
17780,0.115,pop
17781,0.452,pop
17782,0.788,pop
17783,0.842,pop
17784,0.72,pop
17785,0.65,pop
17786,0.545,pop
17787,0.728,pop
17796,0.448,pop
17797,0.127,pop
17798,0.306,pop
17799,0.236,pop
17800,0.413,pop
17801,0.223,pop
17802,0.145,pop
17803,0.0359,pop
17804,0.613,pop
17805,0.564,pop
17806,0.487,pop
17807,0.732,pop
17808,0.359,pop
17809,0.0659,pop
17810,0.73,pop
17811,0.0368,pop
17812,0.389,pop
17813,0.685,pop
17814,0.338,pop
17815,0.649,pop
17816,0.0729,pop
17817,0.681,pop
17818,0.424,pop
17819,0.213,pop
17820,0.525,pop
17821,0.327,pop
17822,0.278,pop
17823,0.385,pop
17824,0.54,pop
17825,0.396,pop
17826,0.864,pop
17827,0.217,pop
17829,0.288,pop
17830,0.0887,pop
17831,0.134,pop
17832,0.0377,pop
17833,0.374,pop
17834,0.294,pop
19077,0.72,pop
19078,0.433,pop
19079,0.68,pop
19080,0.171,pop
19081,0.567,pop
19082,0.887,pop
19083,0.398,pop
19084,0.357,pop
19085,0.452,pop
19086,0.372,pop
19087,0.317,pop
19088,0.303,pop
19089,0.773,pop
19090,0.545,pop
19091,0.426,pop
19092,0.364,pop
19093,0.557,pop
19094,0.41,pop
19095,0.474,pop
19096,0.421,pop
19097,0.578,pop
19098,0.475,pop
19099,0.441,pop
19100,0.639,pop
19101,0.699,pop
19102,0.32,pop
19103,0.783,pop
19104,0.326,pop
19105,0.754,pop
19113,0.291,pop
19114,0.608,pop
19115,0.251,pop
19116,0.557,pop
19117,0.441,pop
19118,0.867,pop
19119,0.555,pop
19120,0.313,pop
19121,0.228,pop
19122,0.668,pop
19123,0.595,pop
19124,0.347,pop
19125,0.517,pop
19126,0.387,pop
19127,0.422,pop
19129,0.554,pop
19130,0.621,pop
19131,0.505,pop
19132,0.564,pop
19133,0.598,pop
19134,0.721,pop
19135,0.458,pop
19136,0.512,pop
19154,0.503,pop
19155,0.496,pop
19156,0.52,pop
19157,0.542,pop
19159,0.521,pop
19189,0.581,pop
19198,0.679,pop
19202,0.456,pop
19203,0.588,pop
19204,0.473,pop
19205,0.688,pop
19206,0.856,pop
19208,0.618,pop
19209,0.896,pop
19210,0.673,pop
19211,0.55,pop
19212,0.491,pop
19213,0.921,pop
19214,0.461,pop
19215,0.5,pop
19221,0.381,pop
19222,0.661,pop
19223,0.166,pop
19224,0.389,pop
19233,0.451,pop
19234,0.357,pop
19235,0.205,pop
19236,0.413,pop
19237,0.599,pop
19238,0.466,pop
19239,0.608,pop
19240,0.523,pop
19241,0.417,pop
19242,0.26,pop
19243,0.617,pop
19244,0.678,pop
19245,0.653,pop
19249,0.491,pop
19250,0.414,pop
19251,0.226,pop
19252,0.703,pop
19253,0.435,pop
19254,0.545,pop
19255,0.398,pop
19256,0.584,pop
19257,0.379,pop
19258,0.744,pop
19259,0.219,pop
19260,0.486,pop
19261,0.586,pop
19262,0.5,pop
19319,0.519,pop
19326,0.506,pop
19328,0.608,pop
19329,0.297,pop
19330,0.431,pop
19331,0.376,pop
19332,0.761,pop
19333,0.485,pop
19334,0.756,pop
19344,0.112,pop
19346,0.534,pop
19347,0.344,pop
19348,0.211,pop
19349,0.277,pop
19353,0.72,pop
19354,0.371,pop
19355,0.18,pop
19356,0.652,pop
19359,0.643,pop
19366,0.321,pop
19367,0.291,pop
19368,0.607,pop
19369,0.508,pop
19370,0.503,pop
19371,0.315,pop
19377,0.0681,pop
19379,0.305,pop
19380,0.509,pop
19381,0.429,pop
19416,0.826,pop
19417,0.655,pop
19418,0.347,pop
19419,0.385,pop
19420,0.176,pop
19421,0.543,pop
19422,0.606,pop
19423,0.368,pop
19424,0.492,pop
19425,0.564,pop
19426,0.456,pop
19427,0.576,pop
19428,0.214,pop
19429,0.319,pop
19430,0.671,pop
19431,0.286,pop
19445,0.341,pop
19446,0.416,pop
19447,0.0827,pop
19448,0.513,pop
19517,0.839,pop
19522,0.962,pop
19523,0.799,pop
19524,0.87,pop
19525,0.872,pop
19527,0.851,pop
19528,0.827,pop
19529,0.83,pop
19530,0.757,pop
19531,0.737,pop
19564,0.969,pop
19569,0.911,pop
19570,0.765,pop
19571,0.965,pop
19573,0.522,pop
19574,0.9,pop
19577,0.628,pop
19578,0.946,pop
19579,0.962,pop
19580,0.459,pop
19612,0.891,pop
19613,0.661,pop
19787,0.498,pop
19788,0.554,pop
19789,0.43,pop
19790,0.529,pop
19791,0.629,pop
19792,0.244,pop
19793,0.397,pop
19794,0.429,pop
19795,0.361,pop
19796,0.478,pop
19797,0.175,pop
19798,0.569,pop
19799,0.285,pop
19800,0.391,pop
19801,0.94,pop
19802,0.858,pop
19803,0.969,pop
19804,0.444,pop
19805,0.961,pop
19806,0.653,pop
19807,0.259,pop
19808,0.649,pop
19809,0.681,pop
19810,0.566,pop
19811,0.9,pop
19812,0.682,pop
19813,0.936,pop
19814,0.38,pop
19815,0.872,pop
19816,0.361,pop
19817,0.623,pop
19818,0.961,pop
19819,0.118,pop
19820,0.706,pop
19821,0.58,pop
19822,0.707,pop
19823,0.742,pop
19824,0.4,pop
19825,0.939,pop
19826,0.894,pop
19827,0.862,pop
19828,0.767,pop
19829,0.463,pop
19847,0.0801,pop
19857,0.201,pop
19865,0.579,pop
19866,0.5,pop
19867,0.392,pop
19868,0.378,pop
19869,0.574,pop
19870,0.721,pop
19871,0.708,pop
19872,0.371,pop
19873,0.283,pop
19874,0.459,pop
19875,0.258,pop
19876,0.431,pop
19877,0.368,pop
19878,0.871,pop
19879,0.554,pop
19880,0.255,pop
19882,0.246,pop
19920,0.118,pop
19922,0.612,pop
19923,0.854,pop
19924,0.562,pop
19925,0.763,pop
19926,0.796,pop
19928,0.861,pop
19929,0.612,pop
19930,0.861,pop
19931,0.288,pop
19932,0.969,pop
19933,0.38,pop
19934,0.724,pop
19935,0.716,pop
19936,0.441,pop
19940,0.603,pop
19941,0.541,pop
19942,0.576,pop
19943,0.735,pop
19944,0.774,pop
19946,0.694,pop
19947,0.772,pop
19948,0.71,pop
19949,0.967,pop
19950,0.479,pop
19951,0.912,pop
19952,0.766,pop
19972,0.668,pop
19973,0.487,pop
19976,0.965,pop
19977,0.588,pop
19978,0.853,pop
19979,0.656,pop
19980,0.558,pop
19982,0.817,pop
19983,0.762,pop
19984,0.484,pop
19985,0.505,pop
19986,0.583,pop
19987,0.911,pop
19988,0.603,pop
19989,0.614,pop
20151,0.12,pop
20152,0.634,pop
20153,0.17,pop
20154,0.718,pop
20155,0.131,pop
20163,0.467,pop
20173,0.129,pop
20181,0.45,pop
20182,0.527,pop
20183,0.541,pop
20184,0.296,pop
20185,0.312,pop
20186,0.336,pop
20187,0.153,pop
20188,0.566,pop
20189,0.42,pop
20190,0.409,pop
20191,0.399,pop
20192,0.346,pop
20193,0.423,pop
20194,0.212,pop
20198,0.589,pop
20199,0.206,pop
20200,0.267,pop
20201,0.509,pop
20202,0.505,pop
20203,0.181,pop
20204,0.58,pop
20212,0.236,pop
20213,0.366,pop
20364,0.596,pop
20365,0.392,pop
20366,0.517,pop
20367,0.0719,pop
20368,0.577,pop
20370,0.657,pop
20371,0.881,pop
20372,0.16,pop
20374,0.344,pop
20375,0.251,pop
20698,0.659,pop
20699,0.669,pop
20700,0.249,pop
20749,0.522,pop
20750,0.896,pop
20751,0.326,pop
20758,0.622,pop
20759,0.255,pop
20760,0.66,pop
20761,0.624,pop
20762,0.604,pop
20763,0.542,pop
20764,0.882,pop
20765,0.448,pop
20775,0.567,pop
20778,0.512,pop
20779,0.417,pop
20780,0.636,pop
20781,0.588,pop
20782,0.33,pop
20784,0.695,pop
20785,0.1,pop
20786,0.409,pop
20790,0.412,pop
20796,0.285,pop
20797,0.502,pop
20798,0.266,pop
20799,0.205,pop
20800,0.222,pop
20801,0.457,pop
20802,0.107,pop
20803,0.138,pop
20804,0.589,pop
20805,0.317,pop
20807,0.435,pop
20808,0.683,pop
20809,0.323,pop
20810,0.826,pop
20811,0.343,pop
20812,0.628,pop
20813,0.419,pop
20955,0.777,pop
20956,0.545,pop
20957,0.448,pop
20958,0.499,pop
20959,0.493,pop
20960,0.446,pop
20961,0.38,pop
21517,0.651,pop
21518,0.181,pop
21519,0.717,pop
21520,0.541,pop
21521,0.224,pop
21522,0.362,pop
21523,0.605,pop
21524,0.516,pop
21525,0.471,pop
21526,0.601,pop
21527,0.232,pop
21528,0.664,pop
21529,0.657,pop
21530,0.236,pop
21531,0.622,pop
21532,0.484,pop
21533,0.351,pop
21534,0.185,pop
21535,0.617,pop
21536,0.387,pop
21537,0.565,pop
21538,0.195,pop
21539,0.622,pop
21540,0.486,pop
21541,0.562,pop
21542,0.446,pop
21543,0.592,pop
21544,0.356,pop
21545,0.515,pop
21546,0.248,pop
21547,0.163,pop
21548,0.574,pop
21549,0.461,pop
21550,0.521,pop
21551,0.362,pop
21552,0.41,pop
21553,0.465,pop
21554,0.643,pop
21555,0.163,pop
21556,0.301,pop
21557,0.193,pop
21558,0.469,pop
21559,0.7,pop
21560,0.382,pop
21561,0.477,pop
21562,0.395,pop
21563,0.345,pop
21564,0.705,pop
21565,0.219,pop
21566,0.491,pop
21567,0.292,pop
21568,0.223,pop
21569,0.279,pop
21570,0.568,pop
21571,0.438,pop
21572,0.46,pop
21573,0.203,pop
21574,0.193,pop
21575,0.484,pop
21576,0.153,pop
21577,0.355,pop
21578,0.687,pop
21579,0.526,pop
21580,0.704,pop
21581,0.451,pop
21582,0.188,pop
21583,0.777,pop
21584,0.63,pop
21585,0.312,pop
21586,0.336,pop
21587,0.144,pop
21588,0.152,pop
21589,0.28,pop
21590,0.298,pop
21591,0.414,pop
21592,0.638,pop
21593,0.185,pop
21594,0.491,pop
21595,0.553,pop
21596,0.486,pop
21597,0.408,pop
21598,0.385,pop
21599,0.234,pop
21600,0.659,pop
21601,0.652,pop
21602,0.55,pop
21603,0.449,pop
21604,0.408,pop
21605,0.733,pop
21606,0.327,pop
21607,0.479,pop
21608,0.723,pop
21609,0.19,pop
21610,0.458,pop
21611,0.767,pop
21612,0.585,pop
21613,0.25,pop
21614,0.27,pop
21615,0.472,pop
21616,0.293,pop
21617,0.112,pop
21618,0.685,pop
21619,0.376,pop
21620,0.751,pop
21621,0.437,pop
21622,0.378,pop
21623,0.341,pop
21624,0.523,pop
21625,0.442,pop
21626,0.329,pop
21748,0.872,pop
21749,0.875,pop
21750,0.701,pop
21751,0.299,pop
21752,0.801,pop
21753,0.377,pop
21754,0.308,pop
21755,0.721,pop
21756,0.787,pop
21757,0.907,pop
21758,0.706,pop
21759,0.422,pop
21760,0.33,pop
21761,0.67,pop
21762,0.894,pop
21763,0.413,pop
21764,0.268,pop
21765,0.792,pop
21766,0.416,pop
21767,0.257,pop
21768,0.638,pop
21769,0.353,pop
21770,0.573,pop
21771,0.545,pop
21772,0.851,pop
21773,0.735,pop
21774,0.72,pop
21775,0.699,pop
21776,0.777,pop
21777,0.671,pop
21778,0.808,pop
21779,0.575,pop
21780,0.441,pop
21781,0.393,pop
21782,0.612,pop
21783,0.703,pop
21784,0.896,pop
21785,0.756,pop
21786,0.57,pop
21787,0.739,pop
21788,0.676,pop
21789,0.797,pop
21790,0.916,pop
21791,0.539,pop
21792,0.631,pop
21793,0.715,pop
21794,0.781,pop
21795,0.678,pop
21796,0.475,pop
21797,0.439,pop
21798,0.793,pop
21799,0.29,pop
21800,0.968,pop
21801,0.542,pop
21802,0.801,pop
21803,0.338,pop
21804,0.951,pop
21805,0.58,pop
21806,0.394,pop
21807,0.598,pop
21808,0.5,pop
21809,0.617,pop
21810,0.832,pop
21811,0.198,pop
21812,0.605,pop
21813,0.763,pop
21814,0.393,pop
21815,0.402,pop
21816,0.626,pop
21817,0.485,pop
21818,0.682,pop
21819,0.966,pop
21820,0.412,pop
21821,0.621,pop
21822,0.769,pop
21823,0.696,pop
21824,0.931,pop
21825,0.477,pop
21826,0.618,pop
21827,0.421,pop
21828,0.809,pop
21829,0.599,pop
21830,0.833,pop
21831,0.336,pop
21832,0.517,pop
21833,0.964,pop
21834,0.335,pop
21835,0.854,pop
21836,0.368,pop
21837,0.585,pop
21838,0.962,pop
21839,0.393,pop
21840,0.389,pop
21841,0.75,pop
21842,0.762,pop
21843,0.86,pop
21844,0.302,pop
21845,0.64,pop
21846,0.169,pop
21847,0.847,pop
21848,0.63,pop
21849,0.763,pop
21850,0.968,pop
21851,0.878,pop
21852,0.833,pop
21853,0.801,pop
21854,0.278,pop
21855,0.519,pop
21856,0.519,pop
21857,0.549,pop
21858,0.965,pop
21859,0.483,pop
21860,0.677,pop
21861,0.662,pop
21862,0.491,pop
21863,0.756,pop
21864,0.649,pop
21865,0.839,pop
21866,0.739,pop
21867,0.382,pop
21868,0.887,pop
21869,0.904,pop
21870,0.811,pop
21871,0.506,pop
21872,0.455,pop
21873,0.612,pop
21874,0.268,pop
21875,0.702,pop
21876,0.382,pop
21877,0.861,pop
21878,0.502,pop
21879,0.854,pop
21880,0.777,pop
21881,0.324,pop
21882,0.668,pop
21883,0.613,pop
21884,0.577,pop
21885,0.501,pop
21886,0.636,pop
21887,0.352,pop
21888,0.711,pop
21889,0.546,pop
21890,0.61,pop
21891,0.573,pop
21892,0.519,pop
21893,0.816,pop
21894,0.949,pop
21895,0.55,pop
21896,0.465,pop
21897,0.718,pop
21898,0.796,pop
21899,0.795,pop
21900,0.769,pop
21901,0.461,pop
21902,0.888,pop
21903,0.679,pop
21904,0.714,pop
22514,0.179,pop
22515,0.498,pop
22516,0.375,pop
22517,0.297,pop
22518,0.554,pop
22519,0.13,pop
22520,0.179,pop
22521,0.335,pop
22522,0.12,pop
22523,0.546,pop
22524,0.199,pop
22525,0.301,pop
22526,0.571,pop
22527,0.186,pop
22528,0.764,pop
22529,0.715,pop
22530,0.806,pop
22531,0.175,pop
22532,0.2,pop
22533,0.397,pop
22534,0.31,pop
22536,0.736,pop
22581,0.113,pop
22582,0.345,pop
22583,0.178,pop
22584,0.594,pop
22585,0.491,pop
22586,0.453,pop
22587,0.294,pop
22588,0.684,pop
22589,0.34,pop
22590,0.337,pop
22591,0.0922,pop
22592,0.164,pop
22593,0.769,pop
22594,0.499,pop
23143,0.344,pop
23144,0.755,pop
23145,0.198,pop
23146,0.322,pop
23147,0.513,pop
23148,0.792,pop
23149,0.659,pop
23150,0.166,pop
23151,0.627,pop
23152,0.61,pop
23153,0.311,pop
23154,0.572,pop
23155,0.439,pop
23156,0.239,pop
23157,0.414,pop
23158,0.657,pop
23159,0.502,pop
23160,0.1,pop
23161,0.858,pop
23162,0.354,pop
23163,0.487,pop
23164,0.637,pop
23165,0.314,pop
23166,0.276,pop
23167,0.121,pop
23168,0.35,pop
23169,0.23,pop
23170,0.511,pop
23171,0.457,pop
23172,0.87,pop
23173,0.705,pop
23174,0.45,pop
23175,0.455,pop
23176,0.233,pop
23177,0.316,pop
23178,0.153,pop
23179,0.619,pop
23180,0.777,pop
23181,0.294,pop
23182,0.536,pop
23183,0.517,pop
23184,0.308,pop
23185,0.476,pop
23186,0.189,pop
23187,0.632,pop
23188,0.34,pop
23189,0.434,pop
23190,0.613,pop
23191,0.834,pop
23192,0.962,pop
23193,0.4,pop
23194,0.449,pop
23195,0.827,pop
23196,0.43,pop
23197,0.575,pop
23198,0.3,pop
23199,0.0675,pop
23200,0.715,pop
23201,0.661,pop
23202,0.74,pop
23203,0.429,pop
23204,0.373,pop
23205,0.829,pop
23206,0.455,pop
23207,0.789,pop
23208,0.645,pop
23209,0.407,pop
23210,0.176,pop
23211,0.611,pop
23212,0.178,pop
23213,0.437,pop
23214,0.254,pop
23215,0.266,pop
23216,0.803,pop
23217,0.0531,pop
23218,0.294,pop
23219,0.411,pop
23220,0.622,pop
23221,0.502,pop
23222,0.876,pop
23223,0.348,pop
23224,0.609,pop
23225,0.37,pop
23226,0.645,pop
23227,0.594,pop
23228,0.142,pop
23229,0.282,pop
23230,0.4,pop
23231,0.379,pop
23232,0.119,pop
23233,0.188,pop
23234,0.409,pop
23235,0.356,pop
23236,0.344,pop
23237,0.899,pop
23238,0.568,pop
23239,0.247,pop
23240,0.629,pop
23241,0.186,pop
23242,0.843,pop
23243,0.443,pop
23244,0.145,pop
23245,0.67,pop
23246,0.718,pop
23247,0.593,pop
23248,0.236,pop
23249,0.43,pop
23250,0.628,pop
23251,0.44,pop
23252,0.509,pop
23253,0.733,pop
23254,0.528,pop
23255,0.563,pop
23256,0.0752,pop
23257,0.214,pop
23258,0.0563,pop
23259,0.329,pop
23260,0.276,pop
23261,0.425,pop
23262,0.383,pop
23263,0.457,pop
23264,0.84,pop
23265,0.721,pop
23266,0.928,pop
23267,0.632,pop
23268,0.679,pop
23269,0.784,pop
23270,0.286,pop
23271,0.473,pop
23272,0.767,pop
23273,0.655,pop
23274,0.807,pop
23275,0.618,pop
23276,0.723,pop
23277,0.963,pop
23278,0.317,pop
23279,0.709,pop
23280,0.385,pop
23281,0.718,pop
23282,0.442,pop
23283,0.398,pop
23284,0.785,pop
23285,0.569,pop
23286,0.265,pop
23287,0.318,pop
23288,0.225,pop
23289,0.724,pop
23290,0.662,pop
23291,0.425,pop
23292,0.724,pop
23293,0.494,pop
23294,0.226,pop
23295,0.266,pop
23296,0.876,pop
23297,0.511,pop
23298,0.756,pop
23299,0.866,pop
23300,0.769,pop
23301,0.841,pop
23302,0.443,pop
23303,0.508,pop
23304,0.24,pop
23305,0.593,pop
23306,0.238,pop
23307,0.657,pop
23308,0.559,pop
23309,0.404,pop
23310,0.685,pop
23311,0.643,pop
23312,0.722,pop
23313,0.464,pop
23314,0.693,pop
23315,0.359,pop
23316,0.59,pop
23317,0.522,pop
23318,0.509,pop
23319,0.552,pop
23320,0.583,pop
23321,0.422,pop
23322,0.387,pop
23323,0.118,pop
23324,0.711,pop
23325,0.286,pop
23326,0.841,pop
23327,0.32,pop
23328,0.821,pop
23329,0.172,pop
23330,0.965,pop
23331,0.561,pop
23332,0.518,pop
23333,0.381,pop
23334,0.298,pop
23335,0.419,pop
23336,0.494,pop
23337,0.559,pop
23338,0.713,pop
23339,0.445,pop
23340,0.944,pop
23341,0.828,pop
23342,0.37,pop
23343,0.382,pop
23344,0.283,pop
23345,0.629,pop
23346,0.438,pop
23347,0.454,pop
23348,0.797,pop
23349,0.485,pop
23350,0.646,pop
23351,0.674,pop
23352,0.52,pop
23353,0.886,pop
23354,0.415,pop
23355,0.581,pop
23356,0.671,pop
23357,0.533,pop
23358,0.27,pop
23359,0.371,pop
23360,0.537,pop
23361,0.203,pop
23362,0.718,pop
23363,0.765,pop
23364,0.523,pop
23365,0.652,pop
23366,0.676,pop
23367,0.371,pop
23368,0.158,pop
23369,0.803,pop
23370,0.931,pop
23371,0.82,pop
23372,0.933,pop
23373,0.235,pop
23374,0.468,pop
23375,0.27,pop
23376,0.309,pop
23377,0.723,pop
23378,0.587,pop
23379,0.395,pop
23380,0.495,pop
23381,0.578,pop
23382,0.356,pop
23383,0.567,pop
23384,0.783,pop
23385,0.553,pop
23386,0.564,pop
23387,0.634,pop
23388,0.305,pop
23389,0.693,pop
23390,0.876,pop
23391,0.456,pop
23392,0.222,pop
23393,0.347,pop
23394,0.409,pop
23395,0.337,pop
23396,0.588,pop
23397,0.527,pop
23398,0.389,pop
23399,0.511,pop
23400,0.239,pop
23401,0.518,pop
23402,0.534,pop
23403,0.684,pop
23404,0.577,pop
23405,0.523,pop
23406,0.869,pop
23407,0.5,pop
23408,0.63,pop
23409,0.566,pop
23410,0.496,pop
23411,0.386,pop
23412,0.58,pop
23413,0.255,pop
23414,0.432,pop
23415,0.349,pop
23416,0.847,pop
23417,0.401,pop
23418,0.863,pop
23419,0.49,pop
23420,0.373,pop
23421,0.43,pop
23422,0.808,pop
23423,0.397,pop
23424,0.675,pop
23425,0.652,pop
23426,0.287,pop
23427,0.616,pop
23428,0.243,pop
23429,0.743,pop
23430,0.304,pop
23431,0.336,pop
23432,0.581,pop
23433,0.623,pop
23434,0.851,pop
23435,0.846,pop
23436,0.793,pop
23437,0.787,pop
23438,0.811,pop
23439,0.424,pop
23440,0.834,pop
23441,0.548,pop
23442,0.611,pop
23443,0.745,pop
23444,0.526,pop
23445,0.821,pop
23446,0.647,pop
23447,0.563,pop
23448,0.556,pop
3,0.386,r&b
7,0.663,r&b
8,0.893,r&b
20,0.173,r&b
49,0.884,r&b
50,0.524,r&b
51,0.846,r&b
52,0.795,r&b
53,0.882,r&b
54,0.823,r&b
55,0.847,r&b
56,0.654,r&b
57,0.841,r&b
58,0.674,r&b
70,0.721,r&b
71,0.861,r&b
72,0.49,r&b
73,0.379,r&b
74,0.611,r&b
75,0.798,r&b
85,0.512,r&b
86,0.355,r&b
87,0.262,r&b
88,0.48,r&b
89,0.618,r&b
90,0.946,r&b
91,0.682,r&b
92,0.489,r&b
93,0.566,r&b
94,0.674,r&b
95,0.609,r&b
96,0.523,r&b
97,0.464,r&b
98,0.388,r&b
99,0.314,r&b
100,0.694,r&b
101,0.235,r&b
182,0.369,r&b
184,0.701,r&b
185,0.63,r&b
186,0.706,r&b
187,0.647,r&b
188,0.532,r&b
189,0.661,r&b
190,0.868,r&b
191,0.56,r&b
192,0.949,r&b
331,0.632,r&b
333,0.681,r&b
334,0.905,r&b
335,0.685,r&b
336,0.546,r&b
337,0.863,r&b
338,0.343,r&b
339,0.81,r&b
340,0.384,r&b
517,0.369,r&b
518,0.182,r&b
521,0.331,r&b
533,0.966,r&b
534,0.458,r&b
535,0.409,r&b
536,0.393,r&b
537,0.55,r&b
541,0.277,r&b
559,0.503,r&b
580,0.377,r&b
582,0.381,r&b
583,0.719,r&b
584,0.0376,r&b
585,0.233,r&b
586,0.2,r&b
587,0.197,r&b
589,0.343,r&b
590,0.495,r&b
591,0.439,r&b
618,0.494,r&b
620,0.551,r&b
622,0.397,r&b
623,0.49,r&b
624,0.483,r&b
625,0.273,r&b
626,0.623,r&b
627,0.364,r&b
628,0.195,r&b
629,0.52,r&b
630,0.42,r&b
631,0.456,r&b
632,0.551,r&b
633,0.422,r&b
634,0.718,r&b
635,0.518,r&b
636,0.669,r&b
637,0.539,r&b
897,0.687,r&b
898,0.9,r&b
899,0.613,r&b
900,0.874,r&b
901,0.612,r&b
902,0.656,r&b
903,0.54,r&b
904,0.654,r&b
914,0.591,r&b
915,0.259,r&b
924,0.748,r&b
925,0.825,r&b
926,0.675,r&b
927,0.916,r&b
928,0.488,r&b
929,0.801,r&b
930,0.521,r&b
939,0.857,r&b
1096,0.131,r&b
1097,0.596,r&b
1098,0.306,r&b
1099,0.311,r&b
1100,0.359,r&b
1106,0.714,r&b
1123,0.416,r&b
1124,0.615,r&b
1125,0.757,r&b
1132,0.645,r&b
1140,0.568,r&b
1141,0.594,r&b
1142,0.271,r&b
1144,0.757,r&b
1145,0.491,r&b
1146,0.65,r&b
1147,0.46,r&b
1152,0.44,r&b
1153,0.543,r&b
1157,0.859,r&b
1158,0.235,r&b
1159,0.282,r&b
1176,0.601,r&b
1179,0.624,r&b
1185,0.581,r&b
1188,0.923,r&b
1192,0.823,r&b
1193,0.882,r&b
1194,0.814,r&b
1195,0.958,r&b
1196,0.784,r&b
1197,0.819,r&b
1198,0.942,r&b
1199,0.772,r&b
1200,0.807,r&b
1201,0.748,r&b
1202,0.653,r&b
1203,0.881,r&b
1205,0.641,r&b
1207,0.64,r&b
1212,0.422,r&b
1215,0.794,r&b
1219,0.872,r&b
1220,0.672,r&b
1221,0.49,r&b
1224,0.963,r&b
1225,0.768,r&b
1228,0.799,r&b
1366,0.665,r&b
1367,0.558,r&b
1368,0.754,r&b
1369,0.0631,r&b
1370,0.125,r&b
1371,0.809,r&b
1372,0.0397,r&b
1373,0.693,r&b
1374,0.141,r&b
1375,0.49,r&b
1376,0.231,r&b
1377,0.572,r&b
1378,0.345,r&b
1379,0.56,r&b
1380,0.11,r&b
1381,0.168,r&b
1382,0.548,r&b
1383,0.418,r&b
1384,0.465,r&b
1423,0.213,r&b
1424,0.264,r&b
1425,0.932,r&b
1426,0.58,r&b
1427,0.67,r&b
1428,0.253,r&b
1429,0.519,r&b
1430,0.45,r&b
1431,0.663,r&b
1432,0.726,r&b
1433,0.543,r&b
1434,0.276,r&b
1435,0.864,r&b
1436,0.471,r&b
1437,0.038,r&b
1438,0.886,r&b
1439,0.19,r&b
1440,0.745,r&b
1441,0.963,r&b
1442,0.541,r&b
1443,0.138,r&b
1444,0.34,r&b
1445,0.354,r&b
1446,0.377,r&b
1454,0.6,r&b
1455,0.778,r&b
1456,0.332,r&b
1457,0.674,r&b
1458,0.426,r&b
1459,0.43,r&b
1460,0.539,r&b
1461,0.582,r&b
1771,0.214,r&b
1772,0.525,r&b
1773,0.802,r&b
1774,0.653,r&b
1775,0.676,r&b
1776,0.531,r&b
1777,0.835,r&b
1778,0.665,r&b
1779,0.931,r&b
1780,0.0492,r&b
1782,0.61,r&b
1783,0.434,r&b
1784,0.531,r&b
1785,0.562,r&b
1790,0.251,r&b
1793,0.863,r&b
1794,0.542,r&b
1795,0.128,r&b
1796,0.904,r&b
1797,0.741,r&b
1798,0.546,r&b
1802,0.676,r&b
1803,0.591,r&b
1804,0.348,r&b
1805,0.708,r&b
1806,0.55,r&b
1807,0.596,r&b
1808,0.622,r&b
1809,0.281,r&b
1810,0.541,r&b
1811,0.665,r&b
1812,0.287,r&b
1813,0.776,r&b
1816,0.565,r&b
1817,0.448,r&b
1818,0.688,r&b
1819,0.644,r&b
1820,0.318,r&b
1821,0.519,r&b
1822,0.627,r&b
1823,0.586,r&b
1824,0.31,r&b
1831,0.715,r&b
1849,0.635,r&b
1850,0.529,r&b
1851,0.582,r&b
1855,0.618,r&b
1856,0.397,r&b
1860,0.476,r&b
1861,0.317,r&b
1862,0.293,r&b
1878,0.606,r&b
1892,0.305,r&b
1893,0.574,r&b
1894,0.498,r&b
1895,0.837,r&b
1896,0.616,r&b
1897,0.307,r&b
1898,0.607,r&b
1899,0.811,r&b
1900,0.535,r&b
1905,0.803,r&b
1906,0.351,r&b
1928,0.655,r&b
1930,0.908,r&b
1933,0.661,r&b
1934,0.795,r&b
1935,0.73,r&b
1936,0.453,r&b
1937,0.902,r&b
1938,0.535,r&b
1939,0.81,r&b
1941,0.655,r&b
1942,0.291,r&b
1943,0.603,r&b
1944,0.842,r&b
2193,0.964,r&b
2196,0.679,r&b
2197,0.832,r&b
2198,0.906,r&b
2199,0.92,r&b
2200,0.64,r&b
2201,0.819,r&b
2202,0.891,r&b
2203,0.81,r&b
2204,0.789,r&b
2205,0.705,r&b
2206,0.454,r&b
2207,0.874,r&b
2208,0.96,r&b
2209,0.966,r&b
2221,0.795,r&b
2222,0.931,r&b
2223,0.974,r&b
2224,0.274,r&b
2225,0.6,r&b
2226,0.668,r&b
2227,0.856,r&b
2228,0.774,r&b
2229,0.722,r&b
2260,0.815,r&b
2261,0.702,r&b
2262,0.899,r&b
2263,0.676,r&b
2264,0.641,r&b
2265,0.929,r&b
2266,0.588,r&b
2267,0.528,r&b
2268,0.715,r&b
2269,0.764,r&b
2270,0.88,r&b
2271,0.967,r&b
2272,0.885,r&b
2274,0.77,r&b
2308,0.727,r&b
2309,0.909,r&b
2310,0.872,r&b
2311,0.638,r&b
2312,0.45,r&b
2313,0.752,r&b
2314,0.789,r&b
2318,0.576,r&b
2319,0.0985,r&b
2320,0.39,r&b
2323,0.438,r&b
2333,0.481,r&b
2334,0.526,r&b
2335,0.431,r&b
2336,0.528,r&b
2337,0.405,r&b
2338,0.453,r&b
2339,0.39,r&b
2340,0.177,r&b
2341,0.455,r&b
2342,0.683,r&b
2343,0.478,r&b
2344,0.922,r&b
2345,0.729,r&b
2348,0.357,r&b
2356,0.396,r&b
2357,0.515,r&b
2358,0.478,r&b
2359,0.689,r&b
2360,0.648,r&b
2362,0.823,r&b
2363,0.388,r&b
2364,0.832,r&b
2365,0.564,r&b
2366,0.383,r&b
2367,0.529,r&b
2368,0.872,r&b
2369,0.407,r&b
2370,0.572,r&b
2371,0.652,r&b
2372,0.416,r&b
2373,0.681,r&b
2374,0.638,r&b
2375,0.71,r&b
2376,0.598,r&b
2402,0.86,r&b
2403,0.943,r&b
2404,0.815,r&b
2415,0.313,r&b
2416,0.783,r&b
2417,0.727,r&b
2418,0.634,r&b
2419,0.339,r&b
2420,0.322,r&b
2421,0.464,r&b
2422,0.818,r&b
2423,0.403,r&b
2424,0.771,r&b
2425,0.243,r&b
2426,0.508,r&b
2427,0.174,r&b
2571,0.547,r&b
2572,0.509,r&b
3168,0.506,r&b
3169,0.563,r&b
3170,0.723,r&b
3171,0.556,r&b
3172,0.772,r&b
3173,0.713,r&b
3174,0.622,r&b
3175,0.921,r&b
3176,0.633,r&b
3177,0.859,r&b
3180,0.388,r&b
3181,0.717,r&b
3182,0.679,r&b
3183,0.66,r&b
3184,0.693,r&b
3185,0.779,r&b
3186,0.676,r&b
3187,0.587,r&b
3188,0.747,r&b
3189,0.903,r&b
3190,0.832,r&b
3191,0.783,r&b
3192,0.352,r&b
3193,0.748,r&b
3194,0.452,r&b
3195,0.549,r&b
3196,0.794,r&b
3197,0.875,r&b
3198,0.914,r&b
3199,0.518,r&b
3200,0.715,r&b
3201,0.763,r&b
3202,0.758,r&b
3203,0.55,r&b
3204,0.648,r&b
3208,0.832,r&b
3209,0.821,r&b
3210,0.526,r&b
3211,0.808,r&b
3212,0.833,r&b
3214,0.577,r&b
3218,0.772,r&b
3219,0.795,r&b
3221,0.317,r&b
3222,0.819,r&b
3223,0.184,r&b
3224,0.788,r&b
3229,0.592,r&b
3230,0.609,r&b
3231,0.523,r&b
3232,0.919,r&b
3233,0.638,r&b
3234,0.336,r&b
3235,0.897,r&b
3236,0.957,r&b
3238,0.787,r&b
3239,0.665,r&b
3240,0.207,r&b
3241,0.364,r&b
3242,0.825,r&b
3243,0.899,r&b
3247,0.701,r&b
3248,0.639,r&b
3249,0.697,r&b
3250,0.915,r&b
3262,0.275,r&b
3263,0.643,r&b
3264,0.766,r&b
3265,0.865,r&b
3266,0.911,r&b
3270,0.376,r&b
3271,0.588,r&b
3272,0.592,r&b
3273,0.753,r&b
3275,0.737,r&b
3283,0.785,r&b
3284,0.818,r&b
3285,0.815,r&b
3286,0.915,r&b
3287,0.702,r&b
3288,0.71,r&b
3289,0.673,r&b
3290,0.521,r&b
3291,0.618,r&b
3292,0.852,r&b
3293,0.791,r&b
3294,0.58,r&b
3295,0.63,r&b
3296,0.848,r&b
3298,0.841,r&b
3299,0.749,r&b
3300,0.706,r&b
3301,0.671,r&b
3302,0.637,r&b
3303,0.581,r&b
3304,0.704,r&b
3310,0.365,r&b
3316,0.799,r&b
3317,0.857,r&b
3318,0.96,r&b
3319,0.593,r&b
3320,0.765,r&b
3321,0.635,r&b
3322,0.78,r&b
3323,0.699,r&b
3435,0.789,r&b
3436,0.884,r&b
3441,0.806,r&b
3442,0.819,r&b
3443,0.543,r&b
3444,0.688,r&b
3445,0.947,r&b
3446,0.828,r&b
3447,0.693,r&b
3448,0.377,r&b
3449,0.52,r&b
3450,0.727,r&b
3451,0.741,r&b
3452,0.845,r&b
3453,0.628,r&b
3454,0.133,r&b
3455,0.807,r&b
3456,0.841,r&b
3467,0.317,r&b
3886,0.134,r&b
3889,0.384,r&b
3890,0.306,r&b
3891,0.243,r&b
3892,0.381,r&b
3893,0.426,r&b
3895,0.338,r&b
3896,0.601,r&b
3897,0.35,r&b
3898,0.299,r&b
3899,0.626,r&b
3900,0.135,r&b
3901,0.589,r&b
3917,0.324,r&b
3918,0.522,r&b
3919,0.347,r&b
3920,0.33,r&b
3921,0.713,r&b
3922,0.206,r&b
3923,0.424,r&b
3924,0.361,r&b
3925,0.406,r&b
3926,0.478,r&b
3927,0.453,r&b
3928,0.418,r&b
3929,0.38,r&b
3930,0.369,r&b
3931,0.912,r&b
3932,0.129,r&b
4159,0.645,r&b
4160,0.72,r&b
4161,0.65,r&b
4162,0.33,r&b
4163,0.667,r&b
4164,0.776,r&b
4165,0.797,r&b
4166,0.406,r&b
4167,0.548,r&b
4168,0.193,r&b
4169,0.405,r&b
4172,0.334,r&b
4173,0.618,r&b
4174,0.81,r&b
4175,0.344,r&b
4176,0.587,r&b
4177,0.551,r&b
4178,0.458,r&b
4179,0.789,r&b
4183,0.656,r&b
4184,0.28,r&b
4185,0.295,r&b
4190,0.606,r&b
4191,0.427,r&b
4192,0.674,r&b
4193,0.347,r&b
4194,0.387,r&b
4195,0.737,r&b
4210,0.385,r&b
4211,0.371,r&b
4212,0.155,r&b
4213,0.525,r&b
4397,0.476,r&b
4398,0.771,r&b
4399,0.434,r&b
4400,0.812,r&b
4401,0.593,r&b
4402,0.83,r&b
4403,0.644,r&b
4404,0.773,r&b
4405,0.826,r&b
4406,0.449,r&b
4407,0.701,r&b
4408,0.117,r&b
4409,0.339,r&b
4410,0.475,r&b
4411,0.526,r&b
4412,0.491,r&b
4413,0.198,r&b
4414,0.911,r&b
4415,0.588,r&b
4416,0.379,r&b
4417,0.446,r&b
4418,0.293,r&b
4419,0.21,r&b
4420,0.804,r&b
4421,0.216,r&b
4422,0.776,r&b
4423,0.689,r&b
4424,0.426,r&b
4425,0.673,r&b
4426,0.781,r&b
4427,0.781,r&b
4428,0.426,r&b
4429,0.446,r&b
4430,0.527,r&b
4431,0.65,r&b
4432,0.58,r&b
4433,0.615,r&b
4434,0.319,r&b
4435,0.483,r&b
4436,0.692,r&b
4437,0.518,r&b
4438,0.318,r&b
4439,0.71,r&b
4440,0.646,r&b
4441,0.691,r&b
4442,0.587,r&b
4443,0.495,r&b
4444,0.72,r&b
4445,0.421,r&b
4446,0.464,r&b
4447,0.457,r&b
4448,0.805,r&b
4449,0.579,r&b
4450,0.669,r&b
4451,0.64,r&b
4452,0.436,r&b
4453,0.32,r&b
4454,0.61,r&b
4455,0.527,r&b
4456,0.907,r&b
4457,0.261,r&b
4458,0.724,r&b
4459,0.808,r&b
4460,0.511,r&b
4484,0.814,r&b
4485,0.632,r&b
4486,0.895,r&b
4487,0.652,r&b
4488,0.928,r&b
4489,0.699,r&b
4490,0.867,r&b
4491,0.684,r&b
4492,0.654,r&b
4493,0.903,r&b
4494,0.656,r&b
4495,0.906,r&b
4496,0.444,r&b
4497,0.79,r&b
4498,0.721,r&b
4499,0.855,r&b
4500,0.964,r&b
4501,0.726,r&b
4502,0.869,r&b
4503,0.468,r&b
4504,0.834,r&b
4505,0.63,r&b
4506,0.765,r&b
4507,0.548,r&b
4508,0.347,r&b
4509,0.695,r&b
4510,0.782,r&b
4511,0.766,r&b
4512,0.751,r&b
4513,0.722,r&b
4514,0.837,r&b
4515,0.452,r&b
4516,0.388,r&b
4517,0.73,r&b
4518,0.633,r&b
4519,0.407,r&b
4783,0.739,r&b
4797,0.653,r&b
4798,0.789,r&b
4799,0.22,r&b
4800,0.25,r&b
4801,0.532,r&b
4802,0.233,r&b
4803,0.621,r&b
4804,0.16,r&b
4805,0.591,r&b
4806,0.877,r&b
4807,0.74,r&b
4808,0.783,r&b
4809,0.197,r&b
4810,0.386,r&b
4811,0.426,r&b
4812,0.521,r&b
4827,0.39,r&b
4832,0.76,r&b
4833,0.804,r&b
4844,0.0599,r&b
4845,0.59,r&b
4858,0.291,r&b
4859,0.123,r&b
4860,0.35,r&b
4861,0.327,r&b
4862,0.398,r&b
4863,0.184,r&b
4864,0.187,r&b
4865,0.33,r&b
4866,0.609,r&b
4867,0.12,r&b
4868,0.53,r&b
4869,0.877,r&b
4870,0.6,r&b
4881,0.961,r&b
4882,0.728,r&b
4883,0.361,r&b
4884,0.541,r&b
4885,0.49,r&b
4886,0.647,r&b
4887,0.414,r&b
4888,0.507,r&b
4889,0.915,r&b
4890,0.189,r&b
4891,0.542,r&b
4892,0.625,r&b
4893,0.0853,r&b
4894,0.21,r&b
4897,0.766,r&b
4898,0.442,r&b
4899,0.924,r&b
4900,0.815,r&b
4901,0.71,r&b
4902,0.226,r&b
4903,0.873,r&b
4904,0.2,r&b
4905,0.313,r&b
4906,0.52,r&b
4907,0.327,r&b
4909,0.294,r&b
4910,0.2,r&b
4911,0.777,r&b
4912,0.38,r&b
4913,0.532,r&b
4914,0.715,r&b
4915,0.393,r&b
4916,0.383,r&b
4944,0.551,r&b
4950,0.402,r&b
4951,0.425,r&b
4952,0.684,r&b
4953,0.693,r&b
4954,0.732,r&b
4955,0.454,r&b
4965,0.6,r&b
4972,0.56,r&b
4973,0.517,r&b
4974,0.256,r&b
4975,0.694,r&b
4976,0.966,r&b
4977,0.535,r&b
4978,0.657,r&b
4979,0.626,r&b
4980,0.123,r&b
4981,0.376,r&b
4982,0.704,r&b
4983,0.172,r&b
4984,0.67,r&b
4985,0.829,r&b
4989,0.843,r&b
4990,0.377,r&b
4992,0.437,r&b
4993,0.515,r&b
4994,0.422,r&b
4995,0.77,r&b
4996,0.964,r&b
5020,0.641,r&b
5030,0.444,r&b
5031,0.562,r&b
5032,0.384,r&b
5033,0.736,r&b
5034,0.178,r&b
5035,0.116,r&b
5036,0.718,r&b
5037,0.412,r&b
5038,0.567,r&b
5039,0.667,r&b
5040,0.925,r&b
5041,0.744,r&b
5042,0.625,r&b
5043,0.793,r&b
5044,0.618,r&b
5048,0.631,r&b
5049,0.454,r&b
5050,0.304,r&b
5051,0.309,r&b
5067,0.428,r&b
5068,0.742,r&b
5069,0.891,r&b
5070,0.786,r&b
5078,0.782,r&b
5079,0.745,r&b
5080,0.246,r&b
5081,0.336,r&b
5082,0.573,r&b
5083,0.334,r&b
5084,0.783,r&b
5085,0.816,r&b
5086,0.701,r&b
5087,0.707,r&b
5091,0.496,r&b
5095,0.33,r&b
5096,0.666,r&b
5097,0.485,r&b
5098,0.66,r&b
5099,0.306,r&b
5108,0.632,r&b
5109,0.753,r&b
5110,0.566,r&b
5111,0.681,r&b
5112,0.401,r&b
5113,0.557,r&b
5114,0.43,r&b
5115,0.335,r&b
5116,0.878,r&b
5117,0.364,r&b
5119,0.315,r&b
5120,0.334,r&b
5121,0.535,r&b
5122,0.653,r&b
5124,0.158,r&b
5127,0.219,r&b
5128,0.346,r&b
5129,0.386,r&b
5130,0.285,r&b
5131,0.727,r&b
5132,0.0966,r&b
5133,0.8,r&b
5134,0.884,r&b
5141,0.77,r&b
5146,0.375,r&b
5147,0.764,r&b
5148,0.741,r&b
5149,0.593,r&b
5150,0.137,r&b
5151,0.258,r&b
5152,0.16,r&b
5153,0.302,r&b
5154,0.191,r&b
5155,0.685,r&b
5156,0.664,r&b
5157,0.483,r&b
5158,0.205,r&b
5160,0.553,r&b
5161,0.599,r&b
5162,0.598,r&b
5163,0.729,r&b
5164,0.144,r&b
5165,0.589,r&b
5166,0.37,r&b
5167,0.425,r&b
5168,0.238,r&b
5169,0.441,r&b
5170,0.484,r&b
5211,0.337,r&b
5232,0.569,r&b
5237,0.454,r&b
5239,0.38,r&b
5240,0.495,r&b
5241,0.272,r&b
5242,0.152,r&b
5243,0.662,r&b
5244,0.422,r&b
5245,0.504,r&b
5247,0.334,r&b
5248,0.521,r&b
5249,0.343,r&b
5250,0.272,r&b
5251,0.276,r&b
5252,0.345,r&b
5253,0.483,r&b
5254,0.352,r&b
5255,0.702,r&b
5256,0.747,r&b
5570,0.542,r&b
5571,0.41,r&b
5572,0.162,r&b
5573,0.578,r&b
5574,0.333,r&b
5575,0.393,r&b
5576,0.634,r&b
5577,0.139,r&b
5578,0.224,r&b
5579,0.333,r&b
5580,0.508,r&b
5581,0.486,r&b
5582,0.528,r&b
5583,0.779,r&b
5584,0.339,r&b
5585,0.671,r&b
5586,0.382,r&b
5587,0.829,r&b
5588,0.197,r&b
5589,0.203,r&b
5590,0.452,r&b
5591,0.339,r&b
5592,0.474,r&b
5593,0.0735,r&b
5594,0.563,r&b
5595,0.211,r&b
5596,0.14,r&b
5597,0.223,r&b
5598,0.435,r&b
5599,0.59,r&b
5600,0.229,r&b
5601,0.192,r&b
5602,0.118,r&b
5603,0.961,r&b
5604,0.649,r&b
5605,0.541,r&b
5606,0.336,r&b
5607,0.189,r&b
5608,0.72,r&b
5609,0.408,r&b
5610,0.664,r&b
5611,0.314,r&b
5612,0.613,r&b
5613,0.0829,r&b
5614,0.285,r&b
5615,0.833,r&b
5616,0.617,r&b
5617,0.573,r&b
5618,0.34,r&b
5876,0.81,r&b
5888,0.43,r&b
5889,0.583,r&b
5890,0.119,r&b
5891,0.779,r&b
5892,0.425,r&b
5894,0.388,r&b
5895,0.321,r&b
5896,0.503,r&b
5897,0.496,r&b
5898,0.141,r&b
5899,0.688,r&b
5902,0.226,r&b
5903,0.0441,r&b
5906,0.705,r&b
5907,0.701,r&b
5908,0.436,r&b
5909,0.836,r&b
5910,0.584,r&b
5911,0.479,r&b
5912,0.354,r&b
5913,0.15,r&b
5914,0.351,r&b
5915,0.317,r&b
5916,0.289,r&b
5917,0.173,r&b
5918,0.275,r&b
5919,0.372,r&b
5929,0.648,r&b
5930,0.57,r&b
5931,0.25,r&b
5932,0.234,r&b
6045,0.341,r&b
6046,0.28,r&b
6077,0.266,r&b
6078,0.439,r&b
6079,0.21,r&b
6080,0.408,r&b
6081,0.441,r&b
6082,0.491,r&b
6086,0.861,r&b
6087,0.483,r&b
6088,0.219,r&b
6089,0.52,r&b
6090,0.245,r&b
6091,0.181,r&b
6107,0.168,r&b
6110,0.298,r&b
6111,0.307,r&b
6112,0.218,r&b
6113,0.0704,r&b
6114,0.348,r&b
6295,0.777,r&b
6296,0.832,r&b
6297,0.789,r&b
6299,0.942,r&b
6300,0.655,r&b
6307,0.653,r&b
6308,0.617,r&b
6309,0.887,r&b
6310,0.667,r&b
6311,0.703,r&b
6312,0.71,r&b
6313,0.75,r&b
6314,0.526,r&b
6315,0.78,r&b
6316,0.562,r&b
6317,0.896,r&b
6318,0.928,r&b
6319,0.79,r&b
6320,0.961,r&b
6321,0.955,r&b
6322,0.769,r&b
6323,0.645,r&b
6324,0.85,r&b
6325,0.526,r&b
6326,0.752,r&b
6327,0.739,r&b
6328,0.952,r&b
6329,0.621,r&b
6330,0.481,r&b
6331,0.778,r&b
6332,0.834,r&b
6333,0.887,r&b
6334,0.658,r&b
6335,0.831,r&b
6336,0.514,r&b
6337,0.852,r&b
6338,0.624,r&b
6339,0.654,r&b
6340,0.838,r&b
6341,0.594,r&b
6342,0.658,r&b
6343,0.78,r&b
6344,0.783,r&b
6345,0.884,r&b
6346,0.619,r&b
6347,0.712,r&b
6348,0.564,r&b
6349,0.817,r&b
6350,0.834,r&b
6351,0.588,r&b
6721,0.929,r&b
6722,0.51,r&b
6723,0.416,r&b
6724,0.395,r&b
6725,0.475,r&b
6726,0.709,r&b
6727,0.674,r&b
6728,0.591,r&b
6768,0.567,r&b
6769,0.424,r&b
6770,0.604,r&b
6771,0.321,r&b
6772,0.432,r&b
6773,0.542,r&b
6774,0.677,r&b
6775,0.309,r&b
6776,0.454,r&b
6777,0.42,r&b
6778,0.333,r&b
6779,0.733,r&b
6780,0.94,r&b
6781,0.381,r&b
6782,0.957,r&b
6783,0.966,r&b
6784,0.708,r&b
6785,0.346,r&b
6786,0.325,r&b
6787,0.144,r&b
6788,0.64,r&b
6789,0.776,r&b
6790,0.468,r&b
6791,0.229,r&b
6806,0.545,r&b
6807,0.722,r&b
6808,0.213,r&b
6809,0.484,r&b
6810,0.607,r&b
6811,0.405,r&b
6835,0.185,r&b
6837,0.64,r&b
6838,0.4,r&b
6839,0.662,r&b
6840,0.497,r&b
6841,0.717,r&b
6842,0.581,r&b
6851,0.527,r&b
6856,0.72,r&b
6860,0.306,r&b
6861,0.81,r&b
6862,0.841,r&b
6863,0.806,r&b
6864,0.356,r&b
6865,0.071,r&b
6866,0.908,r&b
6867,0.207,r&b
6868,0.493,r&b
6869,0.36,r&b
6870,0.0956,r&b
6871,0.582,r&b
6873,0.483,r&b
6874,0.397,r&b
6875,0.248,r&b
6880,0.759,r&b
6883,0.71,r&b
6884,0.69,r&b
6885,0.364,r&b
6886,0.13,r&b
6888,0.586,r&b
7077,0.0501,r&b
7078,0.319,r&b
7079,0.327,r&b
7096,0.323,r&b
7130,0.373,r&b
7131,0.667,r&b
7132,0.737,r&b
7143,0.36,r&b
7144,0.204,r&b
7145,0.367,r&b
7146,0.401,r&b
7147,0.842,r&b
7148,0.484,r&b
7149,0.587,r&b
7203,0.38,r&b
7204,0.766,r&b
7205,0.689,r&b
7206,0.347,r&b
7207,0.297,r&b
7208,0.485,r&b
7209,0.535,r&b
7210,0.584,r&b
7218,0.646,r&b
7221,0.461,r&b
7222,0.424,r&b
7223,0.196,r&b
7224,0.563,r&b
7225,0.709,r&b
7226,0.487,r&b
7227,0.137,r&b
7228,0.735,r&b
7229,0.171,r&b
7233,0.181,r&b
7234,0.538,r&b
7235,0.407,r&b
7236,0.357,r&b
7237,0.775,r&b
7238,0.486,r&b
7244,0.639,r&b
7246,0.478,r&b
7250,0.541,r&b
7251,0.409,r&b
7252,0.361,r&b
7253,0.104,r&b
7254,0.697,r&b
7255,0.761,r&b
7256,0.802,r&b
7495,0.766,r&b
7496,0.585,r&b
7497,0.446,r&b
7498,0.767,r&b
7499,0.635,r&b
7500,0.848,r&b
7501,0.455,r&b
7502,0.893,r&b
7509,0.536,r&b
7510,0.79,r&b
7511,0.767,r&b
7512,0.679,r&b
7526,0.768,r&b
7531,0.474,r&b
7532,0.88,r&b
7533,0.519,r&b
7534,0.68,r&b
7535,0.413,r&b
7536,0.842,r&b
7537,0.746,r&b
7538,0.848,r&b
7539,0.885,r&b
7540,0.661,r&b
7541,0.582,r&b
7544,0.821,r&b
7545,0.967,r&b
7546,0.889,r&b
7547,0.63,r&b
7553,0.799,r&b
7554,0.631,r&b
7555,0.677,r&b
7556,0.366,r&b
7564,0.501,r&b
7565,0.658,r&b
7566,0.448,r&b
7567,0.546,r&b
7568,0.909,r&b
7569,0.673,r&b
7570,0.582,r&b
7582,0.23,r&b
7583,0.779,r&b
7597,0.53,r&b
7598,0.732,r&b
7599,0.334,r&b
7601,0.777,r&b
7602,0.828,r&b
7603,0.554,r&b
7604,0.92,r&b
7605,0.733,r&b
7606,0.652,r&b
7615,0.567,r&b
7616,0.764,r&b
7617,0.874,r&b
7951,0.609,r&b
7952,0.752,r&b
7953,0.442,r&b
7954,0.652,r&b
7955,0.275,r&b
7956,0.675,r&b
7957,0.9,r&b
7958,0.855,r&b
7987,0.902,r&b
7994,0.747,r&b
7995,0.653,r&b
7996,0.324,r&b
8005,0.436,r&b
8006,0.494,r&b
8007,0.562,r&b
8008,0.828,r&b
8035,0.717,r&b
8036,0.75,r&b
8047,0.518,r&b
8051,0.278,r&b
8052,0.932,r&b
8062,0.715,r&b
8063,0.839,r&b
8099,0.758,r&b
8109,0.762,r&b
8111,0.566,r&b
8112,0.588,r&b
8113,0.315,r&b
8114,0.58,r&b
8115,0.763,r&b
8116,0.755,r&b
8117,0.772,r&b
8118,0.428,r&b
8119,0.532,r&b
8120,0.64,r&b
8121,0.499,r&b
8133,0.295,r&b
8134,0.672,r&b
8135,0.391,r&b
8137,0.647,r&b
8138,0.305,r&b
8139,0.19,r&b
8140,0.587,r&b
8141,0.576,r&b
8142,0.434,r&b
8143,0.674,r&b
8144,0.638,r&b
8145,0.405,r&b
8436,0.482,r&b
8437,0.43,r&b
8438,0.205,r&b
8439,0.682,r&b
8440,0.58,r&b
8441,0.452,r&b
8442,0.266,r&b
8443,0.551,r&b
8444,0.727,r&b
8445,0.444,r&b
8446,0.348,r&b
8447,0.336,r&b
8448,0.216,r&b
8449,0.181,r&b
8450,0.44,r&b
8451,0.308,r&b
8452,0.121,r&b
8453,0.512,r&b
8454,0.342,r&b
8455,0.431,r&b
8460,0.561,r&b
8461,0.512,r&b
8462,0.19,r&b
8463,0.244,r&b
8464,0.141,r&b
8476,0.548,r&b
8477,0.783,r&b
8478,0.555,r&b
8479,0.812,r&b
8595,0.503,r&b
8596,0.809,r&b
8597,0.787,r&b
8604,0.511,r&b
8605,0.382,r&b
8606,0.842,r&b
8607,0.29,r&b
8608,0.119,r&b
8609,0.701,r&b
8610,0.556,r&b
8611,0.885,r&b
8612,0.63,r&b
8613,0.251,r&b
8614,0.445,r&b
8615,0.255,r&b
8616,0.324,r&b
8617,0.232,r&b
8618,0.562,r&b
8619,0.385,r&b
8620,0.868,r&b
8621,0.363,r&b
8622,0.968,r&b
8623,0.8,r&b
8624,0.697,r&b
8625,0.0485,r&b
8626,0.312,r&b
8627,0.499,r&b
8628,0.96,r&b
8629,0.661,r&b
8630,0.347,r&b
8631,0.623,r&b
8632,0.8,r&b
8633,0.571,r&b
8634,0.207,r&b
8635,0.183,r&b
8636,0.555,r&b
8637,0.517,r&b
8638,0.611,r&b
8639,0.32,r&b
8640,0.411,r&b
8641,0.529,r&b
8642,0.545,r&b
8643,0.405,r&b
8644,0.272,r&b
8645,0.855,r&b
8646,0.816,r&b
8647,0.51,r&b
8648,0.279,r&b
8649,0.352,r&b
8650,0.239,r&b
8651,0.577,r&b
8652,0.962,r&b
8653,0.356,r&b
8654,0.239,r&b
8655,0.579,r&b
8656,0.732,r&b
8657,0.367,r&b
8658,0.644,r&b
8659,0.485,r&b
8660,0.787,r&b
8661,0.298,r&b
8662,0.869,r&b
8663,0.649,r&b
8664,0.186,r&b
8665,0.377,r&b
8666,0.547,r&b
8667,0.36,r&b
8668,0.576,r&b
8669,0.433,r&b
8670,0.613,r&b
8675,0.359,r&b
8676,0.326,r&b
8677,0.731,r&b
8679,0.761,r&b
8680,0.275,r&b
8681,0.74,r&b
8682,0.583,r&b
8683,0.798,r&b
8684,0.15,r&b
8685,0.576,r&b
8741,0.469,r&b
8742,0.748,r&b
8743,0.633,r&b
8753,0.293,r&b
8754,0.654,r&b
8755,0.304,r&b
8849,0.676,r&b
8850,0.168,r&b
8851,0.507,r&b
8852,0.12,r&b
8853,0.338,r&b
8854,0.312,r&b
8859,0.27,r&b
8860,0.458,r&b
8861,0.128,r&b
8865,0.536,r&b
8866,0.15,r&b
8867,0.0544,r&b
8868,0.165,r&b
8878,0.409,r&b
8879,0.552,r&b
8880,0.597,r&b
8881,0.139,r&b
8882,0.239,r&b
8883,0.33,r&b
8884,0.125,r&b
8885,0.72,r&b
8890,0.296,r&b
8898,0.299,r&b
8899,0.038,r&b
8900,0.644,r&b
8901,0.761,r&b
8902,0.238,r&b
8903,0.547,r&b
8904,0.205,r&b
8905,0.277,r&b
8907,0.247,r&b
8908,0.348,r&b
8909,0.325,r&b
8910,0.153,r&b
8911,0.507,r&b
8912,0.246,r&b
8913,0.191,r&b
8914,0.241,r&b
8915,0.284,r&b
8916,0.124,r&b
8922,0.552,r&b
8923,0.148,r&b
8924,0.27,r&b
8925,0.326,r&b
8963,0.561,r&b
8975,0.413,r&b
8976,0.195,r&b
8977,0.534,r&b
8978,0.378,r&b
8979,0.3,r&b
8980,0.543,r&b
8981,0.34,r&b
8982,0.636,r&b
8983,0.393,r&b
8984,0.101,r&b
8985,0.482,r&b
8987,0.369,r&b
8988,0.102,r&b
9182,0.333,r&b
9183,0.472,r&b
9184,0.0498,r&b
9185,0.0746,r&b
9186,0.566,r&b
9187,0.329,r&b
9188,0.129,r&b
9189,0.0608,r&b
9190,0.199,r&b
9191,0.103,r&b
9205,0.387,r&b
9206,0.67,r&b
9207,0.189,r&b
9208,0.206,r&b
9209,0.354,r&b
9210,0.537,r&b
9215,0.274,r&b
9216,0.339,r&b
9217,0.19,r&b
9218,0.348,r&b
9219,0.236,r&b
9220,0.404,r&b
9221,0.239,r&b
9222,0.103,r&b
9223,0.354,r&b
9224,0.381,r&b
9225,0.328,r&b
9226,0.427,r&b
9227,0.316,r&b
9228,0.468,r&b
9229,0.107,r&b
9230,0.2,r&b
9231,0.291,r&b
9232,0.451,r&b
9233,0.193,r&b
9234,0.164,r&b
9235,0.155,r&b
9236,0.348,r&b
9238,0.28,r&b
9239,0.473,r&b
9240,0.163,r&b
9241,0.454,r&b
9242,0.0581,r&b
9243,0.442,r&b
9247,0.322,r&b
9248,0.573,r&b
9249,0.545,r&b
9257,0.222,r&b
9264,0.332,r&b
9265,0.121,r&b
9311,0.112,r&b
9312,0.082,r&b
9313,0.572,r&b
9314,0.563,r&b
9315,0.337,r&b
9336,0.4,r&b
9337,0.372,r&b
9338,0.494,r&b
9339,0.696,r&b
9340,0.325,r&b
9341,0.19,r&b
9342,0.391,r&b
9406,0.188,r&b
9419,0.583,r&b
9420,0.782,r&b
9421,0.798,r&b
9426,0.386,r&b
9427,0.678,r&b
9428,0.321,r&b
9429,0.602,r&b
9430,0.727,r&b
9431,0.425,r&b
9432,0.486,r&b
9446,0.586,r&b
9447,0.437,r&b
9448,0.47,r&b
9449,0.847,r&b
9450,0.43,r&b
9451,0.778,r&b
9452,0.785,r&b
9457,0.595,r&b
9458,0.351,r&b
9459,0.345,r&b
9460,0.738,r&b
9461,0.772,r&b
9462,0.81,r&b
9463,0.646,r&b
9472,0.732,r&b
9473,0.795,r&b
9474,0.799,r&b
9475,0.649,r&b
9476,0.504,r&b
9477,0.693,r&b
9498,0.958,r&b
9499,0.696,r&b
9500,0.84,r&b
9512,0.77,r&b
9513,0.453,r&b
9514,0.599,r&b
9515,0.848,r&b
9516,0.666,r&b
9517,0.405,r&b
9518,0.623,r&b
9519,0.497,r&b
9520,0.764,r&b
9521,0.418,r&b
9522,0.707,r&b
9523,0.656,r&b
9531,0.427,r&b
9532,0.531,r&b
9533,0.597,r&b
9541,0.545,r&b
9631,0.741,r&b
9632,0.396,r&b
9633,0.343,r&b
9634,0.826,r&b
9635,0.575,r&b
9636,0.731,r&b
9684,0.431,r&b
9685,0.723,r&b
9686,0.329,r&b
9687,0.606,r&b
9688,0.353,r&b
9697,0.55,r&b
9706,0.53,r&b
9707,0.675,r&b
9708,0.44,r&b
9709,0.636,r&b
9710,0.7,r&b
9711,0.493,r&b
9712,0.824,r&b
9713,0.313,r&b
9714,0.339,r&b
9715,0.899,r&b
9716,0.321,r&b
9717,0.721,r&b
9718,0.497,r&b
9719,0.679,r&b
9720,0.241,r&b
9721,0.41,r&b
9722,0.398,r&b
9723,0.729,r&b
9724,0.388,r&b
9725,0.695,r&b
9726,0.0673,r&b
9727,0.188,r&b
9728,0.705,r&b
9729,0.342,r&b
9740,0.81,r&b
9741,0.451,r&b
9758,0.162,r&b
9759,0.333,r&b
9770,0.373,r&b
9771,0.351,r&b
9772,0.0705,r&b
9778,0.124,r&b
9779,0.816,r&b
9780,0.168,r&b
9781,0.711,r&b
9782,0.21,r&b
9783,0.312,r&b
9784,0.339,r&b
9785,0.789,r&b
9786,0.662,r&b
9788,0.4,r&b
9789,0.43,r&b
9790,0.533,r&b
9791,0.167,r&b
9792,0.79,r&b
9793,0.643,r&b
9794,0.83,r&b
9795,0.801,r&b
9796,0.34,r&b
9797,0.391,r&b
9798,0.516,r&b
9799,0.414,r&b
9800,0.142,r&b
9801,0.369,r&b
9802,0.623,r&b
9803,0.585,r&b
9804,0.282,r&b
9805,0.207,r&b
9806,0.951,r&b
9807,0.36,r&b
9808,0.611,r&b
9811,0.476,r&b
9812,0.663,r&b
9813,0.786,r&b
9814,0.535,r&b
9815,0.563,r&b
9816,0.481,r&b
9817,0.447,r&b
9818,0.726,r&b
9819,0.728,r&b
9820,0.691,r&b
9821,0.507,r&b
9824,0.0827,r&b
9825,0.603,r&b
9829,0.342,r&b
9830,0.639,r&b
9831,0.926,r&b
9832,0.201,r&b
9833,0.485,r&b
9878,0.506,r&b
9879,0.536,r&b
9880,0.239,r&b
9881,0.638,r&b
9882,0.445,r&b
9883,0.664,r&b
9888,0.313,r&b
9889,0.853,r&b
9890,0.344,r&b
9903,0.389,r&b
9904,0.435,r&b
9905,0.344,r&b
9906,0.504,r&b
9907,0.497,r&b
9908,0.0379,r&b
9909,0.363,r&b
9912,0.601,r&b
9915,0.157,r&b
9916,0.142,r&b
9917,0.397,r&b
9918,0.239,r&b
9919,0.69,r&b
9938,0.465,r&b
9939,0.129,r&b
9993,0.237,r&b
9994,0.329,r&b
10000,0.376,r&b
10023,0.78,r&b
10024,0.493,r&b
10025,0.481,r&b
10026,0.0655,r&b
10027,0.517,r&b
10028,0.33,r&b
10029,0.0727,r&b
10030,0.242,r&b
10031,0.516,r&b
10032,0.344,r&b
10046,0.267,r&b
10056,0.635,r&b
10150,0.504,r&b
10151,0.492,r&b
10152,0.675,r&b
10153,0.52,r&b
10159,0.207,r&b
10160,0.164,r&b
10161,0.578,r&b
10162,0.63,r&b
10163,0.448,r&b
10164,0.129,r&b
10165,0.463,r&b
10166,0.49,r&b
10167,0.187,r&b
10168,0.841,r&b
10169,0.422,r&b
10170,0.342,r&b
10171,0.459,r&b
10172,0.772,r&b
10173,0.554,r&b
10174,0.821,r&b
10175,0.88,r&b
10176,0.725,r&b
10179,0.681,r&b
10180,0.319,r&b
10181,0.351,r&b
10182,0.188,r&b
10183,0.485,r&b
10184,0.589,r&b
10185,0.534,r&b
10186,0.425,r&b
10187,0.849,r&b
10188,0.53,r&b
10189,0.252,r&b
10190,0.376,r&b
10191,0.523,r&b
10192,0.199,r&b
10193,0.681,r&b
10194,0.547,r&b
10195,0.615,r&b
10196,0.282,r&b
10197,0.358,r&b
10198,0.559,r&b
10199,0.36,r&b
10200,0.937,r&b
10201,0.757,r&b
10202,0.544,r&b
10204,0.231,r&b
10205,0.377,r&b
10206,0.88,r&b
10207,0.472,r&b
10208,0.579,r&b
10209,0.93,r&b
10210,0.43,r&b
10211,0.384,r&b
10212,0.607,r&b
10213,0.144,r&b
10214,0.499,r&b
10215,0.727,r&b
10216,0.373,r&b
10217,0.486,r&b
10221,0.76,r&b
10222,0.653,r&b
10223,0.63,r&b
10224,0.769,r&b
10229,0.826,r&b
10230,0.198,r&b
10231,0.35,r&b
10232,0.492,r&b
10233,0.711,r&b
10236,0.847,r&b
10237,0.727,r&b
10242,0.762,r&b
10243,0.694,r&b
10253,0.809,r&b
10254,0.654,r&b
10255,0.79,r&b
10256,0.495,r&b
10257,0.825,r&b
10258,0.549,r&b
10259,0.464,r&b
10260,0.825,r&b
10261,0.863,r&b
10262,0.698,r&b
10263,0.525,r&b
10264,0.532,r&b
10265,0.376,r&b
10266,0.798,r&b
10273,0.629,r&b
10274,0.536,r&b
10275,0.824,r&b
10276,0.488,r&b
10277,0.311,r&b
10278,0.535,r&b
10279,0.688,r&b
10280,0.703,r&b
10281,0.714,r&b
10282,0.922,r&b
10283,0.745,r&b
10284,0.608,r&b
10285,0.375,r&b
10286,0.602,r&b
10287,0.544,r&b
10288,0.338,r&b
10289,0.536,r&b
10290,0.819,r&b
10291,0.575,r&b
10292,0.679,r&b
10293,0.417,r&b
10294,0.959,r&b
10295,0.746,r&b
10296,0.178,r&b
10297,0.192,r&b
10298,0.776,r&b
10299,0.365,r&b
10300,0.551,r&b
10305,0.451,r&b
10306,0.558,r&b
10307,0.408,r&b
10308,0.572,r&b
10309,0.17,r&b
10310,0.339,r&b
10311,0.424,r&b
10312,0.53,r&b
10313,0.625,r&b
10314,0.396,r&b
10315,0.61,r&b
10316,0.312,r&b
10317,0.624,r&b
10321,0.429,r&b
10322,0.745,r&b
10339,0.481,r&b
10340,0.105,r&b
10341,0.147,r&b
10342,0.35,r&b
10343,0.814,r&b
10344,0.589,r&b
10345,0.394,r&b
10346,0.367,r&b
10347,0.394,r&b
11203,0.765,r&b
11204,0.595,r&b
11205,0.592,r&b
11206,0.615,r&b
11207,0.577,r&b
11214,0.502,r&b
11215,0.746,r&b
11216,0.78,r&b
11217,0.655,r&b
11218,0.743,r&b
11219,0.582,r&b
11220,0.73,r&b
11221,0.882,r&b
11222,0.919,r&b
11223,0.485,r&b
11224,0.311,r&b
11225,0.967,r&b
11226,0.531,r&b
11227,0.69,r&b
11228,0.357,r&b
11231,0.915,r&b
11232,0.539,r&b
11233,0.133,r&b
11234,0.696,r&b
11235,0.222,r&b
11239,0.523,r&b
11240,0.86,r&b
11241,0.584,r&b
11242,0.887,r&b
11243,0.798,r&b
11244,0.766,r&b
11245,0.43,r&b
11256,0.572,r&b
11257,0.629,r&b
11258,0.714,r&b
11259,0.366,r&b
11260,0.392,r&b
11261,0.881,r&b
11262,0.28,r&b
11263,0.949,r&b
11264,0.438,r&b
11265,0.628,r&b
11266,0.789,r&b
11267,0.417,r&b
11268,0.914,r&b
11269,0.601,r&b
11270,0.75,r&b
11273,0.119,r&b
11274,0.489,r&b
11275,0.566,r&b
11276,0.671,r&b
11277,0.484,r&b
11281,0.0456,r&b
11282,0.368,r&b
11291,0.913,r&b
11292,0.547,r&b
11293,0.666,r&b
11294,0.971,r&b
11295,0.893,r&b
11296,0.599,r&b
11297,0.855,r&b
12450,0.382,r&b
12451,0.82,r&b
12452,0.835,r&b
12453,0.619,r&b
12463,0.511,r&b
12464,0.578,r&b
12465,0.726,r&b
12466,0.603,r&b
12467,0.611,r&b
12468,0.51,r&b
12469,0.634,r&b
12470,0.427,r&b
12471,0.229,r&b
12472,0.199,r&b
12473,0.63,r&b
12474,0.723,r&b
12475,0.234,r&b
12476,0.825,r&b
12477,0.675,r&b
12478,0.262,r&b
12479,0.298,r&b
12480,0.648,r&b
12481,0.734,r&b
12482,0.904,r&b
12483,0.698,r&b
12484,0.596,r&b
12485,0.909,r&b
12486,0.539,r&b
12487,0.505,r&b
12488,0.149,r&b
12489,0.651,r&b
12490,0.581,r&b
12491,0.359,r&b
12492,0.291,r&b
12493,0.339,r&b
12494,0.364,r&b
12495,0.807,r&b
12496,0.771,r&b
12497,0.637,r&b
12504,0.52,r&b
12505,0.729,r&b
12506,0.844,r&b
12507,0.54,r&b
12508,0.77,r&b
12575,0.416,r&b
12576,0.358,r&b
12577,0.506,r&b
12578,0.511,r&b
12579,0.452,r&b
12580,0.739,r&b
12581,0.697,r&b
12582,0.65,r&b
12583,0.843,r&b
12584,0.761,r&b
12585,0.516,r&b
12586,0.666,r&b
12587,0.358,r&b
12588,0.897,r&b
12589,0.833,r&b
12590,0.677,r&b
12591,0.502,r&b
12592,0.548,r&b
12593,0.609,r&b
12594,0.663,r&b
12595,0.254,r&b
12596,0.615,r&b
12597,0.612,r&b
12598,0.569,r&b
12599,0.491,r&b
12600,0.709,r&b
12601,0.671,r&b
12602,0.663,r&b
12603,0.481,r&b
12604,0.0619,r&b
12605,0.888,r&b
12606,0.37,r&b
12607,0.615,r&b
12608,0.762,r&b
12984,0.47,r&b
12985,0.305,r&b
12986,0.417,r&b
12987,0.115,r&b
12988,0.466,r&b
12989,0.515,r&b
12990,0.659,r&b
12991,0.222,r&b
12992,0.252,r&b
12995,0.552,r&b
12996,0.863,r&b
12997,0.698,r&b
12998,0.112,r&b
12999,0.352,r&b
13000,0.412,r&b
13001,0.669,r&b
13002,0.754,r&b
13003,0.283,r&b
13004,0.367,r&b
13005,0.477,r&b
13006,0.31,r&b
13007,0.535,r&b
13008,0.121,r&b
13009,0.243,r&b
13010,0.223,r&b
13011,0.462,r&b
13012,0.819,r&b
13013,0.667,r&b
13014,0.36,r&b
13015,0.11,r&b
13016,0.419,r&b
13017,0.534,r&b
13018,0.475,r&b
13019,0.301,r&b
13020,0.676,r&b
13021,0.356,r&b
13022,0.417,r&b
13023,0.121,r&b
13024,0.151,r&b
13025,0.13,r&b
13026,0.235,r&b
13027,0.44,r&b
13028,0.326,r&b
13029,0.476,r&b
13030,0.742,r&b
13031,0.62,r&b
13032,0.33,r&b
13033,0.171,r&b
13034,0.1,r&b
13042,0.411,r&b
13043,0.645,r&b
13044,0.774,r&b
13045,0.478,r&b
13056,0.645,r&b
13057,0.216,r&b
13058,0.418,r&b
13118,0.462,r&b
13119,0.284,r&b
13120,0.478,r&b
13121,0.244,r&b
13122,0.264,r&b
13133,0.426,r&b
13134,0.372,r&b
13135,0.278,r&b
13136,0.248,r&b
13137,0.555,r&b
13138,0.575,r&b
13139,0.802,r&b
13140,0.653,r&b
13141,0.627,r&b
13142,0.319,r&b
13143,0.78,r&b
13144,0.488,r&b
13145,0.778,r&b
13146,0.557,r&b
13147,0.613,r&b
13148,0.528,r&b
13149,0.53,r&b
13150,0.518,r&b
13151,0.371,r&b
13152,0.32,r&b
13153,0.707,r&b
13154,0.539,r&b
13155,0.644,r&b
13156,0.757,r&b
13157,0.614,r&b
13158,0.283,r&b
13159,0.384,r&b
13160,0.234,r&b
13161,0.923,r&b
13162,0.654,r&b
13163,0.722,r&b
13164,0.538,r&b
13165,0.507,r&b
13166,0.957,r&b
13167,0.25,r&b
13168,0.258,r&b
13169,0.639,r&b
13170,0.148,r&b
13171,0.531,r&b
13172,0.324,r&b
13173,0.501,r&b
13174,0.671,r&b
13175,0.379,r&b
13176,0.437,r&b
13177,0.149,r&b
13178,0.453,r&b
13179,0.309,r&b
13180,0.893,r&b
13181,0.561,r&b
13182,0.573,r&b
13183,0.763,r&b
13184,0.525,r&b
13185,0.127,r&b
13186,0.362,r&b
13187,0.911,r&b
13188,0.756,r&b
13189,0.671,r&b
13190,0.483,r&b
13208,0.468,r&b
13209,0.483,r&b
13210,0.606,r&b
13211,0.292,r&b
13212,0.35,r&b
13213,0.37,r&b
13214,0.753,r&b
13215,0.416,r&b
13450,0.78,r&b
13451,0.352,r&b
13452,0.217,r&b
13453,0.638,r&b
13454,0.614,r&b
14589,0.532,r&b
14590,0.832,r&b
14591,0.467,r&b
14592,0.715,r&b
14593,0.702,r&b
14596,0.353,r&b
14611,0.772,r&b
14612,0.492,r&b
14613,0.375,r&b
14614,0.611,r&b
14615,0.359,r&b
14616,0.431,r&b
14617,0.837,r&b
14618,0.403,r&b
14619,0.938,r&b
14620,0.871,r&b
14621,0.645,r&b
14622,0.838,r&b
14623,0.539,r&b
14624,0.865,r&b
14625,0.844,r&b
14626,0.702,r&b
14627,0.498,r&b
14628,0.482,r&b
14629,0.528,r&b
14630,0.709,r&b
14631,0.721,r&b
14632,0.75,r&b
14633,0.641,r&b
14634,0.689,r&b
14635,0.646,r&b
14636,0.969,r&b
14637,0.725,r&b
14638,0.33,r&b
14640,0.672,r&b
14641,0.454,r&b
14642,0.972,r&b
14643,0.414,r&b
14644,0.821,r&b
14645,0.331,r&b
14646,0.747,r&b
14647,0.34,r&b
14648,0.704,r&b
14649,0.607,r&b
14650,0.273,r&b
14651,0.836,r&b
14652,0.113,r&b
14653,0.497,r&b
14654,0.472,r&b
14655,0.819,r&b
14656,0.483,r&b
14657,0.516,r&b
14658,0.557,r&b
14659,0.538,r&b
14660,0.195,r&b
14661,0.268,r&b
14662,0.883,r&b
14663,0.809,r&b
14664,0.842,r&b
14665,0.771,r&b
14666,0.763,r&b
14667,0.622,r&b
14668,0.228,r&b
14669,0.577,r&b
14670,0.196,r&b
14682,0.464,r&b
14694,0.655,r&b
14810,0.535,r&b
14811,0.722,r&b
14812,0.53,r&b
14813,0.679,r&b
14822,0.41,r&b
14823,0.593,r&b
14824,0.211,r&b
14844,0.764,r&b
14845,0.503,r&b
14846,0.329,r&b
14847,0.253,r&b
14848,0.864,r&b
14849,0.331,r&b
14850,0.385,r&b
14851,0.475,r&b
14852,0.91,r&b
14853,0.46,r&b
14854,0.482,r&b
14855,0.55,r&b
14856,0.91,r&b
14857,0.134,r&b
14981,0.601,r&b
14993,0.179,r&b
14994,0.145,r&b
14995,0.464,r&b
14996,0.363,r&b
14997,0.188,r&b
14998,0.197,r&b
14999,0.529,r&b
15000,0.402,r&b
15001,0.0527,r&b
15002,0.268,r&b
15003,0.518,r&b
15004,0.503,r&b
15005,0.106,r&b
15006,0.646,r&b
15007,0.431,r&b
15008,0.261,r&b
15009,0.402,r&b
15010,0.155,r&b
15011,0.568,r&b
15012,0.579,r&b
15013,0.186,r&b
15014,0.426,r&b
15015,0.132,r&b
15016,0.363,r&b
15017,0.292,r&b
15018,0.313,r&b
15019,0.241,r&b
15020,0.351,r&b
15021,0.186,r&b
15022,0.345,r&b
15033,0.174,r&b
15034,0.425,r&b
15035,0.142,r&b
15036,0.209,r&b
15086,0.507,r&b
15087,0.714,r&b
15088,0.239,r&b
15089,0.504,r&b
15090,0.215,r&b
15091,0.555,r&b
15092,0.701,r&b
15093,0.573,r&b
15094,0.86,r&b
15095,0.672,r&b
15096,0.211,r&b
15098,0.409,r&b
15099,0.775,r&b
15100,0.8,r&b
15116,0.364,r&b
15122,0.265,r&b
15123,0.177,r&b
15124,0.582,r&b
15125,0.678,r&b
15126,0.428,r&b
15127,0.217,r&b
15128,0.656,r&b
15129,0.646,r&b
15130,0.461,r&b
15135,0.221,r&b
15144,0.463,r&b
15145,0.102,r&b
15146,0.239,r&b
15157,0.641,r&b
15158,0.537,r&b
15159,0.558,r&b
15160,0.423,r&b
15503,0.714,r&b
15504,0.584,r&b
15505,0.676,r&b
15506,0.897,r&b
15507,0.621,r&b
15508,0.662,r&b
15509,0.855,r&b
15510,0.415,r&b
15511,0.535,r&b
15515,0.726,r&b
15516,0.391,r&b
15517,0.948,r&b
15518,0.685,r&b
15519,0.904,r&b
15520,0.74,r&b
15521,0.848,r&b
15522,0.961,r&b
15523,0.642,r&b
15524,0.311,r&b
15525,0.761,r&b
15526,0.739,r&b
15527,0.685,r&b
15528,0.618,r&b
15529,0.564,r&b
15530,0.817,r&b
15531,0.652,r&b
15532,0.922,r&b
15533,0.912,r&b
15534,0.726,r&b
15535,0.472,r&b
15536,0.775,r&b
15537,0.649,r&b
15538,0.615,r&b
15539,0.661,r&b
15540,0.702,r&b
15541,0.4,r&b
15542,0.852,r&b
15543,0.872,r&b
15544,0.78,r&b
15545,0.685,r&b
15546,0.885,r&b
15547,0.821,r&b
15548,0.58,r&b
15549,0.591,r&b
15550,0.913,r&b
15551,0.806,r&b
15552,0.464,r&b
15553,0.464,r&b
15554,0.547,r&b
15555,0.811,r&b
15556,0.152,r&b
15557,0.611,r&b
15558,0.743,r&b
15559,0.816,r&b
15565,0.592,r&b
15566,0.319,r&b
15567,0.857,r&b
15568,0.59,r&b
15569,0.515,r&b
15837,0.628,r&b
15838,0.722,r&b
15839,0.238,r&b
15840,0.461,r&b
15847,0.783,r&b
15848,0.908,r&b
15849,0.319,r&b
15850,0.745,r&b
15853,0.741,r&b
15854,0.604,r&b
15855,0.593,r&b
15856,0.307,r&b
15857,0.346,r&b
15858,0.481,r&b
15867,0.463,r&b
15868,0.734,r&b
15869,0.716,r&b
15870,0.224,r&b
15871,0.507,r&b
15872,0.448,r&b
15879,0.467,r&b
15880,0.728,r&b
15881,0.274,r&b
15882,0.324,r&b
15883,0.536,r&b
15884,0.809,r&b
15885,0.875,r&b
15886,0.492,r&b
15895,0.438,r&b
15896,0.59,r&b
15897,0.917,r&b
15898,0.228,r&b
15899,0.32,r&b
15938,0.635,r&b
15939,0.473,r&b
15940,0.689,r&b
15949,0.542,r&b
15950,0.756,r&b
15963,0.349,r&b
15964,0.514,r&b
15965,0.397,r&b
15966,0.384,r&b
15967,0.625,r&b
15968,0.819,r&b
15969,0.515,r&b
15970,0.42,r&b
15971,0.473,r&b
15972,0.455,r&b
15973,0.623,r&b
15974,0.385,r&b
15975,0.394,r&b
15976,0.166,r&b
15977,0.339,r&b
15978,0.399,r&b
15979,0.735,r&b
15980,0.587,r&b
15981,0.394,r&b
15982,0.577,r&b
15983,0.464,r&b
15984,0.755,r&b
15985,0.411,r&b
15986,0.747,r&b
15987,0.621,r&b
15988,0.33,r&b
15989,0.636,r&b
15990,0.203,r&b
15991,0.625,r&b
15992,0.409,r&b
15993,0.539,r&b
15994,0.415,r&b
15995,0.52,r&b
15996,0.649,r&b
15997,0.28,r&b
16012,0.353,r&b
16013,0.883,r&b
16014,0.34,r&b
16015,0.497,r&b
16016,0.413,r&b
16032,0.663,r&b
16033,0.14,r&b
16339,0.773,r&b
16340,0.438,r&b
16341,0.123,r&b
16342,0.344,r&b
16343,0.877,r&b
16344,0.21,r&b
16345,0.802,r&b
16346,0.955,r&b
16347,0.42,r&b
16348,0.189,r&b
16349,0.121,r&b
16350,0.256,r&b
16351,0.364,r&b
16352,0.398,r&b
16353,0.842,r&b
16354,0.626,r&b
16355,0.399,r&b
16356,0.408,r&b
16357,0.343,r&b
16358,0.732,r&b
16359,0.464,r&b
16431,0.701,r&b
16432,0.211,r&b
16433,0.482,r&b
16434,0.805,r&b
16435,0.65,r&b
16436,0.395,r&b
16437,0.448,r&b
16438,0.558,r&b
16439,0.827,r&b
16440,0.428,r&b
16441,0.723,r&b
16442,0.66,r&b
16443,0.292,r&b
16444,0.496,r&b
16445,0.784,r&b
16446,0.768,r&b
16447,0.778,r&b
16448,0.211,r&b
16449,0.649,r&b
16450,0.242,r&b
16451,0.775,r&b
16452,0.279,r&b
16453,0.647,r&b
16454,0.733,r&b
16455,0.487,r&b
16456,0.173,r&b
16457,0.582,r&b
16458,0.181,r&b
16459,0.752,r&b
16460,0.695,r&b
16461,0.645,r&b
16462,0.401,r&b
16463,0.969,r&b
16464,0.725,r&b
16465,0.761,r&b
16466,0.693,r&b
16467,0.59,r&b
16468,0.711,r&b
16469,0.653,r&b
16470,0.513,r&b
16471,0.581,r&b
16472,0.632,r&b
16473,0.525,r&b
16474,0.471,r&b
16475,0.796,r&b
16476,0.757,r&b
16477,0.868,r&b
16478,0.651,r&b
16479,0.521,r&b
16480,0.657,r&b
16481,0.551,r&b
16482,0.763,r&b
16483,0.86,r&b
16484,0.586,r&b
16485,0.761,r&b
16486,0.566,r&b
16487,0.966,r&b
19009,0.967,r&b
19010,0.629,r&b
19011,0.399,r&b
19012,0.872,r&b
19013,0.288,r&b
19014,0.66,r&b
19015,0.641,r&b
19016,0.0955,r&b
19017,0.856,r&b
19018,0.539,r&b
19019,0.317,r&b
19020,0.939,r&b
19021,0.833,r&b
19022,0.561,r&b
19023,0.693,r&b
19024,0.877,r&b
19025,0.902,r&b
19026,0.977,r&b
19027,0.504,r&b
19028,0.196,r&b
19029,0.666,r&b
19030,0.752,r&b
19031,0.816,r&b
19032,0.22,r&b
19033,0.852,r&b
19034,0.808,r&b
19035,0.504,r&b
19036,0.742,r&b
19037,0.77,r&b
19038,0.19,r&b
19039,0.324,r&b
19040,0.898,r&b
19041,0.962,r&b
19042,0.875,r&b
19043,0.768,r&b
19044,0.906,r&b
19045,0.919,r&b
19046,0.367,r&b
19047,0.966,r&b
19048,0.583,r&b
19049,0.8,r&b
19050,0.597,r&b
19051,0.897,r&b
19052,0.631,r&b
19053,0.889,r&b
19054,0.738,r&b
19055,0.717,r&b
19056,0.749,r&b
19057,0.837,r&b
19058,0.774,r&b
19059,0.831,r&b
19060,0.686,r&b
19061,0.708,r&b
19062,0.917,r&b
19063,0.905,r&b
19064,0.777,r&b
19065,0.794,r&b
19066,0.89,r&b
19067,0.562,r&b
19068,0.865,r&b
19069,0.778,r&b
19070,0.757,r&b
19071,0.744,r&b
19072,0.764,r&b
19073,0.96,r&b
19074,0.749,r&b
19075,0.312,r&b
19076,0.912,r&b
19106,0.805,r&b
19107,0.349,r&b
19108,0.97,r&b
19109,0.812,r&b
19110,0.589,r&b
19111,0.661,r&b
19112,0.781,r&b
19128,0.909,r&b
19137,0.363,r&b
19138,0.627,r&b
19139,0.772,r&b
19140,0.642,r&b
19141,0.679,r&b
19142,0.335,r&b
19143,0.758,r&b
19144,0.561,r&b
19145,0.562,r&b
19146,0.544,r&b
19147,0.283,r&b
19148,0.707,r&b
19149,0.59,r&b
19150,0.781,r&b
19151,0.172,r&b
19152,0.261,r&b
19153,0.576,r&b
19158,0.549,r&b
19160,0.726,r&b
19161,0.8,r&b
19162,0.484,r&b
19163,0.284,r&b
19164,0.504,r&b
19165,0.317,r&b
19166,0.356,r&b
19167,0.662,r&b
19168,0.395,r&b
19169,0.343,r&b
19170,0.359,r&b
19171,0.552,r&b
19172,0.757,r&b
19173,0.252,r&b
19174,0.395,r&b
19175,0.22,r&b
19176,0.0634,r&b
19177,0.347,r&b
19178,0.43,r&b
19179,0.592,r&b
19180,0.485,r&b
19181,0.426,r&b
19182,0.405,r&b
19183,0.413,r&b
19184,0.587,r&b
19185,0.457,r&b
19186,0.663,r&b
19187,0.347,r&b
19188,0.39,r&b
19190,0.386,r&b
19191,0.766,r&b
19192,0.19,r&b
19193,0.341,r&b
19194,0.389,r&b
19195,0.328,r&b
19196,0.672,r&b
19197,0.853,r&b
19199,0.799,r&b
19200,0.894,r&b
19201,0.933,r&b
19207,0.965,r&b
19216,0.821,r&b
19217,0.826,r&b
19218,0.714,r&b
19219,0.961,r&b
19220,0.829,r&b
19225,0.99,r&b
19226,0.791,r&b
19227,0.467,r&b
19228,0.574,r&b
19229,0.681,r&b
19230,0.723,r&b
19231,0.887,r&b
19232,0.911,r&b
19246,0.526,r&b
19247,0.325,r&b
19248,0.707,r&b
19320,0.485,r&b
19321,0.843,r&b
19322,0.865,r&b
19323,0.593,r&b
19324,0.674,r&b
19325,0.164,r&b
19327,0.773,r&b
19335,0.532,r&b
19336,0.628,r&b
19337,0.703,r&b
19338,0.708,r&b
19339,0.724,r&b
19340,0.388,r&b
19341,0.443,r&b
19342,0.921,r&b
19343,0.826,r&b
19345,0.804,r&b
19350,0.595,r&b
19351,0.671,r&b
19382,0.708,r&b
19383,0.235,r&b
19384,0.393,r&b
19385,0.25,r&b
19386,0.22,r&b
19387,0.533,r&b
19388,0.358,r&b
19389,0.244,r&b
19390,0.446,r&b
19391,0.283,r&b
19392,0.554,r&b
19393,0.449,r&b
19394,0.217,r&b
19395,0.328,r&b
19396,0.258,r&b
19397,0.302,r&b
19398,0.168,r&b
19399,0.439,r&b
19400,0.331,r&b
19401,0.453,r&b
19402,0.317,r&b
19403,0.472,r&b
19404,0.563,r&b
19405,0.615,r&b
19406,0.471,r&b
19407,0.477,r&b
19408,0.298,r&b
19409,0.59,r&b
19410,0.458,r&b
19411,0.0891,r&b
19412,0.35,r&b
19413,0.147,r&b
19414,0.463,r&b
19415,0.366,r&b
19432,0.775,r&b
19433,0.67,r&b
19434,0.465,r&b
19435,0.851,r&b
19436,0.755,r&b
19437,0.716,r&b
19438,0.299,r&b
19439,0.39,r&b
19440,0.808,r&b
19441,0.217,r&b
19442,0.684,r&b
19443,0.222,r&b
19444,0.29,r&b
19449,0.807,r&b
19458,0.572,r&b
19460,0.769,r&b
19461,0.407,r&b
19462,0.447,r&b
19463,0.166,r&b
19464,0.394,r&b
19465,0.469,r&b
19466,0.196,r&b
19473,0.43,r&b
19475,0.163,r&b
19476,0.276,r&b
19477,0.261,r&b
19478,0.203,r&b
19479,0.76,r&b
19482,0.56,r&b
19483,0.453,r&b
19484,0.346,r&b
19485,0.355,r&b
19486,0.0732,r&b
19487,0.491,r&b
19488,0.618,r&b
19489,0.305,r&b
19490,0.321,r&b
19491,0.422,r&b
19492,0.51,r&b
19493,0.641,r&b
19494,0.947,r&b
19495,0.27,r&b
19496,0.64,r&b
19497,0.187,r&b
19498,0.544,r&b
19499,0.763,r&b
19500,0.287,r&b
19501,0.328,r&b
19502,0.279,r&b
19503,0.504,r&b
19504,0.17,r&b
19505,0.417,r&b
19506,0.508,r&b
19507,0.189,r&b
19508,0.487,r&b
19509,0.225,r&b
19510,0.631,r&b
19511,0.719,r&b
19512,0.254,r&b
19513,0.649,r&b
19514,0.637,r&b
19515,0.418,r&b
19516,0.533,r&b
19518,0.455,r&b
19519,0.501,r&b
19520,0.322,r&b
19521,0.727,r&b
19526,0.749,r&b
19532,0.332,r&b
19533,0.425,r&b
19534,0.385,r&b
19535,0.392,r&b
19536,0.331,r&b
19537,0.375,r&b
19538,0.639,r&b
19539,0.276,r&b
19540,0.316,r&b
19541,0.656,r&b
19542,0.643,r&b
19543,0.203,r&b
19544,0.64,r&b
19545,0.556,r&b
19546,0.329,r&b
19547,0.635,r&b
19548,0.897,r&b
19549,0.363,r&b
19550,0.847,r&b
19551,0.462,r&b
19552,0.317,r&b
19553,0.825,r&b
19554,0.584,r&b
19555,0.902,r&b
19556,0.856,r&b
19557,0.601,r&b
19558,0.687,r&b
19559,0.509,r&b
19560,0.666,r&b
19561,0.492,r&b
19562,0.116,r&b
19563,0.6,r&b
19565,0.651,r&b
19566,0.298,r&b
19567,0.522,r&b
19568,0.649,r&b
19572,0.424,r&b
19575,0.431,r&b
19576,0.76,r&b
19581,0.0366,r&b
19582,0.48,r&b
19583,0.419,r&b
19584,0.487,r&b
19585,0.649,r&b
19586,0.483,r&b
19587,0.801,r&b
19588,0.315,r&b
19589,0.487,r&b
19590,0.393,r&b
19591,0.249,r&b
19592,0.394,r&b
19593,0.262,r&b
19594,0.511,r&b
19595,0.39,r&b
19596,0.259,r&b
19597,0.123,r&b
19598,0.119,r&b
19599,0.41,r&b
19600,0.24,r&b
19601,0.918,r&b
19602,0.446,r&b
19603,0.252,r&b
19604,0.252,r&b
19605,0.448,r&b
19606,0.546,r&b
19607,0.783,r&b
19608,0.394,r&b
19609,0.816,r&b
19610,0.795,r&b
19611,0.196,r&b
19614,0.472,r&b
19615,0.465,r&b
19616,0.507,r&b
19617,0.149,r&b
19618,0.193,r&b
19619,0.464,r&b
19620,0.312,r&b
19621,0.362,r&b
19622,0.112,r&b
19623,0.41,r&b
19624,0.576,r&b
19625,0.146,r&b
19626,0.34,r&b
19627,0.313,r&b
19628,0.516,r&b
19629,0.482,r&b
19630,0.824,r&b
19631,0.457,r&b
19632,0.179,r&b
19633,0.7,r&b
19634,0.0897,r&b
19635,0.422,r&b
19636,0.411,r&b
19637,0.632,r&b
19638,0.262,r&b
19639,0.844,r&b
19640,0.531,r&b
19641,0.874,r&b
19642,0.46,r&b
19643,0.586,r&b
19644,0.472,r&b
19645,0.664,r&b
19646,0.719,r&b
19647,0.576,r&b
19668,0.754,r&b
19669,0.399,r&b
19670,0.534,r&b
19671,0.37,r&b
19710,0.531,r&b
19718,0.569,r&b
19719,0.307,r&b
19720,0.829,r&b
19721,0.627,r&b
19722,0.769,r&b
19723,0.387,r&b
19724,0.835,r&b
19725,0.833,r&b
19726,0.902,r&b
19727,0.617,r&b
19728,0.664,r&b
19729,0.812,r&b
19730,0.923,r&b
19731,0.469,r&b
19732,0.301,r&b
19733,0.315,r&b
19734,0.736,r&b
19735,0.624,r&b
19736,0.587,r&b
19737,0.636,r&b
19738,0.739,r&b
19739,0.236,r&b
19740,0.39,r&b
19741,0.898,r&b
19742,0.857,r&b
19743,0.775,r&b
19744,0.818,r&b
19745,0.383,r&b
19746,0.212,r&b
19747,0.734,r&b
19748,0.886,r&b
19749,0.655,r&b
19750,0.549,r&b
19751,0.653,r&b
19752,0.565,r&b
19753,0.775,r&b
19754,0.853,r&b
19755,0.786,r&b
19756,0.674,r&b
19757,0.867,r&b
19758,0.307,r&b
19759,0.359,r&b
19760,0.961,r&b
19761,0.966,r&b
19762,0.641,r&b
19763,0.566,r&b
19764,0.136,r&b
19765,0.618,r&b
19766,0.663,r&b
19767,0.759,r&b
19768,0.716,r&b
19769,0.634,r&b
19770,0.11,r&b
19771,0.786,r&b
19772,0.407,r&b
19773,0.832,r&b
19774,0.63,r&b
19775,0.702,r&b
19776,0.449,r&b
19777,0.67,r&b
19778,0.265,r&b
19779,0.734,r&b
19780,0.586,r&b
19781,0.599,r&b
19782,0.565,r&b
19783,0.504,r&b
19784,0.763,r&b
19785,0.613,r&b
19786,0.403,r&b
19830,0.698,r&b
19831,0.555,r&b
19832,0.449,r&b
19833,0.392,r&b
19834,0.397,r&b
19835,0.499,r&b
19836,0.861,r&b
19837,0.693,r&b
19838,0.602,r&b
19839,0.4,r&b
19840,0.262,r&b
19841,0.192,r&b
19842,0.822,r&b
19843,0.478,r&b
19844,0.281,r&b
19845,0.331,r&b
19846,0.561,r&b
19848,0.626,r&b
19849,0.378,r&b
19850,0.24,r&b
19851,0.49,r&b
19852,0.338,r&b
19853,0.703,r&b
19854,0.545,r&b
19855,0.475,r&b
19856,0.458,r&b
19858,0.455,r&b
19859,0.54,r&b
19860,0.48,r&b
19861,0.374,r&b
19862,0.578,r&b
19863,0.459,r&b
19864,0.556,r&b
19881,0.809,r&b
19883,0.195,r&b
19884,0.359,r&b
19885,0.112,r&b
19886,0.963,r&b
19887,0.548,r&b
19888,0.718,r&b
19889,0.525,r&b
19890,0.615,r&b
19891,0.185,r&b
19892,0.594,r&b
19893,0.737,r&b
19894,0.373,r&b
19895,0.567,r&b
19896,0.47,r&b
19897,0.581,r&b
19898,0.779,r&b
19899,0.147,r&b
19900,0.96,r&b
19901,0.688,r&b
19902,0.543,r&b
19903,0.718,r&b
19904,0.758,r&b
19905,0.45,r&b
19906,0.495,r&b
19907,0.186,r&b
19908,0.51,r&b
19909,0.642,r&b
19910,0.668,r&b
19911,0.403,r&b
19912,0.197,r&b
19913,0.166,r&b
19914,0.138,r&b
19915,0.233,r&b
19916,0.153,r&b
19917,0.415,r&b
19918,0.91,r&b
19919,0.548,r&b
19921,0.147,r&b
19927,0.378,r&b
19937,0.756,r&b
19938,0.584,r&b
19939,0.479,r&b
19945,0.491,r&b
19953,0.661,r&b
19954,0.688,r&b
19955,0.233,r&b
19956,0.372,r&b
19957,0.372,r&b
19958,0.687,r&b
19959,0.863,r&b
19960,0.303,r&b
19961,0.767,r&b
19962,0.755,r&b
19963,0.898,r&b
19964,0.241,r&b
19965,0.421,r&b
19966,0.692,r&b
19967,0.691,r&b
19968,0.575,r&b
19969,0.307,r&b
19970,0.797,r&b
19971,0.37,r&b
19974,0.591,r&b
19975,0.271,r&b
19981,0.499,r&b
19990,0.244,r&b
19991,0.314,r&b
19992,0.599,r&b
19993,0.692,r&b
19994,0.333,r&b
19995,0.147,r&b
19996,0.626,r&b
19997,0.437,r&b
19998,0.0391,r&b
19999,0.938,r&b
20000,0.297,r&b
20001,0.582,r&b
20002,0.334,r&b
20003,0.57,r&b
20004,0.159,r&b
20005,0.148,r&b
20006,0.616,r&b
20007,0.381,r&b
20008,0.317,r&b
20009,0.54,r&b
20010,0.585,r&b
20011,0.467,r&b
20012,0.638,r&b
20013,0.276,r&b
20014,0.865,r&b
20015,0.871,r&b
20016,0.459,r&b
20018,0.439,r&b
20019,0.73,r&b
20020,0.247,r&b
20021,0.652,r&b
20022,0.535,r&b
20023,0.313,r&b
20024,0.305,r&b
20025,0.812,r&b
20266,0.74,r&b
20546,0.534,r&b
20547,0.432,r&b
20548,0.624,r&b
20549,0.52,r&b
20550,0.298,r&b
20551,0.211,r&b
20552,0.319,r&b
20553,0.534,r&b
20554,0.593,r&b
20555,0.791,r&b
20556,0.695,r&b
20557,0.666,r&b
20558,0.593,r&b
20559,0.461,r&b
20560,0.897,r&b
20561,0.854,r&b
20562,0.666,r&b
20563,0.448,r&b
20564,0.859,r&b
20565,0.172,r&b
20566,0.591,r&b
20567,0.466,r&b
20568,0.589,r&b
20569,0.732,r&b
20570,0.512,r&b
20571,0.542,r&b
20572,0.658,r&b
20573,0.715,r&b
20574,0.749,r&b
20575,0.504,r&b
20576,0.464,r&b
20577,0.387,r&b
20578,0.36,r&b
20579,0.343,r&b
20580,0.862,r&b
20581,0.581,r&b
20582,0.182,r&b
20583,0.266,r&b
20584,0.881,r&b
20585,0.107,r&b
20586,0.243,r&b
20587,0.685,r&b
20588,0.15,r&b
20589,0.91,r&b
20590,0.44,r&b
20591,0.745,r&b
20592,0.786,r&b
20593,0.93,r&b
20594,0.577,r&b
20595,0.331,r&b
20596,0.701,r&b
20597,0.519,r&b
20598,0.892,r&b
20599,0.858,r&b
20600,0.888,r&b
20601,0.53,r&b
20602,0.767,r&b
20603,0.535,r&b
20604,0.79,r&b
20605,0.679,r&b
20606,0.477,r&b
20607,0.581,r&b
20608,0.904,r&b
20609,0.771,r&b
20610,0.641,r&b
20611,0.582,r&b
20612,0.791,r&b
20613,0.717,r&b
20614,0.326,r&b
20615,0.601,r&b
20616,0.495,r&b
20617,0.913,r&b
20618,0.324,r&b
20619,0.613,r&b
20620,0.705,r&b
20621,0.698,r&b
20622,0.267,r&b
20623,0.393,r&b
20624,0.19,r&b
20625,0.442,r&b
20626,0.486,r&b
20627,0.769,r&b
20628,0.586,r&b
20629,0.282,r&b
20630,0.515,r&b
20631,0.702,r&b
20632,0.494,r&b
20633,0.631,r&b
20634,0.43,r&b
20635,0.818,r&b
20636,0.308,r&b
20637,0.584,r&b
20638,0.336,r&b
20639,0.781,r&b
20640,0.428,r&b
20641,0.658,r&b
20642,0.229,r&b
20643,0.434,r&b
20644,0.131,r&b
20645,0.133,r&b
20646,0.262,r&b
20647,0.389,r&b
20648,0.506,r&b
20649,0.644,r&b
20650,0.437,r&b
20651,0.652,r&b
20652,0.548,r&b
20653,0.167,r&b
20654,0.767,r&b
20655,0.489,r&b
20656,0.606,r&b
20657,0.489,r&b
20658,0.382,r&b
20659,0.66,r&b
20660,0.304,r&b
20661,0.546,r&b
20663,0.66,r&b
20664,0.226,r&b
20665,0.685,r&b
20666,0.325,r&b
20667,0.413,r&b
20668,0.171,r&b
20669,0.558,r&b
20670,0.33,r&b
20671,0.631,r&b
20672,0.719,r&b
20673,0.421,r&b
20674,0.797,r&b
20675,0.354,r&b
20676,0.289,r&b
20677,0.657,r&b
20678,0.782,r&b
20679,0.539,r&b
20680,0.914,r&b
20681,0.675,r&b
20682,0.838,r&b
20683,0.877,r&b
20684,0.441,r&b
20685,0.656,r&b
20686,0.673,r&b
20687,0.801,r&b
20688,0.488,r&b
20689,0.63,r&b
20690,0.881,r&b
20691,0.404,r&b
20692,0.707,r&b
20693,0.28,r&b
20694,0.417,r&b
20695,0.519,r&b
20696,0.665,r&b
20697,0.724,r&b
20701,0.705,r&b
20702,0.958,r&b
20703,0.742,r&b
20704,0.709,r&b
20705,0.911,r&b
20706,0.801,r&b
20707,0.627,r&b
20708,0.624,r&b
20709,0.942,r&b
20710,0.558,r&b
20711,0.412,r&b
20712,0.307,r&b
20713,0.538,r&b
20714,0.808,r&b
20715,0.569,r&b
20716,0.758,r&b
20717,0.713,r&b
20718,0.653,r&b
20719,0.354,r&b
20720,0.753,r&b
20721,0.964,r&b
20722,0.923,r&b
20723,0.952,r&b
20724,0.227,r&b
20725,0.215,r&b
20726,0.669,r&b
20727,0.72,r&b
20728,0.27,r&b
20729,0.464,r&b
20730,0.645,r&b
20731,0.206,r&b
20732,0.655,r&b
20733,0.653,r&b
20734,0.692,r&b
20735,0.485,r&b
20736,0.548,r&b
20737,0.732,r&b
20738,0.88,r&b
20739,0.571,r&b
20740,0.686,r&b
20741,0.723,r&b
20742,0.769,r&b
20743,0.732,r&b
20744,0.559,r&b
20745,0.876,r&b
20746,0.984,r&b
20747,0.846,r&b
20748,0.042,r&b
20752,0.272,r&b
20753,0.451,r&b
20754,0.227,r&b
20755,0.272,r&b
20756,0.667,r&b
20757,0.77,r&b
20766,0.836,r&b
20767,0.328,r&b
20768,0.672,r&b
20769,0.623,r&b
20770,0.762,r&b
20771,0.706,r&b
20772,0.47,r&b
20773,0.496,r&b
20774,0.777,r&b
20776,0.695,r&b
20777,0.905,r&b
20783,0.842,r&b
20787,0.832,r&b
20788,0.865,r&b
20789,0.847,r&b
20791,0.582,r&b
20792,0.759,r&b
20793,0.597,r&b
20794,0.587,r&b
20795,0.68,r&b
20806,0.319,r&b
20817,0.101,r&b
20818,0.514,r&b
20819,0.138,r&b
20820,0.152,r&b
20821,0.346,r&b
20826,0.374,r&b
20827,0.59,r&b
20828,0.615,r&b
20829,0.408,r&b
20830,0.186,r&b
20831,0.177,r&b
20832,0.49,r&b
20833,0.466,r&b
20834,0.563,r&b
20835,0.671,r&b
20836,0.587,r&b
20837,0.507,r&b
20838,0.431,r&b
20853,0.0782,r&b
20864,0.371,r&b
20865,0.746,r&b
20866,0.44,r&b
20867,0.668,r&b
20868,0.42,r&b
20869,0.676,r&b
20870,0.148,r&b
20871,0.512,r&b
20872,0.152,r&b
20873,0.541,r&b
20874,0.561,r&b
20875,0.338,r&b
20876,0.245,r&b
20877,0.472,r&b
20878,0.76,r&b
20879,0.552,r&b
20880,0.179,r&b
20881,0.655,r&b
20882,0.591,r&b
20883,0.234,r&b
20884,0.477,r&b
20885,0.607,r&b
20886,0.761,r&b
20887,0.132,r&b
20888,0.476,r&b
20889,0.593,r&b
20890,0.241,r&b
20891,0.449,r&b
20892,0.206,r&b
20893,0.545,r&b
20894,0.22,r&b
20895,0.548,r&b
20896,0.508,r&b
20897,0.709,r&b
20898,0.437,r&b
20899,0.151,r&b
20900,0.474,r&b
20901,0.531,r&b
20902,0.395,r&b
20903,0.657,r&b
20904,0.49,r&b
20905,0.311,r&b
20906,0.275,r&b
20907,0.238,r&b
20908,0.358,r&b
20910,0.937,r&b
20911,0.328,r&b
20912,0.287,r&b
20913,0.544,r&b
20914,0.61,r&b
20915,0.205,r&b
20916,0.771,r&b
20917,0.507,r&b
20918,0.226,r&b
20919,0.31,r&b
20920,0.275,r&b
20921,0.542,r&b
20922,0.432,r&b
20923,0.385,r&b
20924,0.656,r&b
20925,0.48,r&b
20926,0.118,r&b
20927,0.296,r&b
20928,0.363,r&b
20929,0.154,r&b
20930,0.597,r&b
20931,0.602,r&b
20936,0.324,r&b
20937,0.31,r&b
20938,0.377,r&b
20939,0.0765,r&b
20940,0.902,r&b
20941,0.358,r&b
20942,0.534,r&b
20943,0.321,r&b
20945,0.706,r&b
20946,0.879,r&b
20947,0.592,r&b
20948,0.269,r&b
20964,0.483,r&b
20978,0.559,r&b
20979,0.663,r&b
20986,0.536,r&b
20987,0.353,r&b
20988,0.625,r&b
20990,0.287,r&b
20991,0.568,r&b
20992,0.17,r&b
20993,0.309,r&b
20994,0.616,r&b
20995,0.799,r&b
21017,0.408,r&b
21018,0.808,r&b
21019,0.523,r&b
21277,0.194,r&b
21278,0.377,r&b
21279,0.208,r&b
21280,0.211,r&b
21281,0.433,r&b
21282,0.325,r&b
21283,0.0907,r&b
21284,0.0394,r&b
21285,0.346,r&b
21286,0.181,r&b
21287,0.146,r&b
21288,0.154,r&b
21289,0.185,r&b
21290,0.375,r&b
21291,0.198,r&b
21292,0.296,r&b
21293,0.274,r&b
21294,0.152,r&b
21295,0.357,r&b
21296,0.237,r&b
21297,0.0895,r&b
21298,0.0596,r&b
21299,0.0455,r&b
21300,0.274,r&b
21301,0.506,r&b
21302,0.324,r&b
21303,0.77,r&b
21304,0.0765,r&b
21305,0.352,r&b
21306,0.197,r&b
21307,0.398,r&b
21308,0.116,r&b
21309,0.41,r&b
21310,0.634,r&b
21311,0.304,r&b
21312,0.746,r&b
21313,0.0743,r&b
21314,0.415,r&b
21315,0.162,r&b
21316,0.693,r&b
21317,0.42,r&b
21318,0.519,r&b
21319,0.399,r&b
21320,0.547,r&b
21321,0.888,r&b
21322,0.0624,r&b
21323,0.425,r&b
21324,0.702,r&b
21325,0.33,r&b
21326,0.18,r&b
21327,0.237,r&b
21328,0.497,r&b
21329,0.289,r&b
21330,0.722,r&b
21331,0.595,r&b
21332,0.17,r&b
21333,0.809,r&b
21334,0.815,r&b
21335,0.323,r&b
21336,0.103,r&b
21337,0.285,r&b
21338,0.309,r&b
21339,0.761,r&b
21340,0.539,r&b
21341,0.477,r&b
21342,0.439,r&b
21343,0.127,r&b
21344,0.277,r&b
21345,0.542,r&b
21346,0.574,r&b
21347,0.919,r&b
21348,0.166,r&b
21349,0.683,r&b
21350,0.343,r&b
21351,0.0935,r&b
21352,0.519,r&b
21353,0.215,r&b
21354,0.297,r&b
21355,0.218,r&b
21356,0.228,r&b
21357,0.0744,r&b
21358,0.155,r&b
21359,0.399,r&b
21360,0.61,r&b
21361,0.199,r&b
21362,0.582,r&b
21363,0.715,r&b
21364,0.134,r&b
21365,0.663,r&b
21366,0.565,r&b
21367,0.692,r&b
21368,0.312,r&b
21369,0.646,r&b
21370,0.0471,r&b
21371,0.413,r&b
21372,0.345,r&b
21373,0.238,r&b
21374,0.617,r&b
21375,0.0978,r&b
21376,0.103,r&b
21377,0.378,r&b
21378,0.276,r&b
21379,0.514,r&b
21380,0.564,r&b
21381,0.292,r&b
21382,0.453,r&b
21383,0.282,r&b
21384,0.462,r&b
21385,0.12,r&b
21386,0.0503,r&b
21387,0.0528,r&b
21388,0.169,r&b
21389,0.052,r&b
21390,0.0395,r&b
21391,0.887,r&b
21392,0.634,r&b
21393,0.654,r&b
21394,0.626,r&b
21395,0.725,r&b
21396,0.644,r&b
21397,0.102,r&b
21398,0.863,r&b
21399,0.797,r&b
21400,0.794,r&b
21401,0.797,r&b
21402,0.781,r&b
21403,0.823,r&b
21404,0.896,r&b
21405,0.676,r&b
21406,0.967,r&b
21407,0.608,r&b
21408,0.686,r&b
21409,0.605,r&b
21410,0.621,r&b
21411,0.725,r&b
21412,0.592,r&b
21413,0.833,r&b
21414,0.789,r&b
21415,0.636,r&b
21416,0.899,r&b
21417,0.723,r&b
21418,0.865,r&b
21419,0.881,r&b
21420,0.614,r&b
21421,0.676,r&b
21422,0.747,r&b
21423,0.808,r&b
21424,0.642,r&b
21425,0.634,r&b
21426,0.755,r&b
21427,0.456,r&b
21428,0.912,r&b
21429,0.704,r&b
21430,0.776,r&b
21431,0.734,r&b
21432,0.599,r&b
21433,0.705,r&b
21434,0.681,r&b
21435,0.635,r&b
21436,0.598,r&b
21437,0.645,r&b
21438,0.719,r&b
21439,0.528,r&b
21440,0.89,r&b
21441,0.745,r&b
21442,0.687,r&b
21443,0.609,r&b
21444,0.512,r&b
21445,0.474,r&b
21446,0.688,r&b
21447,0.862,r&b
21448,0.909,r&b
21449,0.278,r&b
21450,0.568,r&b
21451,0.511,r&b
21452,0.787,r&b
21453,0.731,r&b
21454,0.613,r&b
21455,0.922,r&b
21456,0.846,r&b
21457,0.762,r&b
21458,0.73,r&b
21459,0.964,r&b
21460,0.872,r&b
21461,0.549,r&b
21462,0.887,r&b
21463,0.248,r&b
21464,0.378,r&b
21465,0.671,r&b
21466,0.64,r&b
21467,0.629,r&b
21468,0.894,r&b
21469,0.21,r&b
21470,0.462,r&b
21471,0.853,r&b
21472,0.757,r&b
21473,0.86,r&b
21474,0.584,r&b
21475,0.838,r&b
21476,0.271,r&b
21477,0.467,r&b
21478,0.933,r&b
21479,0.573,r&b
21480,0.855,r&b
21481,0.714,r&b
21482,0.9,r&b
21483,0.297,r&b
21484,0.725,r&b
21485,0.0648,r&b
21486,0.0932,r&b
21487,0.526,r&b
21488,0.893,r&b
21489,0.481,r&b
21490,0.69,r&b
21491,0.855,r&b
21492,0.302,r&b
21493,0.724,r&b
21494,0.051,r&b
21495,0.461,r&b
21496,0.76,r&b
21497,0.617,r&b
21498,0.888,r&b
21499,0.886,r&b
21500,0.677,r&b
21501,0.655,r&b
21502,0.542,r&b
21503,0.739,r&b
21504,0.818,r&b
21505,0.536,r&b
21506,0.94,r&b
21507,0.596,r&b
21508,0.968,r&b
21509,0.957,r&b
21510,0.576,r&b
21511,0.58,r&b
21512,0.643,r&b
21513,0.556,r&b
21514,0.941,r&b
21515,0.773,r&b
21516,0.818,r&b
21905,0.27,r&b
21906,0.329,r&b
21907,0.486,r&b
21908,0.294,r&b
21909,0.358,r&b
21910,0.83,r&b
21911,0.406,r&b
21912,0.632,r&b
21913,0.607,r&b
21914,0.532,r&b
21915,0.804,r&b
21916,0.696,r&b
21917,0.508,r&b
21918,0.459,r&b
21919,0.502,r&b
21920,0.863,r&b
21921,0.219,r&b
21922,0.0773,r&b
21923,0.805,r&b
21924,0.579,r&b
21925,0.684,r&b
21926,0.498,r&b
21927,0.637,r&b
21928,0.578,r&b
21929,0.157,r&b
21930,0.242,r&b
21931,0.438,r&b
21932,0.465,r&b
21933,0.599,r&b
21934,0.412,r&b
21935,0.454,r&b
21936,0.524,r&b
21937,0.52,r&b
21938,0.51,r&b
21939,0.211,r&b
21940,0.859,r&b
21941,0.512,r&b
21942,0.832,r&b
21943,0.22,r&b
21944,0.161,r&b
21945,0.155,r&b
21946,0.551,r&b
21947,0.228,r&b
21948,0.197,r&b
21949,0.318,r&b
21950,0.0781,r&b
21951,0.849,r&b
21952,0.243,r&b
21953,0.651,r&b
21954,0.367,r&b
21955,0.867,r&b
21956,0.185,r&b
21957,0.613,r&b
21958,0.357,r&b
21959,0.0371,r&b
21960,0.26,r&b
21961,0.473,r&b
21962,0.564,r&b
21963,0.595,r&b
21964,0.506,r&b
21965,0.718,r&b
21966,0.37,r&b
21967,0.102,r&b
21968,0.979,r&b
21969,0.657,r&b
21970,0.37,r&b
21971,0.3,r&b
21972,0.193,r&b
21973,0.436,r&b
21974,0.452,r&b
21975,0.325,r&b
21976,0.588,r&b
21977,0.345,r&b
21978,0.921,r&b
21979,0.411,r&b
21980,0.153,r&b
21981,0.711,r&b
21982,0.497,r&b
21983,0.494,r&b
21984,0.186,r&b
21985,0.118,r&b
21986,0.452,r&b
21987,0.246,r&b
21988,0.814,r&b
21989,0.423,r&b
21990,0.28,r&b
21991,0.678,r&b
21992,0.457,r&b
21993,0.371,r&b
21994,0.297,r&b
21995,0.144,r&b
21996,0.547,r&b
21997,0.376,r&b
21998,0.218,r&b
21999,0.686,r&b
22000,0.128,r&b
22001,0.188,r&b
22002,0.421,r&b
22003,0.142,r&b
22004,0.34,r&b
22005,0.388,r&b
22006,0.723,r&b
22007,0.293,r&b
22008,0.169,r&b
22009,0.365,r&b
22010,0.379,r&b
22011,0.243,r&b
22012,0.183,r&b
22013,0.296,r&b
22014,0.29,r&b
22015,0.158,r&b
22016,0.584,r&b
22017,0.623,r&b
22018,0.244,r&b
22019,0.508,r&b
22020,0.165,r&b
22021,0.333,r&b
22022,0.17,r&b
22023,0.438,r&b
22024,0.29,r&b
22025,0.71,r&b
22026,0.645,r&b
22027,0.633,r&b
22028,0.497,r&b
22029,0.381,r&b
22030,0.396,r&b
22031,0.409,r&b
22032,0.792,r&b
22033,0.181,r&b
22034,0.39,r&b
22035,0.0937,r&b
22036,0.108,r&b
22037,0.38,r&b
22038,0.516,r&b
22039,0.254,r&b
22040,0.547,r&b
22041,0.389,r&b
22042,0.132,r&b
22043,0.436,r&b
22044,0.344,r&b
22045,0.397,r&b
22046,0.288,r&b
22047,0.312,r&b
22048,0.0726,r&b
22049,0.0575,r&b
22050,0.119,r&b
22051,0.25,r&b
22052,0.847,r&b
22053,0.103,r&b
22054,0.436,r&b
22055,0.317,r&b
22056,0.648,r&b
22057,0.581,r&b
22058,0.216,r&b
22059,0.629,r&b
22060,0.718,r&b
22061,0.651,r&b
22062,0.556,r&b
22063,0.931,r&b
22165,0.35,r&b
22166,0.235,r&b
22167,0.927,r&b
22168,0.296,r&b
22169,0.467,r&b
22170,0.666,r&b
22171,0.376,r&b
22172,0.211,r&b
22173,0.15,r&b
22174,0.374,r&b
22175,0.333,r&b
22176,0.052,r&b
22177,0.239,r&b
22178,0.514,r&b
22179,0.317,r&b
22180,0.875,r&b
22181,0.391,r&b
22498,0.661,r&b
22499,0.35,r&b
22500,0.868,r&b
22501,0.147,r&b
22502,0.521,r&b
22503,0.428,r&b
22504,0.62,r&b
22505,0.577,r&b
22506,0.233,r&b
22507,0.589,r&b
22508,0.28,r&b
22509,0.467,r&b
22510,0.257,r&b
22511,0.186,r&b
22512,0.746,r&b
22513,0.352,r&b
22535,0.401,r&b
22537,0.178,r&b
22538,0.577,r&b
22539,0.0441,r&b
22540,0.213,r&b
22541,0.205,r&b
22542,0.338,r&b
22543,0.544,r&b
22544,0.789,r&b
22545,0.525,r&b
22546,0.405,r&b
22547,0.394,r&b
22548,0.2,r&b
22549,0.437,r&b
22550,0.277,r&b
22551,0.173,r&b
22552,0.163,r&b
22553,0.537,r&b
22554,0.784,r&b
22555,0.0972,r&b
22556,0.431,r&b
22557,0.418,r&b
22558,0.283,r&b
22559,0.165,r&b
22560,0.577,r&b
22561,0.193,r&b
22562,0.0631,r&b
22563,0.686,r&b
22564,0.458,r&b
22565,0.733,r&b
22566,0.253,r&b
22567,0.409,r&b
22568,0.307,r&b
22569,0.24,r&b
22570,0.626,r&b
22571,0.802,r&b
22572,0.607,r&b
22573,0.724,r&b
22574,0.288,r&b
22575,0.115,r&b
22576,0.607,r&b
22577,0.433,r&b
22578,0.494,r&b
22579,0.456,r&b
22580,0.591,r&b
23047,0.919,r&b
23049,0.163,r&b
23053,0.639,r&b
10,0.661,rock
11,0.296,rock
12,0.907,rock
13,0.822,rock
38,0.184,rock
42,0.0618,rock
43,0.201,rock
44,0.0397,rock
45,0.0945,rock
46,0.347,rock
47,0.51,rock
59,0.12,rock
60,0.904,rock
61,0.253,rock
62,0.352,rock
63,0.336,rock
64,0.557,rock
65,0.393,rock
66,0.781,rock
67,0.183,rock
68,0.569,rock
69,0.788,rock
76,0.301,rock
77,0.153,rock
78,0.433,rock
79,0.945,rock
80,0.965,rock
81,0.766,rock
82,0.45,rock
83,0.468,rock
84,0.271,rock
102,0.53,rock
103,0.786,rock
104,0.565,rock
105,0.526,rock
106,0.474,rock
107,0.529,rock
108,0.735,rock
109,0.648,rock
110,0.582,rock
117,0.195,rock
118,0.411,rock
119,0.0889,rock
120,0.547,rock
121,0.437,rock
122,0.42,rock
126,0.1,rock
133,0.429,rock
134,0.164,rock
135,0.102,rock
136,0.409,rock
137,0.322,rock
138,0.133,rock
151,0.282,rock
156,0.414,rock
157,0.201,rock
161,0.171,rock
163,0.528,rock
164,0.447,rock
165,0.212,rock
166,0.694,rock
167,0.34,rock
168,0.711,rock
169,0.235,rock
170,0.279,rock
171,0.248,rock
172,0.583,rock
173,0.581,rock
175,0.964,rock
176,0.474,rock
177,0.435,rock
178,0.692,rock
179,0.541,rock
180,0.661,rock
181,0.382,rock
197,0.62,rock
198,0.113,rock
204,0.407,rock
211,0.36,rock
212,0.151,rock
213,0.683,rock
215,0.138,rock
216,0.446,rock
217,0.309,rock
218,0.279,rock
219,0.349,rock
220,0.227,rock
221,0.0395,rock
227,0.306,rock
228,0.316,rock
229,0.37,rock
230,0.702,rock
231,0.518,rock
234,0.209,rock
235,0.74,rock
236,0.903,rock
237,0.5,rock
238,0.648,rock
239,0.434,rock
240,0.28,rock
241,0.321,rock
242,0.259,rock
243,0.119,rock
244,0.66,rock
245,0.608,rock
246,0.254,rock
247,0.511,rock
248,0.554,rock
249,0.278,rock
250,0.186,rock
251,0.374,rock
252,0.39,rock
253,0.318,rock
254,0.524,rock
255,0.57,rock
256,0.585,rock
266,0.77,rock
268,0.673,rock
273,0.398,rock
274,0.54,rock
275,0.335,rock
276,0.331,rock
277,0.612,rock
278,0.0878,rock
279,0.669,rock
280,0.336,rock
281,0.634,rock
282,0.855,rock
283,0.509,rock
284,0.448,rock
285,0.873,rock
286,0.196,rock
287,0.763,rock
288,0.616,rock
289,0.718,rock
290,0.259,rock
291,0.152,rock
292,0.699,rock
293,0.883,rock
294,0.922,rock
295,0.284,rock
296,0.653,rock
297,0.279,rock
298,0.481,rock
299,0.527,rock
300,0.179,rock
301,0.27,rock
302,0.697,rock
303,0.142,rock
304,0.244,rock
305,0.356,rock
306,0.318,rock
307,0.173,rock
308,0.314,rock
309,0.245,rock
310,0.101,rock
311,0.441,rock
312,0.211,rock
313,0.382,rock
314,0.694,rock
315,0.626,rock
316,0.458,rock
317,0.8,rock
318,0.948,rock
319,0.74,rock
320,0.369,rock
321,0.649,rock
322,0.923,rock
323,0.847,rock
324,0.89,rock
325,0.96,rock
326,0.865,rock
327,0.793,rock
328,0.819,rock
329,0.79,rock
330,0.948,rock
332,0.595,rock
420,0.36,rock
421,0.335,rock
422,0.212,rock
423,0.187,rock
424,0.197,rock
425,0.268,rock
426,0.195,rock
427,0.393,rock
428,0.341,rock
431,0.353,rock
432,0.232,rock
433,0.231,rock
434,0.223,rock
435,0.118,rock
436,0.502,rock
437,0.325,rock
438,0.517,rock
439,0.178,rock
440,0.642,rock
441,0.274,rock
442,0.219,rock
519,0.783,rock
522,0.417,rock
523,0.497,rock
524,0.073,rock
525,0.503,rock
538,0.439,rock
539,0.464,rock
540,0.42,rock
542,0.52,rock
546,0.713,rock
547,0.412,rock
548,0.508,rock
549,0.227,rock
550,0.709,rock
552,0.558,rock
553,0.74,rock
556,0.613,rock
557,0.572,rock
558,0.39,rock
565,0.512,rock
569,0.335,rock
570,0.637,rock
571,0.687,rock
572,0.424,rock
573,0.961,rock
574,0.406,rock
575,0.754,rock
576,0.407,rock
577,0.291,rock
578,0.438,rock
579,0.357,rock
731,0.719,rock
732,0.722,rock
748,0.404,rock
752,0.346,rock
753,0.556,rock
761,0.636,rock
762,0.303,rock
764,0.394,rock
765,0.628,rock
952,0.571,rock
972,0.667,rock
973,0.873,rock
974,0.439,rock
975,0.344,rock
976,0.354,rock
977,0.0737,rock
978,0.0382,rock
989,0.0623,rock
990,0.415,rock
991,0.333,rock
992,0.074,rock
993,0.159,rock
994,0.0774,rock
995,0.0383,rock
1011,0.603,rock
1012,0.225,rock
1015,0.632,rock
1016,0.398,rock
1017,0.146,rock
1034,0.726,rock
1035,0.586,rock
1036,0.703,rock
1037,0.33,rock
1038,0.0939,rock
1039,0.488,rock
1040,0.325,rock
1041,0.211,rock
1052,0.616,rock
1053,0.183,rock
1054,0.641,rock
1055,0.314,rock
1056,0.707,rock
1060,0.305,rock
1061,0.162,rock
1062,0.782,rock
1063,0.455,rock
1064,0.16,rock
1091,0.604,rock
1092,0.14,rock
1104,0.21,rock
1105,0.353,rock
1108,0.852,rock
1109,0.379,rock
1110,0.546,rock
1111,0.0819,rock
1131,0.461,rock
1167,0.485,rock
1318,0.504,rock
1319,0.485,rock
1320,0.778,rock
1321,0.789,rock
1322,0.841,rock
1323,0.562,rock
1324,0.962,rock
1325,0.653,rock
1326,0.893,rock
1327,0.962,rock
1328,0.764,rock
1330,0.269,rock
1331,0.441,rock
1332,0.663,rock
1333,0.274,rock
1334,0.809,rock
1337,0.725,rock
1338,0.662,rock
1340,0.601,rock
1341,0.195,rock
1342,0.735,rock
1343,0.738,rock
1344,0.397,rock
1345,0.412,rock
1418,0.963,rock
1419,0.286,rock
1480,0.698,rock
1481,0.31,rock
1482,0.321,rock
1483,0.51,rock
1484,0.666,rock
1485,0.598,rock
1486,0.686,rock
1487,0.232,rock
1488,0.541,rock
1490,0.48,rock
1492,0.651,rock
1493,0.806,rock
1494,0.967,rock
1495,0.349,rock
1496,0.301,rock
1497,0.58,rock
1500,0.565,rock
1501,0.723,rock
1502,0.294,rock
1503,0.55,rock
1504,0.39,rock
1505,0.28,rock
1508,0.278,rock
1509,0.268,rock
1510,0.497,rock
1511,0.371,rock
1512,0.5,rock
1513,0.285,rock
1514,0.514,rock
1515,0.36,rock
1516,0.466,rock
1517,0.696,rock
1518,0.812,rock
1519,0.365,rock
1520,0.478,rock
1521,0.574,rock
1522,0.638,rock
1523,0.229,rock
1524,0.295,rock
1525,0.574,rock
1526,0.562,rock
1527,0.504,rock
1528,0.136,rock
1529,0.684,rock
1546,0.308,rock
1547,0.247,rock
1548,0.55,rock
1549,0.285,rock
1550,0.346,rock
1551,0.576,rock
1552,0.452,rock
1553,0.376,rock
1554,0.174,rock
1569,0.174,rock
1570,0.686,rock
1571,0.22,rock
1572,0.543,rock
1573,0.742,rock
1577,0.408,rock
1578,0.937,rock
1579,0.919,rock
1580,0.316,rock
1581,0.732,rock
1590,0.315,rock
1591,0.441,rock
1592,0.694,rock
1593,0.943,rock
1635,0.33,rock
1636,0.383,rock
1637,0.119,rock
1638,0.914,rock
1639,0.601,rock
1640,0.783,rock
1641,0.375,rock
1642,0.429,rock
1649,0.133,rock
1650,0.26,rock
1651,0.449,rock
1652,0.214,rock
1653,0.205,rock
1654,0.243,rock
1657,0.218,rock
1658,0.24,rock
1659,0.245,rock
1660,0.411,rock
1661,0.365,rock
1662,0.347,rock
1674,0.613,rock
1675,0.554,rock
1676,0.388,rock
1690,0.239,rock
1691,0.402,rock
1700,0.342,rock
1701,0.147,rock
1702,0.156,rock
1733,0.452,rock
1734,0.175,rock
2042,0.194,rock
2126,0.395,rock
2127,0.266,rock
2134,0.139,rock
2135,0.223,rock
2136,0.47,rock
2137,0.299,rock
2138,0.0772,rock
2139,0.395,rock
2151,0.237,rock
2152,0.193,rock
2153,0.721,rock
2154,0.722,rock
2155,0.547,rock
2156,0.266,rock
2157,0.359,rock
2158,0.299,rock
2159,0.388,rock
2166,0.428,rock
2167,0.125,rock
2168,0.238,rock
2169,0.24,rock
2361,0.453,rock
2533,0.35,rock
2534,0.973,rock
2535,0.913,rock
2536,0.789,rock
2537,0.912,rock
2538,0.686,rock
2539,0.781,rock
2540,0.828,rock
2541,0.833,rock
2542,0.55,rock
2543,0.753,rock
2544,0.901,rock
2545,0.837,rock
2546,0.204,rock
2547,0.604,rock
2548,0.517,rock
2549,0.903,rock
2550,0.645,rock
2551,0.652,rock
2552,0.888,rock
2553,0.733,rock
2554,0.635,rock
2555,0.929,rock
2556,0.789,rock
2560,0.837,rock
2561,0.846,rock
2562,0.871,rock
2563,0.95,rock
2564,0.95,rock
2565,0.866,rock
2566,0.566,rock
2567,0.703,rock
2568,0.481,rock
2569,0.511,rock
2570,0.717,rock
2573,0.511,rock
2574,0.514,rock
2575,0.899,rock
2576,0.935,rock
2577,0.745,rock
2578,0.598,rock
2579,0.416,rock
2580,0.683,rock
2601,0.786,rock
2602,0.884,rock
2603,0.872,rock
2717,0.183,rock
2721,0.867,rock
2735,0.178,rock
2736,0.622,rock
2737,0.421,rock
2738,0.626,rock
2739,0.426,rock
2740,0.659,rock
2741,0.507,rock
2742,0.607,rock
2743,0.142,rock
2751,0.206,rock
2754,0.428,rock
2755,0.485,rock
2756,0.33,rock
2757,0.203,rock
2758,0.431,rock
2759,0.588,rock
2760,0.156,rock
2761,0.815,rock
2762,0.326,rock
2763,0.373,rock
2764,0.482,rock
2765,0.272,rock
2766,0.556,rock
2767,0.706,rock
2768,0.435,rock
2769,0.254,rock
2775,0.424,rock
2776,0.228,rock
2780,0.806,rock
2781,0.861,rock
2788,0.276,rock
2789,0.917,rock
2790,0.315,rock
2791,0.746,rock
2792,0.519,rock
2793,0.853,rock
2794,0.681,rock
2912,0.349,rock
2913,0.938,rock
2914,0.711,rock
2915,0.276,rock
2916,0.658,rock
2917,0.252,rock
2918,0.35,rock
2919,0.539,rock
2920,0.727,rock
2921,0.283,rock
2922,0.598,rock
2923,0.397,rock
2924,0.558,rock
2925,0.411,rock
2926,0.258,rock
2927,0.146,rock
2928,0.69,rock
2929,0.379,rock
2930,0.248,rock
2931,0.611,rock
2932,0.487,rock
2933,0.305,rock
2934,0.549,rock
2935,0.606,rock
2936,0.574,rock
2937,0.552,rock
2938,0.0864,rock
2939,0.756,rock
2940,0.586,rock
2941,0.56,rock
2942,0.36,rock
2943,0.429,rock
2944,0.278,rock
2945,0.698,rock
2946,0.783,rock
2947,0.763,rock
2948,0.467,rock
2949,0.366,rock
2950,0.78,rock
3469,0.26,rock
3470,0.339,rock
3471,0.849,rock
3472,0.321,rock
3473,0.809,rock
3474,0.401,rock
3475,0.668,rock
3476,0.764,rock
3477,0.78,rock
3478,0.275,rock
3479,0.502,rock
3480,0.613,rock
3481,0.927,rock
3482,0.723,rock
3483,0.915,rock
3484,0.563,rock
3485,0.878,rock
3486,0.399,rock
3487,0.702,rock
3488,0.539,rock
3489,0.922,rock
3490,0.777,rock
3491,0.328,rock
3492,0.97,rock
3493,0.917,rock
3494,0.583,rock
3495,0.868,rock
3496,0.682,rock
3497,0.97,rock
3498,0.586,rock
3499,0.52,rock
3500,0.75,rock
3501,0.812,rock
3502,0.494,rock
3503,0.497,rock
3589,0.919,rock
3590,0.683,rock
3591,0.27,rock
3592,0.643,rock
3593,0.438,rock
3594,0.651,rock
3595,0.702,rock
3596,0.399,rock
3597,0.479,rock
3602,0.251,rock
3642,0.308,rock
3643,0.334,rock
3703,0.457,rock
3704,0.476,rock
3705,0.298,rock
3706,0.221,rock
3707,0.383,rock
3709,0.34,rock
3710,0.463,rock
3711,0.601,rock
3712,0.332,rock
3713,0.958,rock
3714,0.472,rock
3715,0.783,rock
3716,0.614,rock
3719,0.155,rock
3720,0.399,rock
3736,0.303,rock
3737,0.177,rock
3738,0.598,rock
3739,0.448,rock
3740,0.566,rock
3741,0.885,rock
3742,0.384,rock
3743,0.372,rock
3745,0.379,rock
3750,0.166,rock
3752,0.35,rock
3753,0.311,rock
3754,0.521,rock
3763,0.295,rock
3764,0.973,rock
3766,0.242,rock
3767,0.628,rock
3768,0.176,rock
3769,0.495,rock
3770,0.248,rock
3771,0.684,rock
3772,0.465,rock
3773,0.288,rock
3774,0.561,rock
3775,0.767,rock
3776,0.74,rock
4526,0.933,rock
4527,0.605,rock
4528,0.964,rock
4529,0.749,rock
4530,0.588,rock
4531,0.953,rock
4532,0.655,rock
4533,0.572,rock
4534,0.341,rock
4535,0.784,rock
4536,0.472,rock
4537,0.147,rock
4539,0.496,rock
4540,0.833,rock
4541,0.69,rock
4542,0.818,rock
4543,0.629,rock
4544,0.515,rock
4545,0.571,rock
4546,0.587,rock
4547,0.125,rock
4548,0.587,rock
4549,0.665,rock
4550,0.96,rock
4551,0.746,rock
4552,0.411,rock
4553,0.883,rock
4554,0.767,rock
4555,0.555,rock
4556,0.963,rock
4557,0.936,rock
4558,0.67,rock
4559,0.458,rock
4560,0.753,rock
4561,0.727,rock
4562,0.569,rock
4563,0.562,rock
4567,0.2,rock
4568,0.213,rock
4569,0.72,rock
4610,0.961,rock
4617,0.425,rock
4618,0.621,rock
4624,0.619,rock
4625,0.438,rock
4626,0.462,rock
4627,0.24,rock
4629,0.422,rock
4630,0.644,rock
4631,0.259,rock
4632,0.619,rock
4694,0.971,rock
4730,0.799,rock
4731,0.896,rock
4732,0.695,rock
4733,0.789,rock
4734,0.458,rock
4750,0.174,rock
4751,0.504,rock
4752,0.939,rock
4753,0.974,rock
4754,0.765,rock
4755,0.349,rock
4756,0.755,rock
4758,0.498,rock
4759,0.627,rock
4760,0.338,rock
4761,0.372,rock
4762,0.695,rock
4763,0.97,rock
4764,0.83,rock
4765,0.6,rock
4766,0.771,rock
4767,0.804,rock
4768,0.522,rock
4769,0.961,rock
4770,0.294,rock
4771,0.728,rock
4772,0.93,rock
4773,0.922,rock
4774,0.495,rock
4775,0.824,rock
4776,0.801,rock
4777,0.736,rock
4778,0.934,rock
4782,0.538,rock
5327,0.778,rock
5361,0.926,rock
5362,0.42,rock
5363,0.753,rock
5364,0.728,rock
5370,0.554,rock
5371,0.894,rock
5372,0.692,rock
5373,0.717,rock
5374,0.512,rock
5375,0.933,rock
5376,0.864,rock
5377,0.806,rock
5378,0.965,rock
5379,0.965,rock
5380,0.775,rock
5381,0.708,rock
5408,0.885,rock
5413,0.681,rock
5419,0.453,rock
5427,0.901,rock
5429,0.793,rock
5430,0.687,rock
5431,0.763,rock
5432,0.465,rock
5433,0.881,rock
5435,0.856,rock
5436,0.361,rock
5437,0.44,rock
5438,0.8,rock
5439,0.831,rock
5440,0.726,rock
5441,0.504,rock
5442,0.397,rock
5453,0.723,rock
5454,0.977,rock
5462,0.195,rock
5463,0.863,rock
5474,0.92,rock
5488,0.682,rock
5489,0.814,rock
5494,0.632,rock
5495,0.607,rock
5496,0.915,rock
5501,0.34,rock
5502,0.557,rock
5503,0.726,rock
5504,0.291,rock
5505,0.703,rock
5506,0.798,rock
5507,0.856,rock
5509,0.967,rock
5510,0.8,rock
5511,0.716,rock
5514,0.244,rock
5516,0.88,rock
5517,0.861,rock
5524,0.719,rock
5525,0.531,rock
5526,0.171,rock
5527,0.962,rock
5529,0.633,rock
5530,0.233,rock
5531,0.766,rock
5547,0.673,rock
5548,0.622,rock
5552,0.546,rock
5559,0.934,rock
5560,0.89,rock
5562,0.685,rock
5563,0.963,rock
5564,0.595,rock
5565,0.634,rock
5566,0.719,rock
5567,0.677,rock
5663,0.788,rock
5664,0.313,rock
5665,0.736,rock
5666,0.821,rock
5667,0.761,rock
5668,0.828,rock
5669,0.444,rock
5670,0.892,rock
5671,0.518,rock
5672,0.875,rock
5673,0.672,rock
5677,0.971,rock
5678,0.492,rock
5679,0.68,rock
5680,0.452,rock
5722,0.477,rock
5723,0.694,rock
5724,0.794,rock
5725,0.385,rock
5730,0.412,rock
5735,0.934,rock
5736,0.299,rock
5737,0.878,rock
5738,0.512,rock
5744,0.435,rock
5745,0.724,rock
5746,0.844,rock
5747,0.521,rock
5748,0.23,rock
5749,0.389,rock
5750,0.866,rock
5751,0.911,rock
5761,0.576,rock
5762,0.787,rock
5763,0.75,rock
5764,0.623,rock
5765,0.708,rock
5768,0.931,rock
5769,0.699,rock
5770,0.762,rock
5771,0.543,rock
5772,0.969,rock
5773,0.396,rock
5774,0.489,rock
5933,0.352,rock
5934,0.768,rock
5935,0.352,rock
5936,0.564,rock
5937,0.43,rock
5938,0.686,rock
5939,0.151,rock
5940,0.204,rock
5941,0.147,rock
5945,0.126,rock
5946,0.205,rock
5947,0.181,rock
5948,0.517,rock
5949,0.0895,rock
5950,0.0358,rock
5951,0.416,rock
5952,0.326,rock
5954,0.669,rock
5955,0.478,rock
5956,0.657,rock
5957,0.0948,rock
5958,0.0782,rock
5959,0.527,rock
5979,0.0648,rock
5980,0.215,rock
5992,0.295,rock
6006,0.131,rock
6007,0.112,rock
6008,0.192,rock
6009,0.324,rock
6010,0.0757,rock
6011,0.155,rock
6012,0.614,rock
6013,0.349,rock
6014,0.0923,rock
6015,0.347,rock
6016,0.662,rock
6017,0.738,rock
6039,0.114,rock
6040,0.906,rock
6041,0.29,rock
6042,0.0984,rock
6043,0.409,rock
6044,0.238,rock
6049,0.163,rock
6050,0.567,rock
6051,0.177,rock
6052,0.0934,rock
6053,0.28,rock
6073,0.516,rock
6074,0.0746,rock
6075,0.109,rock
6093,0.145,rock
6094,0.287,rock
6095,0.26,rock
6096,0.223,rock
6097,0.28,rock
6098,0.403,rock
6099,0.111,rock
6100,0.474,rock
6101,0.124,rock
6102,0.0508,rock
6103,0.137,rock
6104,0.129,rock
6105,0.0948,rock
6117,0.0545,rock
6118,0.243,rock
6119,0.5,rock
6120,0.644,rock
6121,0.537,rock
6135,0.211,rock
6136,0.538,rock
6137,0.41,rock
6138,0.309,rock
6139,0.604,rock
6140,0.301,rock
6141,0.539,rock
6142,0.141,rock
6143,0.413,rock
6144,0.647,rock
6145,0.729,rock
6146,0.298,rock
6147,0.261,rock
6148,0.682,rock
6149,0.59,rock
6150,0.649,rock
6151,0.247,rock
6167,0.504,rock
6168,0.606,rock
6172,0.642,rock
6173,0.667,rock
6174,0.744,rock
6175,0.666,rock
6176,0.583,rock
6177,0.313,rock
6178,0.771,rock
6179,0.86,rock
6180,0.963,rock
6181,0.39,rock
6182,0.58,rock
6183,0.624,rock
6184,0.751,rock
6185,0.356,rock
6186,0.862,rock
6187,0.175,rock
6188,0.761,rock
6189,0.0362,rock
6190,0.912,rock
6191,0.304,rock
6192,0.18,rock
6193,0.376,rock
6194,0.415,rock
6195,0.532,rock
6196,0.472,rock
6197,0.723,rock
6198,0.543,rock
6199,0.615,rock
6200,0.626,rock
6201,0.516,rock
6202,0.588,rock
6203,0.768,rock
6204,0.432,rock
6205,0.657,rock
6206,0.697,rock
6207,0.579,rock
6208,0.435,rock
6209,0.546,rock
6210,0.576,rock
6211,0.967,rock
6212,0.798,rock
6214,0.658,rock
6215,0.639,rock
6216,0.535,rock
6217,0.494,rock
6218,0.347,rock
6219,0.518,rock
6220,0.377,rock
6221,0.834,rock
6222,0.734,rock
6223,0.524,rock
6224,0.412,rock
6225,0.314,rock
6226,0.506,rock
6227,0.39,rock
6228,0.354,rock
6229,0.493,rock
6230,0.354,rock
6231,0.684,rock
6232,0.938,rock
6233,0.292,rock
6234,0.269,rock
6235,0.352,rock
6236,0.637,rock
6237,0.482,rock
6238,0.132,rock
6239,0.224,rock
6240,0.783,rock
6241,0.571,rock
6242,0.783,rock
6243,0.151,rock
6244,0.658,rock
6245,0.728,rock
6246,0.903,rock
6247,0.229,rock
6248,0.747,rock
6251,0.557,rock
6252,0.794,rock
6253,0.51,rock
6254,0.886,rock
6255,0.443,rock
6256,0.945,rock
6257,0.35,rock
6258,0.933,rock
6259,0.621,rock
6260,0.433,rock
6261,0.682,rock
6262,0.471,rock
6263,0.542,rock
6264,0.281,rock
6265,0.605,rock
6266,0.562,rock
6267,0.441,rock
6268,0.77,rock
6269,0.602,rock
6270,0.36,rock
6271,0.55,rock
6272,0.251,rock
6280,0.386,rock
6281,0.239,rock
6282,0.722,rock
6283,0.301,rock
6284,0.455,rock
6285,0.212,rock
6286,0.594,rock
6287,0.619,rock
6288,0.46,rock
6289,0.452,rock
6290,0.511,rock
6291,0.49,rock
6292,0.489,rock
6293,0.21,rock
6294,0.914,rock
6389,0.949,rock
6390,0.138,rock
6391,0.307,rock
6392,0.122,rock
6393,0.954,rock
6408,0.568,rock
6409,0.472,rock
6410,0.669,rock
6411,0.985,rock
6412,0.79,rock
6413,0.51,rock
6414,0.765,rock
6419,0.668,rock
6420,0.518,rock
6421,0.866,rock
6422,0.497,rock
6425,0.445,rock
6427,0.81,rock
6428,0.724,rock
6429,0.728,rock
6430,0.509,rock
6431,0.205,rock
6432,0.591,rock
6433,0.384,rock
6434,0.493,rock
6435,0.767,rock
6436,0.642,rock
6437,0.553,rock
6438,0.929,rock
6439,0.544,rock
6440,0.924,rock
6441,0.806,rock
6442,0.624,rock
6443,0.729,rock
6444,0.713,rock
6445,0.415,rock
6446,0.603,rock
6456,0.406,rock
6457,0.91,rock
6458,0.965,rock
6459,0.592,rock
6481,0.11,rock
6482,0.459,rock
6483,0.413,rock
6484,0.779,rock
6485,0.666,rock
6486,0.795,rock
6487,0.74,rock
6488,0.672,rock
6489,0.567,rock
6490,0.522,rock
6491,0.559,rock
6492,0.341,rock
6493,0.592,rock
6494,0.645,rock
6495,0.751,rock
6496,0.868,rock
6497,0.757,rock
6498,0.786,rock
6506,0.946,rock
6509,0.321,rock
6510,0.6,rock
6511,0.795,rock
6512,0.436,rock
6513,0.33,rock
6514,0.893,rock
6515,0.612,rock
6516,0.562,rock
6517,0.78,rock
6518,0.836,rock
6519,0.664,rock
6520,0.754,rock
6521,0.963,rock
6522,0.26,rock
6523,0.43,rock
6524,0.771,rock
6525,0.514,rock
6526,0.415,rock
6527,0.527,rock
6528,0.664,rock
6529,0.736,rock
6530,0.737,rock
6531,0.953,rock
6532,0.503,rock
6533,0.563,rock
6534,0.949,rock
6535,0.764,rock
6536,0.472,rock
6537,0.592,rock
6540,0.675,rock
6541,0.963,rock
6542,0.724,rock
6543,0.517,rock
6646,0.644,rock
6663,0.563,rock
6664,0.973,rock
6665,0.775,rock
6666,0.702,rock
6667,0.96,rock
6668,0.653,rock
6669,0.96,rock
6670,0.961,rock
6671,0.448,rock
6672,0.353,rock
6673,0.709,rock
6674,0.837,rock
6675,0.963,rock
6676,0.958,rock
6677,0.899,rock
6678,0.879,rock
6679,0.737,rock
6680,0.581,rock
6681,0.92,rock
6684,0.768,rock
6685,0.958,rock
6686,0.794,rock
6687,0.768,rock
6688,0.274,rock
6689,0.729,rock
6690,0.681,rock
6691,0.714,rock
6692,0.443,rock
6693,0.82,rock
6694,0.679,rock
6695,0.962,rock
6696,0.533,rock
6697,0.54,rock
6698,0.935,rock
6699,0.743,rock
6700,0.951,rock
6701,0.804,rock
6702,0.505,rock
6703,0.724,rock
6704,0.847,rock
6705,0.693,rock
6706,0.869,rock
6707,0.775,rock
6708,0.472,rock
6709,0.559,rock
6710,0.664,rock
6711,0.654,rock
6712,0.433,rock
6714,0.532,rock
6715,0.863,rock
6716,0.763,rock
6717,0.897,rock
6718,0.689,rock
6719,0.907,rock
6720,0.385,rock
6729,0.168,rock
6762,0.746,rock
6793,0.475,rock
6794,0.815,rock
6795,0.576,rock
6796,0.0532,rock
6797,0.601,rock
6798,0.406,rock
6800,0.669,rock
6801,0.257,rock
6802,0.325,rock
6804,0.409,rock
6825,0.522,rock
6826,0.454,rock
6827,0.213,rock
6828,0.914,rock
6829,0.324,rock
6830,0.573,rock
6831,0.631,rock
6832,0.571,rock
6852,0.591,rock
6853,0.218,rock
6854,0.681,rock
6855,0.66,rock
6857,0.625,rock
6858,0.708,rock
6859,0.483,rock
6872,0.401,rock
6876,0.721,rock
6877,0.25,rock
6882,0.742,rock
6887,0.616,rock
6889,0.408,rock
6890,0.538,rock
6902,0.496,rock
6903,0.374,rock
6904,0.14,rock
6909,0.0923,rock
6910,0.466,rock
6912,0.55,rock
6913,0.194,rock
6914,0.197,rock
6915,0.623,rock
6916,0.487,rock
6917,0.462,rock
6918,0.456,rock
6919,0.702,rock
6920,0.372,rock
6921,0.69,rock
6922,0.61,rock
6923,0.29,rock
6924,0.917,rock
6925,0.366,rock
6926,0.336,rock
6939,0.426,rock
6965,0.579,rock
6966,0.794,rock
6992,0.361,rock
6997,0.248,rock
6998,0.735,rock
7000,0.38,rock
7001,0.355,rock
7002,0.432,rock
7312,0.875,rock
7313,0.884,rock
7314,0.74,rock
7315,0.943,rock
7321,0.622,rock
7322,0.373,rock
7323,0.535,rock
7324,0.495,rock
7325,0.293,rock
7326,0.72,rock
7327,0.593,rock
7328,0.724,rock
7329,0.818,rock
7330,0.417,rock
7331,0.72,rock
7332,0.94,rock
7333,0.963,rock
7334,0.95,rock
7335,0.745,rock
7342,0.575,rock
7343,0.439,rock
7344,0.714,rock
7345,0.847,rock
7346,0.803,rock
7347,0.747,rock
7348,0.913,rock
7349,0.713,rock
7350,0.64,rock
7357,0.499,rock
7394,0.583,rock
7397,0.564,rock
7398,0.757,rock
7399,0.441,rock
7400,0.417,rock
7402,0.779,rock
7403,0.614,rock
7406,0.797,rock
7407,0.55,rock
7416,0.935,rock
7417,0.711,rock
7418,0.42,rock
7434,0.722,rock
7435,0.458,rock
7453,0.542,rock
7454,0.486,rock
7455,0.968,rock
7456,0.518,rock
7459,0.965,rock
7460,0.867,rock
7470,0.347,rock
7471,0.897,rock
7472,0.895,rock
7473,0.942,rock
7474,0.429,rock
7475,0.712,rock
7476,0.67,rock
7477,0.55,rock
7478,0.969,rock
7479,0.74,rock
7483,0.41,rock
7484,0.963,rock
7485,0.387,rock
7486,0.392,rock
7487,0.481,rock
7488,0.604,rock
7489,0.631,rock
7490,0.843,rock
7491,0.393,rock
7494,0.689,rock
7630,0.384,rock
7631,0.433,rock
7632,0.792,rock
7668,0.799,rock
7669,0.196,rock
7670,0.41,rock
7671,0.288,rock
7672,0.511,rock
7673,0.229,rock
7674,0.392,rock
7675,0.544,rock
7676,0.473,rock
7677,0.499,rock
7678,0.762,rock
7679,0.536,rock
7680,0.957,rock
7694,0.814,rock
7695,0.964,rock
7696,0.94,rock
7697,0.586,rock
7698,0.392,rock
7752,0.418,rock
7753,0.318,rock
7754,0.38,rock
7762,0.216,rock
7763,0.353,rock
7768,0.774,rock
7769,0.508,rock
7770,0.36,rock
7869,0.503,rock
7870,0.255,rock
7871,0.853,rock
7872,0.337,rock
7873,0.343,rock
7874,0.415,rock
7875,0.506,rock
7876,0.587,rock
7877,0.298,rock
7878,0.313,rock
7879,0.26,rock
7880,0.234,rock
7881,0.258,rock
7882,0.175,rock
7883,0.383,rock
7884,0.359,rock
7885,0.354,rock
7886,0.233,rock
7887,0.0506,rock
7888,0.403,rock
7889,0.547,rock
7890,0.534,rock
7891,0.748,rock
7892,0.861,rock
7893,0.347,rock
7894,0.282,rock
7895,0.878,rock
7896,0.917,rock
7897,0.365,rock
7898,0.397,rock
8146,0.341,rock
8147,0.619,rock
8148,0.897,rock
8149,0.315,rock
8151,0.15,rock
8152,0.422,rock
8153,0.336,rock
8154,0.166,rock
8155,0.579,rock
8156,0.359,rock
8157,0.17,rock
8158,0.463,rock
8160,0.231,rock
8161,0.573,rock
8165,0.344,rock
8166,0.755,rock
8167,0.891,rock
8169,0.116,rock
8170,0.429,rock
8171,0.375,rock
8172,0.57,rock
8173,0.258,rock
8174,0.855,rock
8175,0.964,rock
8176,0.814,rock
8177,0.393,rock
8178,0.239,rock
8179,0.85,rock
8180,0.512,rock
8181,0.181,rock
8182,0.408,rock
8183,0.571,rock
8184,0.395,rock
8185,0.424,rock
8186,0.1,rock
8193,0.512,rock
8194,0.689,rock
8195,0.6,rock
8196,0.533,rock
8197,0.248,rock
8198,0.712,rock
8199,0.387,rock
8200,0.337,rock
8201,0.446,rock
8202,0.116,rock
8203,0.164,rock
8204,0.197,rock
8205,0.161,rock
8206,0.961,rock
8207,0.353,rock
8208,0.58,rock
8209,0.467,rock
8210,0.14,rock
8211,0.555,rock
8212,0.476,rock
8213,0.235,rock
8214,0.576,rock
8215,0.0901,rock
8219,0.333,rock
8220,0.262,rock
8221,0.29,rock
8222,0.392,rock
8223,0.218,rock
8224,0.252,rock
8225,0.452,rock
8226,0.376,rock
8227,0.765,rock
8228,0.744,rock
8229,0.543,rock
8230,0.292,rock
8231,0.315,rock
8232,0.608,rock
8233,0.304,rock
8234,0.197,rock
8235,0.326,rock
8236,0.155,rock
8237,0.483,rock
8238,0.547,rock
8239,0.2,rock
8240,0.406,rock
8241,0.243,rock
8242,0.285,rock
8243,0.328,rock
8244,0.663,rock
8245,0.244,rock
8246,0.585,rock
8247,0.455,rock
8248,0.144,rock
8249,0.647,rock
8250,0.388,rock
8251,0.365,rock
8252,0.407,rock
8253,0.422,rock
8254,0.13,rock
8255,0.328,rock
8256,0.282,rock
8257,0.651,rock
8258,0.401,rock
8259,0.204,rock
8260,0.416,rock
8275,0.237,rock
8276,0.17,rock
8277,0.716,rock
8278,0.0436,rock
8279,0.211,rock
8280,0.12,rock
8281,0.546,rock
8282,0.543,rock
8283,0.194,rock
8284,0.712,rock
8285,0.534,rock
8286,0.376,rock
8288,0.276,rock
8295,0.316,rock
8319,0.42,rock
8329,0.426,rock
8330,0.856,rock
8331,0.0641,rock
8332,0.415,rock
8333,0.776,rock
8336,0.132,rock
8337,0.815,rock
8338,0.779,rock
8340,0.552,rock
8341,0.679,rock
8342,0.615,rock
8343,0.898,rock
8344,0.88,rock
8345,0.755,rock
8346,0.463,rock
8347,0.68,rock
8348,0.222,rock
8349,0.462,rock
8350,0.595,rock
8351,0.525,rock
8352,0.69,rock
8353,0.749,rock
8354,0.722,rock
8355,0.557,rock
8356,0.656,rock
8357,0.427,rock
8358,0.346,rock
8359,0.279,rock
8360,0.365,rock
8361,0.191,rock
8362,0.127,rock
8363,0.311,rock
8365,0.107,rock
8366,0.414,rock
8382,0.509,rock
8383,0.497,rock
8384,0.566,rock
8385,0.198,rock
8386,0.706,rock
8387,0.555,rock
8388,0.301,rock
8781,0.395,rock
8782,0.308,rock
8783,0.652,rock
8784,0.934,rock
8785,0.841,rock
8786,0.824,rock
8787,0.469,rock
8788,0.455,rock
8789,0.821,rock
8790,0.609,rock
8791,0.502,rock
8801,0.907,rock
8802,0.162,rock
8844,0.553,rock
8845,0.737,rock
8846,0.644,rock
8847,0.53,rock
8862,0.562,rock
8863,0.676,rock
8864,0.129,rock
8869,0.501,rock
8870,0.162,rock
8871,0.854,rock
8872,0.637,rock
8873,0.575,rock
8874,0.587,rock
8875,0.196,rock
8876,0.491,rock
8877,0.442,rock
8886,0.278,rock
8887,0.643,rock
8888,0.8,rock
8889,0.888,rock
8891,0.303,rock
8892,0.714,rock
8893,0.345,rock
8894,0.507,rock
8895,0.198,rock
8896,0.671,rock
8897,0.773,rock
8906,0.76,rock
8917,0.597,rock
8918,0.739,rock
8919,0.561,rock
8920,0.377,rock
8921,0.787,rock
8926,0.236,rock
8927,0.468,rock
8928,0.746,rock
8929,0.578,rock
8930,0.244,rock
8931,0.341,rock
8932,0.675,rock
8933,0.625,rock
8934,0.313,rock
8935,0.933,rock
8936,0.72,rock
8937,0.903,rock
8938,0.903,rock
8939,0.621,rock
8940,0.448,rock
8941,0.401,rock
8942,0.432,rock
8943,0.944,rock
8944,0.138,rock
8945,0.754,rock
8946,0.963,rock
8947,0.37,rock
8948,0.805,rock
8949,0.173,rock
8950,0.894,rock
8951,0.954,rock
8952,0.764,rock
8953,0.574,rock
8954,0.609,rock
8955,0.971,rock
8956,0.694,rock
8957,0.317,rock
8958,0.882,rock
8959,0.975,rock
8960,0.89,rock
8961,0.631,rock
8962,0.87,rock
8964,0.656,rock
8965,0.754,rock
8966,0.0981,rock
8967,0.33,rock
8968,0.524,rock
8969,0.276,rock
8970,0.382,rock
8971,0.649,rock
8972,0.546,rock
8973,0.494,rock
8974,0.696,rock
8986,0.344,rock
8989,0.835,rock
8990,0.804,rock
8991,0.675,rock
8992,0.391,rock
8993,0.841,rock
8994,0.641,rock
9007,0.755,rock
9008,0.656,rock
9031,0.499,rock
9032,0.267,rock
9033,0.435,rock
9034,0.425,rock
9035,0.235,rock
9036,0.305,rock
9037,0.524,rock
9038,0.398,rock
9039,0.344,rock
9040,0.559,rock
9041,0.505,rock
9042,0.362,rock
9043,0.221,rock
9044,0.502,rock
9045,0.738,rock
9046,0.522,rock
9047,0.182,rock
9048,0.476,rock
9049,0.346,rock
9050,0.124,rock
9051,0.385,rock
9052,0.194,rock
9053,0.402,rock
9054,0.347,rock
9055,0.493,rock
9057,0.514,rock
9058,0.211,rock
9059,0.683,rock
9060,0.331,rock
9061,0.161,rock
9062,0.309,rock
9063,0.244,rock
9064,0.505,rock
9065,0.279,rock
9066,0.287,rock
9067,0.531,rock
9068,0.209,rock
9069,0.215,rock
9070,0.596,rock
9071,0.447,rock
9072,0.157,rock
9073,0.385,rock
9074,0.254,rock
9075,0.544,rock
9076,0.0396,rock
9077,0.397,rock
9078,0.516,rock
9079,0.322,rock
9080,0.511,rock
9086,0.355,rock
9087,0.677,rock
9088,0.416,rock
9089,0.278,rock
9090,0.378,rock
9091,0.641,rock
9092,0.416,rock
9093,0.14,rock
9101,0.309,rock
9102,0.494,rock
9103,0.427,rock
9111,0.182,rock
9112,0.329,rock
9113,0.448,rock
9114,0.415,rock
9147,0.498,rock
9148,0.128,rock
9149,0.429,rock
9150,0.174,rock
9151,0.901,rock
9152,0.761,rock
9153,0.751,rock
9160,0.73,rock
9161,0.693,rock
9162,0.92,rock
9165,0.82,rock
9166,0.499,rock
9167,0.77,rock
9170,0.633,rock
9171,0.966,rock
9172,0.537,rock
9173,0.236,rock
9174,0.399,rock
9175,0.525,rock
9176,0.748,rock
9177,0.495,rock
9178,0.539,rock
9179,0.821,rock
9180,0.265,rock
9181,0.817,rock
9192,0.354,rock
9193,0.669,rock
9194,0.647,rock
9195,0.674,rock
9196,0.368,rock
9197,0.481,rock
9198,0.398,rock
9199,0.694,rock
9200,0.582,rock
9201,0.966,rock
9202,0.371,rock
9203,0.477,rock
9204,0.584,rock
9213,0.822,rock
9214,0.69,rock
9284,0.587,rock
9285,0.516,rock
9286,0.961,rock
9287,0.736,rock
9288,0.669,rock
9289,0.902,rock
9351,0.505,rock
9625,0.265,rock
9626,0.513,rock
9627,0.683,rock
9628,0.522,rock
9629,0.698,rock
9630,0.68,rock
9640,0.339,rock
9641,0.321,rock
9642,0.504,rock
9643,0.468,rock
9644,0.626,rock
9645,0.367,rock
9646,0.853,rock
9647,0.414,rock
9648,0.309,rock
9649,0.439,rock
9650,0.686,rock
9651,0.477,rock
9652,0.468,rock
9653,0.501,rock
9654,0.367,rock
9655,0.554,rock
9656,0.328,rock
9657,0.634,rock
9658,0.293,rock
9659,0.392,rock
9660,0.359,rock
9661,0.556,rock
9662,0.843,rock
9663,0.503,rock
9664,0.755,rock
9665,0.373,rock
9666,0.367,rock
9667,0.615,rock
9668,0.434,rock
9669,0.489,rock
9678,0.199,rock
9679,0.43,rock
9680,0.119,rock
9681,0.48,rock
9682,0.407,rock
9683,0.279,rock
9730,0.386,rock
9731,0.585,rock
9732,0.333,rock
9733,0.596,rock
9734,0.669,rock
9735,0.494,rock
9736,0.692,rock
9737,0.3,rock
9738,0.234,rock
9739,0.351,rock
9742,0.663,rock
9743,0.604,rock
9744,0.37,rock
9745,0.351,rock
9746,0.327,rock
9747,0.507,rock
9748,0.477,rock
9749,0.77,rock
9750,0.574,rock
9751,0.391,rock
9752,0.164,rock
9753,0.607,rock
9754,0.669,rock
9755,0.288,rock
9756,0.483,rock
9757,0.63,rock
9760,0.303,rock
9761,0.684,rock
9762,0.456,rock
9763,0.247,rock
9764,0.518,rock
9765,0.67,rock
9766,0.709,rock
9767,0.498,rock
9768,0.53,rock
9769,0.28,rock
9773,0.618,rock
9774,0.629,rock
9775,0.465,rock
9776,0.404,rock
9777,0.707,rock
9787,0.134,rock
11448,0.906,rock
11449,0.476,rock
11450,0.373,rock
11451,0.434,rock
11452,0.602,rock
11453,0.714,rock
11454,0.616,rock
11455,0.516,rock
11456,0.636,rock
11457,0.632,rock
11458,0.545,rock
11459,0.561,rock
11460,0.899,rock
11461,0.771,rock
11462,0.621,rock
11463,0.419,rock
11465,0.407,rock
11466,0.367,rock
11467,0.521,rock
11468,0.592,rock
11469,0.538,rock
11470,0.671,rock
11471,0.519,rock
11472,0.593,rock
11473,0.638,rock
11476,0.401,rock
11477,0.35,rock
11478,0.831,rock
11479,0.563,rock
11480,0.377,rock
11481,0.243,rock
11482,0.805,rock
11483,0.624,rock
11484,0.537,rock
11485,0.653,rock
11486,0.522,rock
11619,0.608,rock
11620,0.603,rock
11621,0.767,rock
11622,0.621,rock
11623,0.531,rock
11624,0.368,rock
11625,0.0826,rock
11631,0.466,rock
11632,0.697,rock
11633,0.479,rock
11634,0.377,rock
11635,0.539,rock
11636,0.765,rock
11637,0.611,rock
11638,0.385,rock
11639,0.699,rock
11640,0.412,rock
11641,0.87,rock
11642,0.377,rock
11643,0.522,rock
11651,0.353,rock
11654,0.599,rock
11655,0.618,rock
11656,0.398,rock
11657,0.492,rock
11658,0.761,rock
11659,0.471,rock
11660,0.838,rock
12039,0.374,rock
12040,0.609,rock
12041,0.807,rock
12042,0.761,rock
12043,0.308,rock
12044,0.277,rock
12045,0.827,rock
12046,0.566,rock
12047,0.707,rock
12048,0.579,rock
12052,0.513,rock
12053,0.807,rock
12054,0.6,rock
12055,0.656,rock
12056,0.553,rock
12057,0.497,rock
12070,0.666,rock
12741,0.636,rock
12742,0.878,rock
12743,0.532,rock
12744,0.348,rock
12745,0.763,rock
12746,0.626,rock
12747,0.143,rock
12763,0.923,rock
12764,0.964,rock
12765,0.432,rock
12766,0.374,rock
12767,0.257,rock
12768,0.652,rock
12769,0.63,rock
12770,0.728,rock
12771,0.329,rock
12772,0.19,rock
12775,0.359,rock
12776,0.899,rock
12777,0.378,rock
12778,0.464,rock
12779,0.317,rock
12780,0.631,rock
12781,0.162,rock
12782,0.866,rock
12783,0.5,rock
12784,0.802,rock
12785,0.804,rock
12786,0.718,rock
12787,0.557,rock
12788,0.716,rock
12789,0.429,rock
12790,0.414,rock
12791,0.647,rock
12792,0.371,rock
12793,0.151,rock
12794,0.305,rock
12795,0.884,rock
12796,0.612,rock
12797,0.371,rock
12798,0.496,rock
12799,0.37,rock
12800,0.695,rock
12801,0.751,rock
12802,0.375,rock
12803,0.691,rock
12804,0.384,rock
12805,0.442,rock
12806,0.777,rock
12816,0.797,rock
12817,0.661,rock
12818,0.963,rock
14413,0.944,rock
14414,0.875,rock
14428,0.55,rock
14429,0.96,rock
14430,0.959,rock
14431,0.667,rock
14432,0.974,rock
14433,0.636,rock
14434,0.732,rock
14435,0.449,rock
14436,0.324,rock
14437,0.876,rock
14438,0.797,rock
14442,0.264,rock
14443,0.537,rock
14444,0.656,rock
14445,0.199,rock
14446,0.449,rock
14447,0.928,rock
14448,0.673,rock
14449,0.647,rock
14450,0.623,rock
14451,0.835,rock
14452,0.393,rock
14455,0.534,rock
14456,0.175,rock
14457,0.443,rock
14466,0.19,rock
14467,0.471,rock
14468,0.842,rock
14469,0.293,rock
14470,0.433,rock
14538,0.949,rock
14539,0.275,rock
14540,0.956,rock
14541,0.511,rock
14542,0.912,rock
14543,0.333,rock
14544,0.877,rock
14545,0.731,rock
14546,0.865,rock
14547,0.743,rock
14548,0.977,rock
14549,0.22,rock
14551,0.843,rock
14552,0.96,rock
14553,0.403,rock
14554,0.898,rock
14555,0.761,rock
14556,0.882,rock
14557,0.432,rock
14558,0.858,rock
14559,0.248,rock
14560,0.157,rock
14561,0.882,rock
14562,0.393,rock
14563,0.794,rock
14564,0.646,rock
14565,0.867,rock
14566,0.534,rock
14567,0.565,rock
14568,0.354,rock
14569,0.531,rock
14570,0.868,rock
14571,0.967,rock
14572,0.56,rock
14573,0.654,rock
14574,0.956,rock
14575,0.967,rock
14576,0.259,rock
14577,0.65,rock
14578,0.16,rock
14579,0.682,rock
14580,0.485,rock
14581,0.368,rock
14582,0.811,rock
14583,0.302,rock
14584,0.793,rock
14585,0.778,rock
14586,0.312,rock
14587,0.552,rock
14588,0.628,rock
14594,0.483,rock
14597,0.532,rock
14598,0.864,rock
14599,0.49,rock
14737,0.527,rock
14738,0.786,rock
14739,0.71,rock
14740,0.566,rock
14741,0.564,rock
14749,0.612,rock
14750,0.716,rock
14751,0.556,rock
14752,0.486,rock
14753,0.486,rock
14754,0.796,rock
14755,0.822,rock
14756,0.683,rock
14757,0.886,rock
14758,0.21,rock
14759,0.664,rock
14760,0.375,rock
14761,0.426,rock
14762,0.831,rock
14763,0.746,rock
14764,0.508,rock
14765,0.836,rock
14766,0.766,rock
14767,0.702,rock
14768,0.602,rock
14769,0.192,rock
14770,0.745,rock
14771,0.658,rock
14772,0.509,rock
14773,0.649,rock
14774,0.606,rock
14775,0.195,rock
14776,0.446,rock
14777,0.907,rock
14778,0.789,rock
14779,0.818,rock
14780,0.77,rock
14781,0.647,rock
14782,0.148,rock
14783,0.316,rock
14784,0.697,rock
14785,0.796,rock
14786,0.423,rock
14787,0.793,rock
14788,0.558,rock
14789,0.733,rock
14790,0.365,rock
14791,0.961,rock
14792,0.634,rock
14793,0.536,rock
14794,0.896,rock
14795,0.561,rock
14796,0.935,rock
14797,0.483,rock
14798,0.243,rock
14799,0.895,rock
14800,0.54,rock
14801,0.177,rock
14802,0.953,rock
14803,0.24,rock
14804,0.632,rock
14805,0.543,rock
14806,0.805,rock
14807,0.355,rock
14808,0.322,rock
14809,0.604,rock
14814,0.554,rock
14815,0.281,rock
14816,0.97,rock
14817,0.345,rock
14818,0.646,rock
14819,0.552,rock
14820,0.513,rock
14821,0.916,rock
14825,0.907,rock
14826,0.44,rock
14827,0.416,rock
14828,0.918,rock
14829,0.61,rock
14830,0.89,rock
14831,0.734,rock
14832,0.782,rock
14833,0.791,rock
14834,0.676,rock
14835,0.695,rock
14836,0.616,rock
14837,0.904,rock
14838,0.44,rock
14839,0.448,rock
14840,0.568,rock
14841,0.96,rock
14842,0.951,rock
14843,0.761,rock
14858,0.732,rock
14859,0.767,rock
14860,0.742,rock
14861,0.712,rock
14862,0.596,rock
14863,0.826,rock
14864,0.51,rock
14865,0.564,rock
14866,0.655,rock
14867,0.421,rock
14868,0.584,rock
14869,0.834,rock
14870,0.221,rock
14871,0.841,rock
14872,0.736,rock
14873,0.391,rock
14874,0.795,rock
14875,0.467,rock
14876,0.457,rock
14877,0.692,rock
14884,0.948,rock
14885,0.822,rock
14886,0.609,rock
14887,0.962,rock
14888,0.964,rock
14889,0.683,rock
14896,0.415,rock
14897,0.29,rock
14915,0.719,rock
14925,0.53,rock
14926,0.387,rock
14927,0.527,rock
14928,0.442,rock
14929,0.774,rock
14930,0.729,rock
14931,0.224,rock
14932,0.187,rock
14933,0.931,rock
14934,0.923,rock
14935,0.971,rock
14936,0.904,rock
14937,0.866,rock
14938,0.272,rock
14939,0.489,rock
14940,0.432,rock
14941,0.158,rock
14942,0.422,rock
14943,0.624,rock
14944,0.471,rock
14945,0.745,rock
14946,0.15,rock
14947,0.764,rock
14948,0.594,rock
14949,0.828,rock
14950,0.17,rock
14951,0.93,rock
14952,0.967,rock
14953,0.574,rock
14954,0.229,rock
14955,0.285,rock
14956,0.283,rock
14957,0.325,rock
14958,0.856,rock
14959,0.965,rock
14960,0.815,rock
14961,0.425,rock
14962,0.44,rock
14963,0.171,rock
14964,0.491,rock
14965,0.499,rock
14966,0.736,rock
14967,0.796,rock
14968,0.769,rock
14969,0.783,rock
14970,0.823,rock
14971,0.743,rock
14972,0.468,rock
14973,0.635,rock
14974,0.572,rock
14975,0.913,rock
14976,0.693,rock
14977,0.869,rock
14978,0.298,rock
14979,0.619,rock
14980,0.897,rock
14982,0.883,rock
14983,0.507,rock
14984,0.225,rock
14985,0.753,rock
14986,0.606,rock
14987,0.768,rock
14988,0.831,rock
14989,0.584,rock
14990,0.716,rock
14991,0.961,rock
14992,0.68,rock
15448,0.36,rock
15449,0.416,rock
15458,0.52,rock
15459,0.616,rock
15467,0.358,rock
15468,0.366,rock
15469,0.228,rock
15470,0.625,rock
15471,0.362,rock
15472,0.312,rock
15473,0.303,rock
15474,0.187,rock
15475,0.496,rock
15476,0.72,rock
15477,0.389,rock
15478,0.148,rock
15479,0.406,rock
15480,0.583,rock
15481,0.583,rock
15482,0.423,rock
15483,0.157,rock
15484,0.389,rock
15485,0.499,rock
15486,0.381,rock
15487,0.33,rock
15488,0.188,rock
15489,0.185,rock
15490,0.263,rock
15491,0.132,rock
15492,0.448,rock
15588,0.386,rock
15589,0.389,rock
15590,0.282,rock
15591,0.412,rock
15592,0.44,rock
15593,0.247,rock
15594,0.572,rock
15595,0.184,rock
15596,0.523,rock
15597,0.481,rock
15598,0.308,rock
15599,0.399,rock
15659,0.909,rock
15660,0.467,rock
15661,0.345,rock
15662,0.619,rock
15663,0.132,rock
15664,0.838,rock
15689,0.609,rock
15690,0.514,rock
15694,0.804,rock
15695,0.712,rock
15696,0.634,rock
15697,0.646,rock
15698,0.196,rock
15699,0.863,rock
15700,0.322,rock
15701,0.491,rock
15702,0.511,rock
15703,0.71,rock
15704,0.367,rock
15705,0.369,rock
15706,0.644,rock
15710,0.513,rock
15711,0.102,rock
15712,0.485,rock
15713,0.419,rock
15714,0.211,rock
15715,0.633,rock
15716,0.665,rock
15717,0.592,rock
15718,0.421,rock
15719,0.409,rock
15720,0.406,rock
15721,0.834,rock
15722,0.216,rock
15723,0.273,rock
15724,0.557,rock
15725,0.754,rock
15737,0.906,rock
15762,0.266,rock
15763,0.385,rock
15764,0.432,rock
15765,0.122,rock
15766,0.475,rock
15767,0.383,rock
15768,0.305,rock
15769,0.487,rock
15770,0.327,rock
15771,0.571,rock
15772,0.961,rock
15773,0.24,rock
15774,0.196,rock
15775,0.0787,rock
15776,0.371,rock
15777,0.503,rock
15778,0.499,rock
15779,0.703,rock
15780,0.41,rock
15781,0.55,rock
15782,0.373,rock
15783,0.579,rock
15784,0.798,rock
15785,0.18,rock
15786,0.255,rock
15787,0.542,rock
15788,0.224,rock
15789,0.317,rock
15790,0.37,rock
15791,0.535,rock
15792,0.749,rock
15793,0.583,rock
15794,0.435,rock
15795,0.699,rock
15796,0.677,rock
15797,0.255,rock
15798,0.696,rock
15799,0.181,rock
15800,0.136,rock
15801,0.392,rock
15802,0.421,rock
15803,0.348,rock
15804,0.612,rock
15805,0.529,rock
15806,0.863,rock
15811,0.553,rock
15812,0.416,rock
15813,0.522,rock
15814,0.23,rock
15815,0.439,rock
15816,0.597,rock
15817,0.192,rock
15818,0.421,rock
15819,0.247,rock
15820,0.27,rock
15821,0.642,rock
15822,0.6,rock
15826,0.213,rock
15827,0.172,rock
15998,0.377,rock
15999,0.323,rock
16000,0.465,rock
16001,0.368,rock
16002,0.58,rock
16003,0.489,rock
16004,0.356,rock
16005,0.364,rock
16006,0.601,rock
16007,0.412,rock
16008,0.685,rock
16009,0.425,rock
16010,0.488,rock
16011,0.27,rock
16017,0.557,rock
16018,0.698,rock
16019,0.366,rock
16020,0.469,rock
16021,0.146,rock
16022,0.634,rock
16023,0.102,rock
16024,0.335,rock
16025,0.19,rock
16026,0.051,rock
16027,0.566,rock
16028,0.209,rock
16029,0.242,rock
16030,0.531,rock
16031,0.133,rock
16034,0.307,rock
16035,0.367,rock
16036,0.406,rock
16037,0.208,rock
16038,0.521,rock
16046,0.436,rock
16047,0.536,rock
16048,0.46,rock
16049,0.526,rock
16050,0.0666,rock
16051,0.217,rock
16052,0.172,rock
16053,0.245,rock
17979,0.522,rock
17980,0.877,rock
17981,0.965,rock
17982,0.901,rock
17983,0.935,rock
17984,0.153,rock
17985,0.321,rock
17986,0.715,rock
17987,0.604,rock
17988,0.367,rock
17989,0.463,rock
17990,0.585,rock
17996,0.588,rock
17997,0.158,rock
17998,0.692,rock
17999,0.56,rock
18000,0.839,rock
18001,0.738,rock
18002,0.836,rock
18003,0.717,rock
18004,0.961,rock
18005,0.912,rock
18006,0.384,rock
18007,0.588,rock
18008,0.67,rock
18009,0.103,rock
18010,0.215,rock
18011,0.389,rock
18012,0.217,rock
18031,0.854,rock
18032,0.139,rock
18033,0.672,rock
18034,0.302,rock
18035,0.596,rock
18036,0.897,rock
18037,0.632,rock
18038,0.597,rock
18039,0.551,rock
18047,0.865,rock
18048,0.535,rock
18049,0.741,rock
18050,0.692,rock
18051,0.713,rock
18052,0.442,rock
18053,0.574,rock
18054,0.221,rock
18055,0.41,rock
18056,0.259,rock
18057,0.491,rock
18058,0.437,rock
18059,0.531,rock
18060,0.647,rock
18061,0.537,rock
18062,0.141,rock
18063,0.766,rock
18064,0.744,rock
18065,0.694,rock
18066,0.601,rock
18067,0.891,rock
18068,0.604,rock
18069,0.305,rock
18070,0.52,rock
18071,0.502,rock
18072,0.917,rock
18073,0.454,rock
18074,0.506,rock
18075,0.858,rock
18076,0.769,rock
18077,0.354,rock
18078,0.157,rock
18079,0.356,rock
18080,0.0681,rock
18081,0.475,rock
18082,0.74,rock
18083,0.428,rock
18084,0.748,rock
18085,0.236,rock
18086,0.283,rock
18087,0.772,rock
18088,0.897,rock
18089,0.194,rock
18090,0.581,rock
18091,0.712,rock
18092,0.0824,rock
18093,0.875,rock
18094,0.558,rock
18095,0.578,rock
18096,0.945,rock
18098,0.391,rock
18099,0.562,rock
18100,0.4,rock
18101,0.318,rock
18102,0.69,rock
18103,0.41,rock
18104,0.434,rock
18105,0.304,rock
18106,0.129,rock
18107,0.113,rock
18108,0.202,rock
18109,0.725,rock
18110,0.601,rock
18111,0.81,rock
18112,0.136,rock
18113,0.407,rock
18114,0.686,rock
18115,0.321,rock
18116,0.803,rock
18122,0.876,rock
18123,0.267,rock
18124,0.551,rock
18125,0.783,rock
18126,0.239,rock
18127,0.809,rock
18128,0.411,rock
18129,0.697,rock
18131,0.463,rock
18132,0.424,rock
18133,0.572,rock
18134,0.964,rock
18136,0.298,rock
18137,0.458,rock
18163,0.902,rock
18171,0.227,rock
18172,0.319,rock
18173,0.964,rock
18174,0.871,rock
18175,0.919,rock
18176,0.569,rock
18177,0.755,rock
18178,0.332,rock
18179,0.803,rock
18180,0.819,rock
18181,0.525,rock
18182,0.845,rock
18183,0.816,rock
18184,0.486,rock
18185,0.876,rock
18186,0.266,rock
18187,0.919,rock
18188,0.514,rock
18189,0.145,rock
18190,0.276,rock
18193,0.27,rock
18194,0.682,rock
18195,0.453,rock
18196,0.918,rock
18197,0.968,rock
18198,0.932,rock
18199,0.518,rock
18200,0.385,rock
18201,0.496,rock
18202,0.942,rock
18203,0.858,rock
18204,0.854,rock
18205,0.561,rock
18206,0.777,rock
18207,0.246,rock
18208,0.535,rock
18209,0.469,rock
18210,0.317,rock
18211,0.789,rock
18212,0.528,rock
18213,0.387,rock
18214,0.723,rock
18215,0.741,rock
18216,0.786,rock
18217,0.89,rock
18218,0.92,rock
18219,0.82,rock
18220,0.931,rock
18221,0.535,rock
18222,0.521,rock
18223,0.726,rock
18224,0.356,rock
18225,0.497,rock
18226,0.52,rock
18227,0.219,rock
18228,0.762,rock
18229,0.812,rock
18230,0.481,rock
18231,0.165,rock
18232,0.69,rock
18233,0.356,rock
18359,0.302,rock
18360,0.695,rock
18361,0.675,rock
18362,0.608,rock
18363,0.617,rock
18364,0.811,rock
18365,0.297,rock
18366,0.648,rock
18367,0.798,rock
18368,0.678,rock
18369,0.608,rock
18370,0.785,rock
18371,0.616,rock
18372,0.901,rock
18373,0.384,rock
18374,0.52,rock
18375,0.494,rock
18376,0.745,rock
18377,0.833,rock
18381,0.906,rock
18382,0.433,rock
18383,0.655,rock
18384,0.71,rock
18385,0.695,rock
18386,0.602,rock
18387,0.667,rock
18388,0.508,rock
18389,0.581,rock
18390,0.568,rock
18391,0.849,rock
18392,0.344,rock
18393,0.886,rock
18394,0.473,rock
18395,0.358,rock
18396,0.696,rock
18397,0.128,rock
18398,0.914,rock
18399,0.743,rock
18400,0.902,rock
18401,0.664,rock
18402,0.637,rock
18403,0.584,rock
18404,0.91,rock
18405,0.704,rock
18406,0.205,rock
18407,0.129,rock
18408,0.462,rock
18409,0.656,rock
18410,0.473,rock
18411,0.264,rock
18412,0.216,rock
18413,0.0,rock
18414,0.909,rock
18415,0.154,rock
18416,0.314,rock
18417,0.278,rock
18418,0.72,rock
18419,0.749,rock
18420,0.135,rock
18456,0.745,rock
18462,0.684,rock
18463,0.686,rock
18464,0.436,rock
18466,0.439,rock
18467,0.637,rock
18468,0.757,rock
18469,0.83,rock
18486,0.234,rock
18487,0.611,rock
18488,0.305,rock
18489,0.69,rock
18490,0.389,rock
18491,0.819,rock
18492,0.232,rock
18493,0.444,rock
18494,0.746,rock
18495,0.32,rock
18496,0.549,rock
18497,0.603,rock
18498,0.447,rock
18499,0.501,rock
18501,0.266,rock
18502,0.39,rock
18503,0.774,rock
18504,0.632,rock
18505,0.456,rock
18506,0.648,rock
18507,0.604,rock
18509,0.532,rock
18510,0.778,rock
18511,0.734,rock
18512,0.562,rock
18513,0.501,rock
18514,0.205,rock
18515,0.478,rock
18535,0.466,rock
18537,0.867,rock
18538,0.755,rock
18539,0.45,rock
18540,0.446,rock
18541,0.232,rock
18542,0.514,rock
18543,0.637,rock
18544,0.458,rock
18545,0.338,rock
18546,0.234,rock
18547,0.71,rock
18548,0.329,rock
18549,0.242,rock
18550,0.273,rock
18551,0.458,rock
18564,0.805,rock
18565,0.279,rock
18566,0.612,rock
18567,0.149,rock
18568,0.676,rock
18569,0.805,rock
18578,0.473,rock
18587,0.785,rock
18588,0.292,rock
18589,0.24,rock
18590,0.807,rock
18591,0.149,rock
18592,0.553,rock
18593,0.91,rock
18594,0.534,rock
18595,0.354,rock
18596,0.774,rock
18597,0.486,rock
18598,0.922,rock
18599,0.405,rock
18600,0.109,rock
18601,0.793,rock
18602,0.696,rock
18603,0.235,rock
18604,0.568,rock
18605,0.433,rock
18606,0.774,rock
18607,0.463,rock
18608,0.497,rock
18611,0.793,rock
18612,0.204,rock
18613,0.535,rock
18614,0.247,rock
18615,0.294,rock
18616,0.607,rock
18617,0.547,rock
18707,0.42,rock
18711,0.282,rock
18712,0.667,rock
18713,0.563,rock
18714,0.931,rock
18715,0.376,rock
21627,0.614,rock
21628,0.369,rock
21629,0.421,rock
21630,0.72,rock
21631,0.74,rock
21632,0.146,rock
21633,0.521,rock
21634,0.882,rock
21635,0.513,rock
21636,0.46,rock
21637,0.273,rock
21638,0.499,rock
21639,0.8,rock
21640,0.882,rock
21641,0.589,rock
21642,0.626,rock
21643,0.546,rock
21644,0.598,rock
21645,0.684,rock
21646,0.713,rock
21647,0.522,rock
21648,0.524,rock
21649,0.485,rock
21650,0.572,rock
21651,0.772,rock
21652,0.538,rock
21653,0.336,rock
21654,0.818,rock
21655,0.96,rock
21656,0.962,rock
21657,0.519,rock
21658,0.71,rock
21659,0.225,rock
21660,0.864,rock
21661,0.693,rock
21662,0.91,rock
21663,0.225,rock
21664,0.732,rock
21665,0.37,rock
21666,0.855,rock
21667,0.785,rock
21668,0.888,rock
21669,0.546,rock
21670,0.735,rock
21671,0.462,rock
21672,0.642,rock
21673,0.887,rock
21674,0.298,rock
21675,0.835,rock
21676,0.86,rock
21677,0.358,rock
21678,0.352,rock
21679,0.589,rock
21680,0.384,rock
21681,0.875,rock
21682,0.892,rock
21683,0.762,rock
21684,0.555,rock
21685,0.699,rock
21686,0.356,rock
21687,0.714,rock
21688,0.591,rock
21689,0.417,rock
21690,0.808,rock
21691,0.817,rock
21692,0.647,rock
21693,0.769,rock
21694,0.652,rock
21695,0.899,rock
21696,0.534,rock
21697,0.826,rock
21698,0.745,rock
21699,0.442,rock
21700,0.683,rock
21701,0.907,rock
21702,0.117,rock
21703,0.724,rock
21704,0.336,rock
21705,0.954,rock
21706,0.805,rock
21707,0.923,rock
21708,0.752,rock
21709,0.709,rock
21710,0.961,rock
21711,0.552,rock
21712,0.718,rock
21713,0.426,rock
21714,0.517,rock
21715,0.662,rock
21716,0.725,rock
21717,0.74,rock
21718,0.821,rock
21719,0.852,rock
21720,0.961,rock
21721,0.689,rock
21722,0.505,rock
21723,0.421,rock
21724,0.839,rock
21725,0.451,rock
21726,0.735,rock
21727,0.669,rock
21728,0.846,rock
21729,0.335,rock
21730,0.46,rock
21731,0.797,rock
21732,0.598,rock
21733,0.536,rock
21734,0.678,rock
21735,0.225,rock
21736,0.482,rock
21737,0.505,rock
21738,0.817,rock
21739,0.879,rock
21740,0.863,rock
21741,0.966,rock
21742,0.774,rock
21743,0.756,rock
21744,0.751,rock
21745,0.856,rock
21746,0.697,rock
21747,0.262,rock
22064,0.715,rock
22065,0.408,rock
22066,0.355,rock
22067,0.517,rock
22068,0.596,rock
22069,0.366,rock
22070,0.414,rock
22071,0.367,rock
22072,0.543,rock
22073,0.72,rock
22074,0.435,rock
22075,0.491,rock
22076,0.898,rock
22077,0.71,rock
22078,0.358,rock
22079,0.498,rock
22080,0.749,rock
22081,0.763,rock
22082,0.362,rock
22083,0.295,rock
22084,0.426,rock
22085,0.306,rock
22086,0.586,rock
22087,0.686,rock
22088,0.811,rock
22089,0.201,rock
22090,0.538,rock
22091,0.236,rock
22092,0.52,rock
22093,0.408,rock
22094,0.389,rock
22095,0.361,rock
22096,0.316,rock
22097,0.339,rock
22098,0.885,rock
22099,0.775,rock
22100,0.376,rock
22101,0.538,rock
22102,0.382,rock
22103,0.475,rock
22104,0.225,rock
22105,0.821,rock
22106,0.91,rock
22107,0.413,rock
22108,0.602,rock
22109,0.335,rock
22110,0.434,rock
22111,0.712,rock
22112,0.456,rock
22113,0.425,rock
22114,0.659,rock
22115,0.513,rock
22116,0.375,rock
22117,0.564,rock
22118,0.185,rock
22119,0.727,rock
22120,0.312,rock
22121,0.869,rock
22122,0.47,rock
22123,0.745,rock
22124,0.476,rock
22125,0.586,rock
22126,0.34,rock
22127,0.422,rock
22128,0.463,rock
22129,0.508,rock
22130,0.722,rock
22131,0.512,rock
22132,0.34,rock
22133,0.569,rock
22134,0.447,rock
22135,0.424,rock
22136,0.243,rock
22137,0.196,rock
22138,0.795,rock
22139,0.493,rock
22140,0.856,rock
22141,0.333,rock
22142,0.749,rock
22143,0.709,rock
22144,0.708,rock
22145,0.727,rock
22146,0.352,rock
22147,0.716,rock
22148,0.266,rock
22149,0.334,rock
22150,0.774,rock
22151,0.48,rock
22152,0.408,rock
22153,0.523,rock
22154,0.43,rock
22155,0.516,rock
22595,0.377,rock
22596,0.401,rock
22597,0.325,rock
22598,0.5,rock
22599,0.342,rock
22600,0.521,rock
22601,0.201,rock
22602,0.511,rock
22603,0.446,rock
22604,0.498,rock
22605,0.18,rock
22606,0.551,rock
22607,0.405,rock
22608,0.33,rock
22609,0.332,rock
22610,0.475,rock
22611,0.425,rock
22612,0.35,rock
22613,0.195,rock
22614,0.367,rock
22615,0.396,rock
22616,0.49,rock
22617,0.254,rock
22618,0.461,rock
22619,0.644,rock
22620,0.67,rock
22621,0.59,rock
22622,0.505,rock
22623,0.186,rock
22624,0.377,rock
22625,0.699,rock
22626,0.465,rock
22627,0.576,rock
22628,0.58,rock
22629,0.434,rock
22630,0.298,rock
22631,0.236,rock
22632,0.337,rock
22633,0.558,rock
22634,0.493,rock
22635,0.304,rock
22636,0.506,rock
22637,0.376,rock
22638,0.517,rock
22639,0.584,rock
22640,0.459,rock
22641,0.282,rock
22642,0.351,rock
22643,0.724,rock
22644,0.716,rock
22645,0.3,rock
22646,0.419,rock
22647,0.299,rock
22648,0.422,rock
22649,0.345,rock
22650,0.262,rock
22651,0.323,rock
22652,0.309,rock
22653,0.278,rock
22654,0.502,rock
22655,0.429,rock
22656,0.538,rock
22657,0.724,rock
22658,0.31,rock
22659,0.28,rock
22660,0.493,rock
22661,0.389,rock
22662,0.572,rock
22663,0.35,rock
22664,0.615,rock
22665,0.765,rock
22666,0.519,rock
22667,0.415,rock
22668,0.472,rock
22669,0.29,rock
22670,0.262,rock
22671,0.582,rock
22672,0.477,rock
22673,0.0876,rock
22674,0.608,rock
22675,0.296,rock
22676,0.397,rock
22677,0.462,rock
22678,0.534,rock
22679,0.177,rock
22680,0.489,rock
22681,0.481,rock
22682,0.338,rock
22683,0.458,rock
22684,0.588,rock
22685,0.669,rock
22686,0.3,rock
22687,0.591,rock
22688,0.338,rock
22689,0.588,rock
22690,0.578,rock
22691,0.536,rock
22692,0.441,rock
22693,0.21,rock
22694,0.546,rock
22695,0.441,rock
22696,0.333,rock
22697,0.37,rock
22698,0.592,rock
22699,0.716,rock
22700,0.572,rock
22701,0.287,rock
22702,0.48,rock
22703,0.499,rock
22704,0.166,rock
22705,0.281,rock
22706,0.22,rock
22707,0.287,rock
22708,0.306,rock
22709,0.534,rock
22710,0.468,rock
22711,0.21,rock
22712,0.548,rock
22713,0.218,rock
22714,0.58,rock
22715,0.533,rock
22716,0.56,rock
22717,0.187,rock
22718,0.459,rock
22719,0.47,rock
22720,0.224,rock
22721,0.276,rock
22722,0.29,rock
22723,0.314,rock
22724,0.4,rock
22725,0.543,rock
22726,0.404,rock
22727,0.676,rock
22728,0.33,rock
22729,0.599,rock
22730,0.55,rock
22731,0.313,rock
22732,0.213,rock
22733,0.181,rock
22734,0.85,rock
22735,0.533,rock
22736,0.4,rock
22737,0.737,rock
22738,0.394,rock
22739,0.675,rock
22740,0.638,rock
22741,0.413,rock
22742,0.276,rock
22743,0.652,rock
22744,0.618,rock
22745,0.221,rock
22746,0.418,rock
22747,0.508,rock
22748,0.116,rock
22749,0.299,rock
22750,0.446,rock
22751,0.17,rock
22752,0.586,rock
22753,0.679,rock
22754,0.531,rock
22755,0.269,rock
22756,0.427,rock
22757,0.529,rock
22758,0.209,rock
22759,0.546,rock
22760,0.448,rock
22761,0.909,rock
22762,0.302,rock
22763,0.37,rock
22764,0.25,rock
22765,0.788,rock
22766,0.406,rock
22767,0.844,rock
22768,0.211,rock
22769,0.365,rock
22770,0.242,rock
22771,0.488,rock
22772,0.276,rock
22773,0.416,rock
22774,0.483,rock
22775,0.58,rock
22776,0.347,rock
22777,0.104,rock
22778,0.305,rock
22779,0.159,rock
22780,0.659,rock
22781,0.262,rock
22782,0.617,rock
22783,0.35,rock
22784,0.567,rock
22785,0.347,rock
22786,0.171,rock
22787,0.493,rock
22788,0.276,rock
22789,0.447,rock
22790,0.43,rock
22791,0.45,rock
22792,0.372,rock
22793,0.237,rock
22794,0.177,rock
22795,0.436,rock
22796,0.461,rock
22797,0.211,rock
22798,0.619,rock
22799,0.162,rock
22800,0.29,rock
22801,0.163,rock
22802,0.31,rock
22803,0.16,rock
22804,0.568,rock
22805,0.206,rock
22806,0.7,rock
22807,0.925,rock
22808,0.741,rock
22809,0.544,rock
22810,0.341,rock
22811,0.684,rock
22812,0.766,rock
22813,0.781,rock
22814,0.626,rock
22815,0.303,rock
22816,0.629,rock
22817,0.448,rock
22818,0.475,rock
22819,0.432,rock
22820,0.255,rock
22821,0.731,rock
22822,0.408,rock
22823,0.588,rock
22824,0.609,rock
22825,0.481,rock
22826,0.903,rock
22827,0.731,rock
22828,0.641,rock
22829,0.426,rock
22830,0.331,rock
22831,0.522,rock
22832,0.389,rock
22833,0.564,rock
22834,0.288,rock
22835,0.254,rock
22836,0.251,rock
22837,0.564,rock
22838,0.633,rock
22839,0.66,rock
22840,0.751,rock
22841,0.516,rock
22842,0.908,rock
22843,0.741,rock
22844,0.304,rock
22845,0.514,rock
22846,0.776,rock
22847,0.968,rock
22848,0.298,rock
22849,0.566,rock
22850,0.33,rock
22851,0.453,rock
22852,0.63,rock
22853,0.691,rock
22854,0.674,rock
22855,0.975,rock
22856,0.513,rock
22857,0.45,rock
22858,0.156,rock
22859,0.543,rock
22860,0.499,rock
22861,0.361,rock
22862,0.463,rock
22863,0.584,rock
22864,0.523,rock
22865,0.337,rock
22866,0.453,rock
22867,0.543,rock
22868,0.294,rock
22869,0.634,rock
22870,0.574,rock
22871,0.687,rock
22872,0.555,rock
22873,0.512,rock
22874,0.73,rock
22875,0.752,rock
22876,0.619,rock
22877,0.622,rock
22878,0.219,rock
22879,0.214,rock
22880,0.78,rock
22881,0.165,rock
22882,0.431,rock
22883,0.941,rock
22884,0.525,rock
22885,0.609,rock
22886,0.464,rock
22887,0.296,rock
22888,0.243,rock
22889,0.21,rock
22890,0.293,rock
22891,0.332,rock
22892,0.87,rock
22893,0.486,rock
22894,0.407,rock
22895,0.472,rock
22896,0.594,rock
22897,0.279,rock
22898,0.599,rock
22899,0.234,rock
22900,0.293,rock
22901,0.45,rock
22902,0.627,rock
22903,0.302,rock
22904,0.493,rock
22905,0.526,rock
22906,0.511,rock
22907,0.465,rock
22908,0.225,rock
22909,0.316,rock
22910,0.607,rock
22911,0.595,rock
22912,0.679,rock
22913,0.744,rock
22914,0.113,rock
22915,0.0374,rock
22916,0.562,rock
22917,0.0437,rock
22918,0.636,rock
22919,0.327,rock
22920,0.196,rock
22921,0.533,rock
22922,0.516,rock
22923,0.171,rock
22924,0.712,rock
22925,0.88,rock
22926,0.107,rock
22927,0.32,rock
22928,0.322,rock
22929,0.332,rock
22930,0.109,rock
22931,0.453,rock
22932,0.221,rock
22933,0.506,rock
22934,0.358,rock
22935,0.27,rock
22936,0.173,rock
22937,0.911,rock
22938,0.239,rock
22939,0.582,rock
22940,0.45,rock
22941,0.184,rock
22942,0.303,rock
22943,0.392,rock
22944,0.433,rock
22945,0.221,rock
22946,0.675,rock
22947,0.565,rock
22948,0.113,rock
22949,0.28,rock
22950,0.746,rock
22951,0.939,rock
22952,0.389,rock
22953,0.952,rock
22954,0.281,rock
22955,0.671,rock
22956,0.298,rock
22957,0.259,rock
22958,0.294,rock
22959,0.416,rock
22960,0.425,rock
22961,0.688,rock
22962,0.776,rock
22963,0.567,rock
22964,0.35,rock
22965,0.778,rock
22966,0.126,rock
22967,0.286,rock
22968,0.487,rock
22969,0.598,rock
22970,0.603,rock
22971,0.423,rock
22972,0.599,rock
22973,0.287,rock
22974,0.525,rock
22975,0.36,rock
22976,0.379,rock
22977,0.654,rock
22978,0.262,rock
22979,0.477,rock
22980,0.44,rock
22981,0.909,rock
22982,0.48,rock
22983,0.84,rock
22984,0.198,rock
22985,0.578,rock
22986,0.702,rock
22987,0.543,rock
22988,0.394,rock
22989,0.306,rock
22990,0.539,rock
22991,0.783,rock
22992,0.35,rock
22993,0.548,rock
22994,0.754,rock
22995,0.196,rock
22996,0.616,rock
22997,0.357,rock
22998,0.382,rock
22999,0.122,rock
23000,0.579,rock
23001,0.825,rock
23002,0.842,rock
23003,0.723,rock
23004,0.407,rock
23005,0.112,rock
23006,0.841,rock
23007,0.706,rock
23008,0.901,rock
23009,0.487,rock
23010,0.381,rock
23011,0.405,rock
23012,0.724,rock
23013,0.897,rock
23014,0.505,rock
23015,0.79,rock
23016,0.537,rock
23017,0.39,rock
23018,0.401,rock
23019,0.424,rock
23020,0.56,rock
23021,0.504,rock
23022,0.684,rock
23023,0.348,rock
23024,0.307,rock
23025,0.415,rock
23026,0.645,rock
23027,0.884,rock
23028,0.786,rock
23029,0.61,rock
23030,0.81,rock
23031,0.224,rock
23032,0.292,rock
23033,0.735,rock
23034,0.389,rock
23035,0.748,rock
23036,0.179,rock
23037,0.752,rock
23038,0.749,rock
23039,0.673,rock
23040,0.319,rock
23041,0.465,rock
23042,0.0393,rock
23043,0.808,rock
443,0.0375,rap
444,0.133,rap
445,0.14,rap
446,0.37,rap
447,0.343,rap
448,0.43,rap
449,0.55,rap
450,0.19,rap
451,0.444,rap
452,0.55,rap
455,0.536,rap
456,0.38,rap
457,0.41,rap
458,0.505,rap
459,0.0564,rap
460,0.724,rap
480,0.0748,rap
481,0.0971,rap
482,0.136,rap
483,0.47,rap
484,0.4,rap
485,0.37,rap
488,0.04,rap
489,0.157,rap
490,0.55,rap
491,0.0739,rap
492,0.295,rap
493,0.207,rap
494,0.0389,rap
495,0.686,rap
496,0.376,rap
497,0.093,rap
503,0.3,rap
504,0.095,rap
505,0.13,rap
507,0.332,rap
508,0.275,rap
509,0.701,rap
510,0.442,rap
638,0.754,rap
639,0.705,rap
640,0.561,rap
641,0.782,rap
642,0.77,rap
643,0.744,rap
644,0.621,rap
655,0.788,rap
665,0.56,rap
666,0.553,rap
667,0.863,rap
668,0.534,rap
669,0.766,rap
670,0.601,rap
671,0.682,rap
672,0.885,rap
688,0.0861,rap
689,0.228,rap
690,0.413,rap
691,0.67,rap
692,0.823,rap
693,0.783,rap
694,0.541,rap
695,0.75,rap
696,0.288,rap
697,0.526,rap
698,0.465,rap
699,0.228,rap
700,0.53,rap
701,0.0983,rap
702,0.537,rap
703,0.779,rap
716,0.205,rap
717,0.367,rap
718,0.499,rap
719,0.6,rap
720,0.3,rap
721,0.573,rap
722,0.788,rap
723,0.538,rap
724,0.204,rap
725,0.602,rap
726,0.743,rap
727,0.553,rap
728,0.634,rap
729,0.886,rap
730,0.859,rap
733,0.868,rap
734,0.552,rap
735,0.684,rap
736,0.773,rap
737,0.977,rap
738,0.793,rap
739,0.385,rap
740,0.608,rap
741,0.783,rap
742,0.429,rap
743,0.841,rap
744,0.561,rap
745,0.164,rap
746,0.474,rap
747,0.401,rap
749,0.714,rap
750,0.694,rap
751,0.793,rap
754,0.754,rap
755,0.335,rap
756,0.762,rap
757,0.721,rap
758,0.301,rap
759,0.772,rap
760,0.405,rap
763,0.75,rap
936,0.411,rap
937,0.644,rap
938,0.542,rap
940,0.451,rap
941,0.578,rap
942,0.55,rap
943,0.709,rap
944,0.434,rap
945,0.303,rap
946,0.181,rap
947,0.577,rap
948,0.479,rap
949,0.209,rap
950,0.444,rap
951,0.349,rap
953,0.351,rap
954,0.547,rap
955,0.56,rap
956,0.36,rap
957,0.423,rap
958,0.321,rap
959,0.409,rap
960,0.348,rap
961,0.256,rap
962,0.436,rap
971,0.451,rap
1003,0.574,rap
1004,0.584,rap
1005,0.65,rap
1006,0.656,rap
1007,0.106,rap
1008,0.494,rap
1009,0.539,rap
1021,0.42,rap
1022,0.705,rap
1023,0.261,rap
1024,0.386,rap
1025,0.606,rap
1026,0.491,rap
1027,0.208,rap
1028,0.695,rap
1029,0.378,rap
1030,0.587,rap
1031,0.77,rap
1032,0.155,rap
1033,0.46,rap
1042,0.486,rap
1043,0.536,rap
1044,0.34,rap
1057,0.32,rap
1058,0.388,rap
1065,0.561,rap
1066,0.399,rap
1067,0.256,rap
1070,0.53,rap
1071,0.645,rap
1072,0.274,rap
1073,0.402,rap
1074,0.0382,rap
1075,0.101,rap
1078,0.211,rap
1079,0.423,rap
1080,0.733,rap
1081,0.274,rap
1082,0.858,rap
1083,0.755,rap
1084,0.424,rap
1088,0.336,rap
1089,0.701,rap
1090,0.584,rap
1112,0.609,rap
1121,0.524,rap
1129,0.595,rap
1130,0.646,rap
1137,0.742,rap
1138,0.335,rap
1139,0.413,rap
1143,0.0962,rap
1148,0.523,rap
1154,0.362,rap
1155,0.362,rap
1156,0.527,rap
1161,0.352,rap
1162,0.744,rap
1163,0.331,rap
1164,0.515,rap
1165,0.51,rap
1166,0.267,rap
1168,0.555,rap
1169,0.278,rap
1170,0.621,rap
1171,0.74,rap
1172,0.69,rap
1229,0.363,rap
1230,0.737,rap
1231,0.749,rap
1232,0.668,rap
1233,0.618,rap
1257,0.617,rap
1258,0.642,rap
1259,0.49,rap
1260,0.105,rap
1261,0.645,rap
1262,0.808,rap
1263,0.258,rap
1264,0.472,rap
1265,0.45,rap
1266,0.389,rap
1267,0.804,rap
1268,0.21,rap
1269,0.725,rap
1270,0.29,rap
1289,0.65,rap
1292,0.456,rap
1293,0.238,rap
1303,0.74,rap
1304,0.336,rap
1311,0.666,rap
1312,0.531,rap
1315,0.565,rap
1316,0.498,rap
1317,0.631,rap
1346,0.161,rap
1347,0.676,rap
1348,0.346,rap
1349,0.624,rap
1350,0.471,rap
1351,0.758,rap
1352,0.6,rap
1353,0.805,rap
1354,0.55,rap
1400,0.408,rap
1401,0.155,rap
1402,0.801,rap
1403,0.198,rap
1404,0.719,rap
1405,0.171,rap
1406,0.688,rap
1407,0.732,rap
1408,0.701,rap
1409,0.783,rap
1410,0.332,rap
1411,0.423,rap
1412,0.464,rap
1413,0.677,rap
1414,0.671,rap
1415,0.265,rap
1416,0.431,rap
1417,0.323,rap
1420,0.443,rap
1421,0.538,rap
1422,0.592,rap
1448,0.455,rap
1449,0.53,rap
1450,0.496,rap
1451,0.521,rap
1452,0.166,rap
1453,0.566,rap
1464,0.546,rap
1465,0.41,rap
1466,0.547,rap
1467,0.447,rap
1468,0.509,rap
1469,0.365,rap
1470,0.502,rap
1474,0.382,rap
1475,0.669,rap
1476,0.346,rap
1477,0.39,rap
1479,0.8,rap
1498,0.583,rap
1499,0.498,rap
1506,0.706,rap
1507,0.566,rap
1530,0.346,rap
1531,0.644,rap
1532,0.459,rap
1533,0.311,rap
1534,0.643,rap
1535,0.718,rap
1536,0.791,rap
1537,0.339,rap
1538,0.741,rap
1539,0.481,rap
1540,0.823,rap
1541,0.794,rap
1542,0.358,rap
1543,0.403,rap
1582,0.358,rap
1583,0.19,rap
1584,0.204,rap
1585,0.535,rap
1586,0.628,rap
1587,0.392,rap
1588,0.399,rap
1589,0.449,rap
1594,0.429,rap
1595,0.579,rap
1596,0.523,rap
1597,0.379,rap
1598,0.431,rap
1599,0.406,rap
1600,0.71,rap
1601,0.184,rap
1602,0.272,rap
1603,0.351,rap
1607,0.513,rap
1608,0.441,rap
1609,0.349,rap
1610,0.575,rap
1611,0.547,rap
1612,0.253,rap
1613,0.481,rap
1614,0.462,rap
1615,0.498,rap
1616,0.199,rap
1618,0.348,rap
1619,0.681,rap
1620,0.5,rap
1958,0.62,rap
1959,0.65,rap
1960,0.391,rap
1961,0.652,rap
1962,0.647,rap
1963,0.268,rap
1964,0.264,rap
1965,0.342,rap
1966,0.329,rap
1967,0.388,rap
1969,0.619,rap
1970,0.534,rap
1971,0.243,rap
1972,0.454,rap
1973,0.593,rap
1974,0.359,rap
1975,0.232,rap
1976,0.349,rap
1977,0.878,rap
1978,0.554,rap
1979,0.546,rap
1993,0.2,rap
1994,0.351,rap
2026,0.427,rap
2027,0.526,rap
2028,0.809,rap
2054,0.946,rap
2055,0.527,rap
2058,0.543,rap
2059,0.48,rap
2071,0.298,rap
2072,0.452,rap
2073,0.313,rap
2074,0.513,rap
2075,0.429,rap
2076,0.482,rap
2077,0.744,rap
2114,0.354,rap
2115,0.474,rap
2116,0.6,rap
2130,0.689,rap
2131,0.86,rap
2132,0.629,rap
2133,0.0389,rap
2140,0.558,rap
2141,0.144,rap
2210,0.672,rap
2211,0.141,rap
2212,0.95,rap
2213,0.653,rap
2214,0.101,rap
2215,0.313,rap
2216,0.68,rap
2232,0.676,rap
2233,0.184,rap
2234,0.197,rap
2235,0.227,rap
2236,0.647,rap
2237,0.499,rap
2238,0.383,rap
2239,0.393,rap
2240,0.76,rap
2241,0.845,rap
2242,0.431,rap
2243,0.749,rap
2244,0.804,rap
2245,0.844,rap
2246,0.78,rap
2247,0.507,rap
2248,0.544,rap
2249,0.523,rap
2250,0.486,rap
2251,0.465,rap
2252,0.353,rap
2253,0.445,rap
2254,0.863,rap
2255,0.289,rap
2256,0.535,rap
2257,0.388,rap
2258,0.301,rap
2259,0.639,rap
2275,0.435,rap
2276,0.0684,rap
2277,0.617,rap
2278,0.325,rap
2279,0.637,rap
2280,0.395,rap
2281,0.12,rap
2282,0.709,rap
2283,0.127,rap
2286,0.474,rap
2305,0.673,rap
2306,0.857,rap
2307,0.738,rap
2321,0.613,rap
2322,0.417,rap
2324,0.45,rap
2325,0.469,rap
2326,0.352,rap
2327,0.211,rap
2328,0.683,rap
2329,0.594,rap
2330,0.516,rap
2331,0.416,rap
2332,0.702,rap
2349,0.392,rap
2350,0.449,rap
2351,0.366,rap
2352,0.902,rap
2353,0.562,rap
2377,0.216,rap
2378,0.798,rap
2379,0.74,rap
2388,0.412,rap
2398,0.577,rap
2399,0.57,rap
2400,0.395,rap
2401,0.604,rap
2405,0.451,rap
2406,0.565,rap
2407,0.219,rap
2408,0.415,rap
2410,0.636,rap
2411,0.422,rap
2414,0.784,rap
2472,0.296,rap
2473,0.925,rap
2474,0.177,rap
2475,0.0999,rap
2476,0.172,rap
2477,0.454,rap
2478,0.601,rap
2479,0.269,rap
2480,0.443,rap
2481,0.0848,rap
2482,0.458,rap
2483,0.515,rap
2484,0.361,rap
2494,0.53,rap
2495,0.838,rap
2496,0.567,rap
2497,0.632,rap
2498,0.531,rap
2499,0.261,rap
2500,0.394,rap
2501,0.38,rap
2502,0.417,rap
2503,0.813,rap
2504,0.685,rap
2505,0.411,rap
2506,0.46,rap
2507,0.74,rap
2508,0.56,rap
2509,0.799,rap
2510,0.85,rap
2524,0.113,rap
2527,0.576,rap
2528,0.3,rap
2529,0.824,rap
2530,0.0546,rap
2531,0.346,rap
2532,0.104,rap
2557,0.553,rap
2558,0.622,rap
2559,0.758,rap
2581,0.569,rap
2582,0.414,rap
2583,0.545,rap
2584,0.632,rap
2585,0.771,rap
2586,0.35,rap
2587,0.708,rap
2588,0.864,rap
2589,0.36,rap
2590,0.383,rap
2591,0.751,rap
2592,0.708,rap
2593,0.49,rap
2594,0.576,rap
2595,0.758,rap
2596,0.558,rap
2597,0.265,rap
2598,0.59,rap
2599,0.471,rap
2600,0.417,rap
2604,0.497,rap
2605,0.791,rap
2606,0.655,rap
2607,0.615,rap
2608,0.222,rap
2609,0.398,rap
2610,0.68,rap
2611,0.582,rap
2612,0.162,rap
2613,0.163,rap
2614,0.741,rap
2615,0.206,rap
2616,0.663,rap
2617,0.652,rap
2618,0.132,rap
2619,0.592,rap
2620,0.676,rap
2621,0.4,rap
2622,0.327,rap
2623,0.514,rap
2624,0.6,rap
2625,0.12,rap
2626,0.247,rap
2627,0.0994,rap
2628,0.501,rap
2629,0.182,rap
2630,0.52,rap
2631,0.213,rap
2632,0.535,rap
2633,0.428,rap
2634,0.464,rap
2635,0.204,rap
2636,0.386,rap
2638,0.151,rap
2639,0.569,rap
2640,0.475,rap
2641,0.389,rap
2655,0.165,rap
2656,0.18,rap
2657,0.285,rap
2658,0.254,rap
2659,0.456,rap
2660,0.143,rap
2661,0.739,rap
2662,0.447,rap
2663,0.643,rap
2664,0.581,rap
2665,0.332,rap
2666,0.882,rap
2667,0.436,rap
2668,0.752,rap
2669,0.315,rap
2670,0.729,rap
2671,0.72,rap
2672,0.481,rap
2673,0.871,rap
2674,0.284,rap
2675,0.534,rap
2676,0.275,rap
2677,0.437,rap
2678,0.569,rap
2679,0.454,rap
2680,0.322,rap
2681,0.563,rap
2682,0.645,rap
2683,0.716,rap
2684,0.162,rap
2685,0.252,rap
2686,0.319,rap
2687,0.342,rap
2688,0.526,rap
2689,0.285,rap
2690,0.421,rap
2691,0.649,rap
2692,0.316,rap
2694,0.0687,rap
2695,0.542,rap
2696,0.613,rap
2697,0.511,rap
2698,0.896,rap
2699,0.528,rap
2700,0.796,rap
2811,0.194,rap
2812,0.215,rap
2813,0.62,rap
2814,0.736,rap
2815,0.699,rap
2816,0.931,rap
2817,0.356,rap
2818,0.457,rap
2819,0.553,rap
2820,0.707,rap
2821,0.662,rap
2822,0.858,rap
2824,0.441,rap
2825,0.493,rap
2826,0.567,rap
2827,0.618,rap
2828,0.286,rap
2829,0.432,rap
2833,0.336,rap
2834,0.238,rap
2838,0.9,rap
2839,0.864,rap
2840,0.689,rap
2841,0.741,rap
2842,0.845,rap
2843,0.491,rap
2844,0.623,rap
2845,0.857,rap
2846,0.801,rap
2847,0.36,rap
2855,0.0956,rap
2856,0.369,rap
2857,0.122,rap
2858,0.382,rap
2859,0.392,rap
2860,0.222,rap
2861,0.226,rap
2862,0.971,rap
2863,0.161,rap
2864,0.0508,rap
2865,0.303,rap
2866,0.0341,rap
2867,0.588,rap
2868,0.634,rap
2869,0.255,rap
2870,0.502,rap
2871,0.0378,rap
2872,0.19,rap
2873,0.0891,rap
2876,0.24,rap
2877,0.0884,rap
2878,0.355,rap
2879,0.528,rap
2880,0.0697,rap
2881,0.0381,rap
2882,0.0786,rap
2883,0.287,rap
2884,0.54,rap
2885,0.755,rap
2886,0.33,rap
2887,0.0855,rap
2888,0.232,rap
2889,0.413,rap
2890,0.503,rap
2891,0.477,rap
2892,0.155,rap
2910,0.237,rap
2911,0.154,rap
2951,0.505,rap
2952,0.633,rap
2953,0.544,rap
2954,0.683,rap
2955,0.558,rap
2956,0.556,rap
2957,0.361,rap
2958,0.507,rap
2959,0.736,rap
2960,0.607,rap
2961,0.839,rap
2962,0.698,rap
2963,0.752,rap
2964,0.592,rap
2965,0.81,rap
2967,0.714,rap
2985,0.314,rap
2986,0.743,rap
2987,0.541,rap
2988,0.534,rap
2989,0.517,rap
2990,0.636,rap
2991,0.635,rap
2992,0.498,rap
2993,0.645,rap
2994,0.786,rap
2995,0.635,rap
2996,0.694,rap
2997,0.785,rap
2998,0.793,rap
2999,0.806,rap
3000,0.684,rap
3001,0.727,rap
3002,0.751,rap
3003,0.869,rap
3015,0.306,rap
3016,0.827,rap
3017,0.379,rap
3018,0.653,rap
3019,0.561,rap
3020,0.676,rap
3021,0.877,rap
3022,0.243,rap
3023,0.47,rap
3024,0.764,rap
3025,0.804,rap
3026,0.666,rap
3054,0.736,rap
3062,0.604,rap
3063,0.18,rap
3064,0.378,rap
3065,0.162,rap
3066,0.793,rap
3067,0.887,rap
3068,0.667,rap
3069,0.814,rap
3070,0.799,rap
3071,0.712,rap
3072,0.744,rap
3076,0.725,rap
3077,0.572,rap
3078,0.294,rap
3079,0.487,rap
3080,0.593,rap
3081,0.45,rap
3082,0.462,rap
3083,0.277,rap
3084,0.587,rap
3085,0.945,rap
3086,0.392,rap
3087,0.524,rap
3088,0.645,rap
3089,0.677,rap
3090,0.245,rap
3091,0.417,rap
3092,0.42,rap
3093,0.454,rap
3094,0.329,rap
3095,0.784,rap
3114,0.669,rap
3115,0.794,rap
3116,0.402,rap
3120,0.534,rap
3127,0.253,rap
3128,0.506,rap
3129,0.592,rap
3130,0.594,rap
3131,0.613,rap
3132,0.672,rap
3133,0.92,rap
3134,0.457,rap
3135,0.413,rap
3136,0.355,rap
3137,0.812,rap
3138,0.421,rap
3140,0.88,rap
3141,0.733,rap
3142,0.499,rap
3145,0.562,rap
3146,0.526,rap
3166,0.102,rap
3167,0.475,rap
3178,0.281,rap
3179,0.561,rap
3205,0.627,rap
3206,0.798,rap
3207,0.76,rap
3213,0.232,rap
3215,0.564,rap
3216,0.625,rap
3217,0.637,rap
3220,0.292,rap
3225,0.438,rap
3226,0.306,rap
3227,0.15,rap
3228,0.81,rap
3237,0.926,rap
3244,0.813,rap
3245,0.577,rap
3246,0.541,rap
3251,0.509,rap
3252,0.475,rap
3253,0.597,rap
3254,0.702,rap
3255,0.569,rap
3256,0.923,rap
3257,0.523,rap
3258,0.692,rap
3259,0.571,rap
3260,0.794,rap
3261,0.447,rap
3267,0.581,rap
3268,0.51,rap
3269,0.472,rap
3274,0.11,rap
3276,0.155,rap
3277,0.704,rap
3278,0.745,rap
3279,0.433,rap
3280,0.696,rap
3281,0.3,rap
3282,0.596,rap
3297,0.905,rap
3305,0.503,rap
3306,0.367,rap
3307,0.249,rap
3308,0.122,rap
3309,0.496,rap
3311,0.315,rap
3312,0.668,rap
3313,0.38,rap
3314,0.772,rap
3315,0.766,rap
3324,0.451,rap
3325,0.46,rap
3326,0.385,rap
3327,0.158,rap
3328,0.474,rap
3329,0.569,rap
3330,0.364,rap
3331,0.336,rap
3332,0.435,rap
3333,0.19,rap
3334,0.49,rap
3335,0.123,rap
3336,0.294,rap
3337,0.725,rap
3338,0.16,rap
3339,0.453,rap
3340,0.503,rap
3341,0.824,rap
3342,0.658,rap
3343,0.348,rap
3344,0.325,rap
3345,0.432,rap
3346,0.266,rap
3347,0.552,rap
3348,0.27,rap
3349,0.74,rap
3350,0.907,rap
3351,0.934,rap
3352,0.864,rap
3353,0.477,rap
3354,0.8,rap
3355,0.543,rap
3356,0.323,rap
3357,0.768,rap
3358,0.672,rap
3361,0.866,rap
3362,0.889,rap
3363,0.455,rap
3364,0.168,rap
3365,0.356,rap
3366,0.234,rap
3367,0.768,rap
3371,0.541,rap
3372,0.944,rap
3373,0.587,rap
3374,0.712,rap
3375,0.716,rap
3376,0.67,rap
3377,0.41,rap
3424,0.266,rap
3425,0.594,rap
3426,0.325,rap
3428,0.231,rap
3429,0.694,rap
3431,0.372,rap
3432,0.195,rap
3433,0.331,rap
3434,0.56,rap
3437,0.803,rap
3438,0.538,rap
3439,0.662,rap
3440,0.898,rap
3457,0.663,rap
3458,0.795,rap
3459,0.562,rap
3460,0.679,rap
3461,0.744,rap
3462,0.349,rap
3463,0.48,rap
3464,0.407,rap
3465,0.902,rap
3466,0.247,rap
3468,0.505,rap
3512,0.215,rap
3517,0.456,rap
3518,0.209,rap
3519,0.451,rap
3520,0.0791,rap
3521,0.79,rap
3522,0.497,rap
3523,0.299,rap
3524,0.326,rap
3525,0.848,rap
3526,0.535,rap
3527,0.28,rap
3528,0.142,rap
3529,0.752,rap
3546,0.233,rap
3547,0.557,rap
3548,0.24,rap
3549,0.378,rap
3550,0.302,rap
3551,0.257,rap
3552,0.183,rap
3553,0.649,rap
3554,0.396,rap
3556,0.459,rap
3557,0.599,rap
3558,0.347,rap
3559,0.459,rap
3560,0.537,rap
3561,0.459,rap
3562,0.491,rap
3563,0.528,rap
3564,0.546,rap
3566,0.507,rap
3567,0.0683,rap
3568,0.712,rap
3569,0.681,rap
3570,0.684,rap
3571,0.382,rap
3572,0.265,rap
3573,0.566,rap
3574,0.388,rap
3575,0.825,rap
3576,0.292,rap
3577,0.298,rap
3578,0.673,rap
3579,0.143,rap
3580,0.73,rap
3581,0.165,rap
3582,0.393,rap
3645,0.756,rap
3646,0.685,rap
3647,0.32,rap
3648,0.817,rap
3649,0.27,rap
3650,0.196,rap
3651,0.25,rap
3652,0.764,rap
3654,0.416,rap
3656,0.768,rap
3668,0.766,rap
3682,0.212,rap
3684,0.705,rap
3685,0.798,rap
3686,0.696,rap
3687,0.21,rap
3688,0.435,rap
3693,0.806,rap
3765,0.299,rap
3778,0.424,rap
3779,0.496,rap
3780,0.331,rap
3781,0.213,rap
3788,0.863,rap
3793,0.373,rap
3794,0.47,rap
3801,0.686,rap
3802,0.487,rap
3803,0.537,rap
3804,0.361,rap
3805,0.37,rap
3806,0.649,rap
3807,0.446,rap
3808,0.382,rap
3809,0.862,rap
3810,0.528,rap
3811,0.662,rap
3812,0.596,rap
3813,0.855,rap
3814,0.384,rap
3816,0.691,rap
3817,0.586,rap
3818,0.529,rap
3819,0.405,rap
3820,0.546,rap
3821,0.57,rap
3822,0.251,rap
3823,0.402,rap
3824,0.235,rap
3825,0.386,rap
3826,0.71,rap
3953,0.771,rap
3954,0.68,rap
3955,0.71,rap
3956,0.605,rap
3957,0.636,rap
3958,0.629,rap
3959,0.199,rap
3960,0.129,rap
3961,0.573,rap
3962,0.606,rap
3963,0.526,rap
3966,0.457,rap
3967,0.401,rap
3968,0.567,rap
3969,0.394,rap
3972,0.692,rap
3973,0.545,rap
3974,0.313,rap
3975,0.339,rap
3976,0.839,rap
3977,0.303,rap
3978,0.192,rap
3979,0.96,rap
3980,0.652,rap
3981,0.836,rap
3982,0.65,rap
3983,0.37,rap
3984,0.529,rap
3985,0.421,rap
3986,0.799,rap
3987,0.75,rap
3988,0.477,rap
3989,0.142,rap
3990,0.506,rap
3991,0.664,rap
3992,0.256,rap
3993,0.765,rap
3994,0.77,rap
3995,0.97,rap
3996,0.347,rap
3997,0.616,rap
3998,0.229,rap
3999,0.462,rap
4000,0.277,rap
4001,0.702,rap
4002,0.676,rap
4003,0.529,rap
4004,0.633,rap
4005,0.715,rap
4006,0.457,rap
4007,0.503,rap
4008,0.742,rap
4009,0.443,rap
4010,0.488,rap
4011,0.367,rap
4012,0.86,rap
4013,0.56,rap
4014,0.456,rap
4015,0.462,rap
4016,0.39,rap
4017,0.54,rap
4018,0.692,rap
4019,0.732,rap
4020,0.669,rap
4021,0.444,rap
4022,0.669,rap
4023,0.378,rap
4024,0.172,rap
4025,0.477,rap
4026,0.637,rap
4027,0.855,rap
4028,0.337,rap
4029,0.744,rap
4030,0.794,rap
4031,0.71,rap
4032,0.519,rap
4033,0.424,rap
4034,0.222,rap
4035,0.299,rap
4036,0.534,rap
4037,0.754,rap
4038,0.22,rap
4039,0.46,rap
4040,0.641,rap
4041,0.526,rap
4042,0.474,rap
4043,0.354,rap
4044,0.929,rap
4045,0.336,rap
4046,0.565,rap
4047,0.276,rap
4048,0.275,rap
4049,0.329,rap
4050,0.568,rap
4051,0.686,rap
4052,0.745,rap
4053,0.859,rap
4054,0.522,rap
4055,0.456,rap
4056,0.476,rap
4057,0.569,rap
4058,0.415,rap
4066,0.568,rap
4067,0.741,rap
4068,0.528,rap
4078,0.297,rap
4079,0.844,rap
4311,0.39,rap
4312,0.0861,rap
4313,0.16,rap
4314,0.562,rap
4315,0.692,rap
4316,0.72,rap
4317,0.251,rap
4318,0.861,rap
4319,0.326,rap
4320,0.61,rap
4321,0.728,rap
4322,0.94,rap
4323,0.761,rap
4324,0.192,rap
4325,0.789,rap
4326,0.817,rap
4327,0.589,rap
4330,0.623,rap
4331,0.641,rap
4332,0.385,rap
4333,0.212,rap
4334,0.512,rap
4335,0.895,rap
4336,0.821,rap
4337,0.712,rap
4338,0.389,rap
4339,0.313,rap
4340,0.587,rap
4341,0.331,rap
4342,0.73,rap
4343,0.393,rap
4344,0.444,rap
4345,0.416,rap
4346,0.788,rap
4347,0.618,rap
4348,0.783,rap
4349,0.81,rap
4350,0.609,rap
4351,0.715,rap
4352,0.55,rap
4353,0.407,rap
4354,0.686,rap
4355,0.201,rap
4356,0.78,rap
4357,0.768,rap
4358,0.622,rap
4359,0.513,rap
4360,0.786,rap
4361,0.608,rap
4362,0.149,rap
4363,0.253,rap
4364,0.818,rap
4365,0.832,rap
4366,0.963,rap
4367,0.398,rap
4387,0.473,rap
4388,0.395,rap
4389,0.73,rap
4390,0.485,rap
4391,0.562,rap
4392,0.478,rap
4393,0.571,rap
4520,0.487,rap
4521,0.447,rap
4522,0.328,rap
4523,0.55,rap
4524,0.58,rap
4525,0.475,rap
4538,0.716,rap
4633,0.382,rap
4634,0.778,rap
4635,0.0393,rap
4636,0.482,rap
4637,0.778,rap
4638,0.223,rap
4639,0.527,rap
4640,0.481,rap
4641,0.525,rap
4644,0.592,rap
4645,0.502,rap
4646,0.0671,rap
4647,0.534,rap
4648,0.206,rap
4649,0.244,rap
4650,0.731,rap
4651,0.933,rap
4652,0.536,rap
4653,0.538,rap
4654,0.682,rap
4655,0.171,rap
4656,0.745,rap
4657,0.281,rap
4658,0.124,rap
4659,0.319,rap
4660,0.713,rap
4661,0.301,rap
4662,0.0395,rap
4663,0.746,rap
4664,0.185,rap
4665,0.157,rap
4666,0.462,rap
4667,0.162,rap
4668,0.681,rap
4669,0.467,rap
4670,0.504,rap
4671,0.653,rap
4672,0.823,rap
4673,0.313,rap
4674,0.354,rap
4675,0.894,rap
4676,0.443,rap
4677,0.472,rap
4678,0.355,rap
4679,0.778,rap
4680,0.215,rap
4681,0.23,rap
4682,0.601,rap
4683,0.554,rap
4684,0.797,rap
4685,0.678,rap
4686,0.558,rap
4687,0.519,rap
4688,0.53,rap
4689,0.334,rap
4690,0.336,rap
4691,0.608,rap
4692,0.514,rap
4693,0.193,rap
4695,0.745,rap
4696,0.0593,rap
4697,0.397,rap
4698,0.487,rap
4699,0.334,rap
4700,0.223,rap
4701,0.869,rap
4702,0.657,rap
4703,0.729,rap
4704,0.541,rap
4705,0.623,rap
4706,0.356,rap
4707,0.508,rap
4709,0.503,rap
4710,0.682,rap
4711,0.717,rap
4712,0.299,rap
4713,0.353,rap
4714,0.68,rap
4715,0.479,rap
4716,0.498,rap
4717,0.589,rap
4718,0.609,rap
4719,0.444,rap
4720,0.378,rap
4722,0.327,rap
4723,0.688,rap
4724,0.37,rap
4725,0.579,rap
4726,0.933,rap
4727,0.438,rap
4728,0.431,rap
4729,0.616,rap
4735,0.719,rap
4736,0.796,rap
4737,0.559,rap
4738,0.348,rap
4739,0.493,rap
4740,0.632,rap
4741,0.837,rap
4742,0.653,rap
4743,0.143,rap
4744,0.745,rap
4745,0.378,rap
4746,0.509,rap
4747,0.533,rap
4748,0.656,rap
4749,0.461,rap
4757,0.563,rap
4779,0.198,rap
4780,0.829,rap
4781,0.526,rap
4850,0.423,rap
4851,0.669,rap
4857,0.741,rap
4871,0.81,rap
4872,0.832,rap
4873,0.615,rap
4874,0.295,rap
4875,0.801,rap
4876,0.627,rap
4877,0.392,rap
4878,0.186,rap
4879,0.663,rap
4880,0.756,rap
4895,0.67,rap
4896,0.648,rap
4936,0.569,rap
4937,0.254,rap
4938,0.562,rap
4939,0.636,rap
4940,0.618,rap
4941,0.213,rap
5125,0.745,rap
5126,0.804,rap
5135,0.912,rap
5136,0.734,rap
5137,0.918,rap
5138,0.73,rap
5139,0.625,rap
5140,0.838,rap
5142,0.449,rap
5143,0.657,rap
5144,0.863,rap
5145,0.746,rap
5193,0.643,rap
5194,0.668,rap
5195,0.872,rap
5196,0.517,rap
5197,0.772,rap
5198,0.569,rap
5199,0.536,rap
5200,0.632,rap
5201,0.699,rap
5202,0.654,rap
5203,0.697,rap
5204,0.679,rap
5205,0.449,rap
5207,0.614,rap
5213,0.65,rap
5214,0.798,rap
5215,0.824,rap
5216,0.438,rap
5217,0.718,rap
5223,0.357,rap
5224,0.539,rap
5225,0.685,rap
5226,0.87,rap
5227,0.16,rap
5238,0.376,rap
5246,0.573,rap
5257,0.779,rap
5258,0.775,rap
5259,0.837,rap
5260,0.784,rap
5261,0.408,rap
5262,0.812,rap
5263,0.576,rap
5264,0.184,rap
5265,0.764,rap
5266,0.837,rap
5267,0.837,rap
5268,0.748,rap
5269,0.689,rap
5270,0.899,rap
5271,0.82,rap
5272,0.842,rap
5273,0.769,rap
5274,0.957,rap
5275,0.734,rap
5276,0.761,rap
5277,0.584,rap
5278,0.424,rap
5279,0.31,rap
5280,0.609,rap
5281,0.706,rap
5282,0.705,rap
5283,0.492,rap
5284,0.371,rap
5285,0.19,rap
5286,0.659,rap
5287,0.638,rap
5288,0.821,rap
5289,0.849,rap
5290,0.773,rap
5291,0.505,rap
5292,0.81,rap
5293,0.667,rap
5294,0.797,rap
5295,0.687,rap
5296,0.204,rap
5297,0.772,rap
5298,0.724,rap
5299,0.753,rap
5300,0.697,rap
5301,0.893,rap
5302,0.691,rap
5303,0.68,rap
5304,0.461,rap
5305,0.776,rap
5306,0.78,rap
5307,0.835,rap
5308,0.788,rap
5309,0.628,rap
5310,0.893,rap
5311,0.366,rap
5312,0.965,rap
5313,0.701,rap
5314,0.924,rap
5315,0.722,rap
5316,0.716,rap
5317,0.646,rap
5318,0.471,rap
5319,0.796,rap
5320,0.578,rap
5321,0.742,rap
5322,0.525,rap
5323,0.739,rap
5324,0.927,rap
5325,0.775,rap
5326,0.817,rap
5328,0.368,rap
5329,0.297,rap
5330,0.721,rap
5331,0.889,rap
5332,0.77,rap
5333,0.418,rap
5334,0.632,rap
5335,0.69,rap
5336,0.261,rap
5337,0.582,rap
5338,0.222,rap
5339,0.158,rap
5340,0.97,rap
5341,0.793,rap
5342,0.41,rap
5343,0.44,rap
5344,0.636,rap
5345,0.539,rap
5354,0.146,rap
5356,0.772,rap
5383,0.206,rap
5384,0.487,rap
5385,0.399,rap
5386,0.595,rap
5387,0.311,rap
5388,0.214,rap
5389,0.121,rap
5390,0.182,rap
5400,0.222,rap
5402,0.551,rap
5403,0.581,rap
5404,0.352,rap
5406,0.642,rap
5407,0.258,rap
5409,0.379,rap
5410,0.107,rap
5411,0.224,rap
5412,0.51,rap
5416,0.362,rap
5417,0.425,rap
5418,0.403,rap
5420,0.599,rap
5421,0.397,rap
5422,0.464,rap
5423,0.582,rap
5424,0.573,rap
5425,0.703,rap
5426,0.594,rap
5443,0.314,rap
5444,0.414,rap
5445,0.79,rap
5446,0.435,rap
5447,0.219,rap
5448,0.78,rap
5449,0.443,rap
5450,0.46,rap
5451,0.568,rap
5452,0.577,rap
5468,0.721,rap
5469,0.482,rap
5470,0.805,rap
5472,0.314,rap
5473,0.27,rap
5475,0.425,rap
5490,0.434,rap
5491,0.211,rap
5492,0.517,rap
5493,0.274,rap
5623,0.571,rap
5624,0.484,rap
5625,0.715,rap
5626,0.166,rap
5627,0.873,rap
5731,0.61,rap
5732,0.637,rap
5733,0.197,rap
5734,0.745,rap
5739,0.742,rap
5740,0.616,rap
5741,0.707,rap
5742,0.681,rap
5743,0.871,rap
5752,0.553,rap
5753,0.412,rap
5754,0.74,rap
5755,0.752,rap
5756,0.674,rap
5757,0.234,rap
5758,0.464,rap
5759,0.791,rap
5760,0.663,rap
5766,0.712,rap
5767,0.576,rap
5775,0.66,rap
5776,0.582,rap
5777,0.523,rap
5778,0.857,rap
5779,0.463,rap
5802,0.0769,rap
5803,0.219,rap
5804,0.319,rap
5805,0.287,rap
5807,0.398,rap
5808,0.255,rap
5809,0.263,rap
5810,0.131,rap
5814,0.813,rap
5815,0.226,rap
5816,0.381,rap
5817,0.348,rap
5823,0.138,rap
5824,0.519,rap
5825,0.714,rap
5826,0.139,rap
5827,0.752,rap
5828,0.1,rap
5829,0.281,rap
5830,0.219,rap
5831,0.0944,rap
5832,0.243,rap
5833,0.12,rap
5834,0.0919,rap
5835,0.0586,rap
5836,0.0357,rap
5837,0.7,rap
5838,0.683,rap
5839,0.152,rap
5840,0.0749,rap
5841,0.099,rap
5842,0.499,rap
5843,0.45,rap
5844,0.167,rap
5845,0.0475,rap
5846,0.676,rap
5847,0.368,rap
5848,0.107,rap
5849,0.246,rap
5850,0.317,rap
5851,0.526,rap
5852,0.316,rap
5853,0.317,rap
5854,0.225,rap
5855,0.343,rap
5856,0.615,rap
5857,0.29,rap
5858,0.0788,rap
5859,0.414,rap
5860,0.208,rap
5861,0.214,rap
5862,0.114,rap
5863,0.345,rap
5864,0.192,rap
5865,0.45,rap
5866,0.487,rap
5867,0.0383,rap
5868,0.352,rap
5870,0.434,rap
5873,0.926,rap
5874,0.814,rap
5875,0.28,rap
5953,0.29,rap
6122,0.104,rap
6123,0.657,rap
6124,0.445,rap
6402,0.599,rap
6403,0.616,rap
6404,0.683,rap
6405,0.434,rap
6406,0.19,rap
6415,0.178,rap
6416,0.509,rap
6417,0.173,rap
6418,0.422,rap
6423,0.89,rap
6424,0.275,rap
6447,0.792,rap
6448,0.74,rap
6449,0.382,rap
6450,0.578,rap
6451,0.681,rap
6452,0.382,rap
6453,0.813,rap
6454,0.152,rap
6455,0.707,rap
6460,0.75,rap
6461,0.606,rap
6462,0.501,rap
6463,0.318,rap
6464,0.906,rap
6465,0.575,rap
6466,0.722,rap
6467,0.837,rap
6468,0.927,rap
6469,0.1,rap
6470,0.869,rap
6471,0.201,rap
6472,0.0703,rap
6473,0.264,rap
6474,0.151,rap
6475,0.648,rap
6476,0.771,rap
6477,0.576,rap
6478,0.494,rap
6479,0.258,rap
6480,0.27,rap
7106,0.557,rap
7110,0.565,rap
7111,0.558,rap
7112,0.493,rap
7118,0.815,rap
7119,0.686,rap
7120,0.46,rap
7122,0.694,rap
7123,0.238,rap
7124,0.302,rap
7125,0.664,rap
7126,0.48,rap
7127,0.759,rap
7128,0.722,rap
7129,0.881,rap
7135,0.88,rap
7136,0.694,rap
7137,0.668,rap
7150,0.597,rap
7151,0.626,rap
7152,0.386,rap
7153,0.646,rap
7156,0.814,rap
7157,0.586,rap
7158,0.683,rap
7159,0.457,rap
7160,0.514,rap
7161,0.725,rap
7162,0.439,rap
7163,0.79,rap
7164,0.1,rap
7165,0.681,rap
7166,0.325,rap
7167,0.622,rap
7168,0.439,rap
7169,0.613,rap
7170,0.429,rap
7171,0.658,rap
7175,0.315,rap
7176,0.852,rap
7177,0.694,rap
7178,0.461,rap
7179,0.785,rap
7180,0.844,rap
7181,0.393,rap
7182,0.696,rap
7183,0.627,rap
7184,0.776,rap
7185,0.478,rap
7186,0.35,rap
7187,0.812,rap
7188,0.779,rap
7189,0.23,rap
7190,0.656,rap
7191,0.229,rap
7192,0.486,rap
7193,0.484,rap
7194,0.277,rap
7195,0.374,rap
7196,0.728,rap
7197,0.681,rap
7198,0.57,rap
7199,0.345,rap
7201,0.804,rap
7202,0.766,rap
7211,0.676,rap
7212,0.319,rap
7213,0.673,rap
7214,0.546,rap
7215,0.645,rap
7216,0.567,rap
7245,0.713,rap
7264,0.317,rap
7267,0.283,rap
7268,0.519,rap
7269,0.267,rap
7270,0.654,rap
7271,0.141,rap
7272,0.683,rap
7273,0.553,rap
7274,0.542,rap
7275,0.434,rap
7276,0.504,rap
7277,0.659,rap
7278,0.706,rap
7279,0.678,rap
7280,0.382,rap
7281,0.0706,rap
7282,0.529,rap
7283,0.42,rap
7284,0.459,rap
7285,0.798,rap
7286,0.906,rap
7287,0.868,rap
7288,0.618,rap
7289,0.633,rap
7293,0.624,rap
7294,0.504,rap
7295,0.508,rap
7296,0.219,rap
7297,0.337,rap
7503,0.148,rap
7504,0.46,rap
7505,0.689,rap
7506,0.863,rap
7507,0.503,rap
7508,0.882,rap
7513,0.696,rap
7514,0.855,rap
7515,0.828,rap
7516,0.793,rap
7517,0.961,rap
7518,0.628,rap
7519,0.729,rap
7520,0.556,rap
7521,0.864,rap
7522,0.587,rap
7523,0.359,rap
7524,0.587,rap
7525,0.652,rap
7527,0.779,rap
7528,0.757,rap
7529,0.696,rap
7530,0.301,rap
7542,0.397,rap
7543,0.363,rap
7548,0.741,rap
7549,0.655,rap
7550,0.359,rap
7551,0.882,rap
7552,0.68,rap
7557,0.661,rap
7558,0.707,rap
7559,0.682,rap
7560,0.57,rap
7561,0.417,rap
7562,0.578,rap
7563,0.545,rap
7571,0.571,rap
7572,0.543,rap
7573,0.3,rap
7574,0.467,rap
7575,0.509,rap
7576,0.648,rap
7577,0.55,rap
7578,0.65,rap
7579,0.459,rap
7580,0.198,rap
7581,0.757,rap
7584,0.44,rap
7585,0.801,rap
7586,0.257,rap
7587,0.609,rap
7588,0.686,rap
7589,0.444,rap
7590,0.322,rap
7591,0.614,rap
7592,0.489,rap
7593,0.449,rap
7594,0.722,rap
7595,0.542,rap
7596,0.211,rap
7600,0.201,rap
7607,0.734,rap
7608,0.666,rap
7609,0.64,rap
7610,0.795,rap
7611,0.412,rap
7612,0.325,rap
7613,0.299,rap
7614,0.579,rap
7618,0.533,rap
7619,0.708,rap
7620,0.72,rap
7621,0.565,rap
7622,0.432,rap
7623,0.546,rap
7624,0.496,rap
7625,0.595,rap
7626,0.464,rap
7627,0.547,rap
7628,0.588,rap
8392,0.734,rap
8399,0.961,rap
8400,0.692,rap
8401,0.855,rap
8402,0.491,rap
8403,0.748,rap
8404,0.602,rap
8406,0.677,rap
8407,0.613,rap
8408,0.717,rap
8409,0.802,rap
8410,0.886,rap
8411,0.828,rap
8412,0.785,rap
8413,0.59,rap
8414,0.641,rap
8415,0.657,rap
8416,0.277,rap
8417,0.523,rap
8418,0.925,rap
8419,0.755,rap
8420,0.692,rap
8421,0.646,rap
8422,0.338,rap
8423,0.899,rap
8424,0.747,rap
8425,0.203,rap
8426,0.433,rap
8427,0.0855,rap
8428,0.836,rap
8429,0.436,rap
8430,0.861,rap
8431,0.963,rap
8432,0.291,rap
8433,0.606,rap
8434,0.568,rap
8435,0.504,rap
8480,0.516,rap
8481,0.675,rap
8482,0.67,rap
8500,0.168,rap
8507,0.701,rap
8508,0.338,rap
8517,0.502,rap
8518,0.346,rap
8533,0.531,rap
8557,0.761,rap
8558,0.601,rap
8559,0.913,rap
8560,0.551,rap
8756,0.584,rap
8757,0.654,rap
8758,0.717,rap
8759,0.825,rap
8760,0.65,rap
8761,0.138,rap
8768,0.613,rap
8769,0.507,rap
8770,0.627,rap
8771,0.545,rap
8772,0.548,rap
8773,0.703,rap
8774,0.376,rap
8775,0.239,rap
8776,0.599,rap
8777,0.597,rap
8778,0.724,rap
8779,0.824,rap
8780,0.607,rap
9056,0.429,rap
9081,0.832,rap
9082,0.46,rap
9083,0.145,rap
9084,0.17,rap
9085,0.189,rap
9094,0.603,rap
9095,0.437,rap
9096,0.543,rap
9097,0.242,rap
9098,0.768,rap
9099,0.726,rap
9100,0.373,rap
9104,0.701,rap
9105,0.865,rap
9106,0.767,rap
9107,0.499,rap
9108,0.339,rap
9109,0.103,rap
9110,0.17,rap
9115,0.364,rap
9116,0.717,rap
9117,0.211,rap
9118,0.175,rap
9119,0.128,rap
9120,0.756,rap
9121,0.234,rap
9122,0.102,rap
9123,0.224,rap
9124,0.273,rap
9125,0.27,rap
9126,0.281,rap
9127,0.355,rap
9128,0.383,rap
9129,0.746,rap
9130,0.0637,rap
9131,0.355,rap
9132,0.3,rap
9133,0.26,rap
9134,0.762,rap
9135,0.163,rap
9136,0.509,rap
9137,0.436,rap
9138,0.874,rap
9139,0.471,rap
9140,0.288,rap
9141,0.329,rap
9142,0.558,rap
9143,0.295,rap
9144,0.154,rap
9145,0.428,rap
9146,0.241,rap
9154,0.361,rap
9155,0.542,rap
9156,0.68,rap
9157,0.247,rap
9158,0.114,rap
9159,0.448,rap
9163,0.373,rap
9164,0.537,rap
9168,0.578,rap
9169,0.242,rap
9418,0.33,rap
9422,0.72,rap
9423,0.482,rap
9424,0.688,rap
9425,0.632,rap
9433,0.608,rap
9434,0.167,rap
9435,0.754,rap
9436,0.178,rap
9437,0.702,rap
9438,0.638,rap
9439,0.538,rap
9440,0.271,rap
9441,0.315,rap
9442,0.622,rap
9443,0.389,rap
9444,0.822,rap
9445,0.539,rap
9453,0.0894,rap
9454,0.601,rap
9455,0.428,rap
9456,0.296,rap
9464,0.0775,rap
9465,0.503,rap
9466,0.264,rap
9467,0.601,rap
9468,0.617,rap
9469,0.52,rap
9470,0.403,rap
9471,0.367,rap
9478,0.733,rap
9479,0.54,rap
9480,0.487,rap
9481,0.57,rap
9482,0.408,rap
9483,0.284,rap
9484,0.173,rap
9485,0.305,rap
9486,0.172,rap
9487,0.476,rap
9488,0.49,rap
9489,0.497,rap
9490,0.647,rap
9491,0.32,rap
9492,0.532,rap
9493,0.634,rap
9494,0.589,rap
9495,0.556,rap
9496,0.481,rap
9497,0.695,rap
9501,0.213,rap
9502,0.181,rap
9503,0.287,rap
9504,0.397,rap
9505,0.196,rap
9506,0.505,rap
9507,0.311,rap
9508,0.363,rap
9509,0.522,rap
9510,0.543,rap
9511,0.343,rap
9524,0.71,rap
9525,0.707,rap
9526,0.746,rap
9527,0.586,rap
9528,0.712,rap
9529,0.663,rap
9530,0.313,rap
9534,0.609,rap
9535,0.543,rap
9536,0.642,rap
9537,0.532,rap
9538,0.745,rap
9539,0.649,rap
9540,0.793,rap
9542,0.509,rap
9543,0.68,rap
9544,0.436,rap
9545,0.948,rap
9546,0.747,rap
9547,0.447,rap
9548,0.518,rap
9549,0.595,rap
9550,0.485,rap
9551,0.534,rap
9585,0.47,rap
9586,0.774,rap
9587,0.313,rap
9588,0.519,rap
9589,0.616,rap
9591,0.721,rap
9592,0.218,rap
9593,0.476,rap
9594,0.708,rap
9595,0.451,rap
9596,0.634,rap
9597,0.78,rap
9598,0.557,rap
9599,0.529,rap
9600,0.53,rap
9601,0.867,rap
9602,0.595,rap
9603,0.277,rap
9604,0.892,rap
9605,0.211,rap
9606,0.666,rap
9607,0.719,rap
9608,0.895,rap
9609,0.668,rap
9610,0.579,rap
9611,0.917,rap
9612,0.468,rap
9613,0.638,rap
9614,0.458,rap
9615,0.753,rap
9616,0.333,rap
9617,0.333,rap
9620,0.76,rap
9621,0.742,rap
9622,0.621,rap
9623,0.547,rap
9624,0.347,rap
9638,0.469,rap
9639,0.807,rap
9670,0.346,rap
9671,0.545,rap
9672,0.479,rap
9673,0.407,rap
9674,0.475,rap
9675,0.619,rap
9676,0.469,rap
9677,0.536,rap
9689,0.455,rap
9690,0.591,rap
9691,0.242,rap
9692,0.184,rap
9693,0.087,rap
9694,0.668,rap
9695,0.545,rap
9698,0.215,rap
9699,0.562,rap
9700,0.417,rap
9701,0.564,rap
9702,0.283,rap
9703,0.619,rap
9704,0.557,rap
9705,0.322,rap
9809,0.433,rap
9810,0.365,rap
9822,0.299,rap
9823,0.44,rap
9826,0.622,rap
9827,0.571,rap
9828,0.687,rap
9834,0.193,rap
9835,0.593,rap
9836,0.818,rap
9837,0.765,rap
9838,0.805,rap
9839,0.807,rap
9840,0.489,rap
9841,0.324,rap
9842,0.808,rap
9843,0.855,rap
9844,0.951,rap
9845,0.597,rap
9846,0.72,rap
9847,0.403,rap
9850,0.527,rap
9851,0.761,rap
9852,0.866,rap
9853,0.599,rap
9854,0.698,rap
9855,0.528,rap
9856,0.671,rap
9857,0.634,rap
9858,0.762,rap
9859,0.804,rap
9860,0.595,rap
9861,0.379,rap
9862,0.594,rap
9863,0.621,rap
9864,0.441,rap
9865,0.359,rap
9866,0.596,rap
9867,0.427,rap
9868,0.694,rap
9869,0.305,rap
9870,0.347,rap
9871,0.53,rap
9872,0.741,rap
9873,0.918,rap
9874,0.691,rap
9875,0.252,rap
9876,0.577,rap
9877,0.731,rap
9884,0.536,rap
9885,0.852,rap
9886,0.677,rap
9887,0.518,rap
9891,0.657,rap
9892,0.328,rap
9893,0.207,rap
9894,0.385,rap
9895,0.196,rap
9896,0.674,rap
9897,0.826,rap
9898,0.723,rap
9899,0.507,rap
9900,0.888,rap
9901,0.822,rap
9902,0.788,rap
9910,0.595,rap
9911,0.858,rap
9913,0.553,rap
9914,0.211,rap
9920,0.426,rap
9921,0.697,rap
9922,0.768,rap
9923,0.262,rap
9924,0.604,rap
9925,0.784,rap
9926,0.516,rap
9927,0.305,rap
9928,0.635,rap
9929,0.661,rap
9930,0.475,rap
9931,0.36,rap
9932,0.626,rap
9933,0.636,rap
9934,0.586,rap
9935,0.785,rap
9936,0.718,rap
9940,0.73,rap
9941,0.809,rap
9942,0.898,rap
9943,0.891,rap
9944,0.747,rap
9945,0.0374,rap
9946,0.239,rap
9947,0.803,rap
9948,0.599,rap
9949,0.415,rap
9950,0.732,rap
9960,0.865,rap
9961,0.792,rap
9962,0.546,rap
9963,0.666,rap
9964,0.3,rap
9990,0.432,rap
9991,0.285,rap
9992,0.884,rap
10001,0.858,rap
10002,0.45,rap
10003,0.587,rap
10004,0.695,rap
10005,0.804,rap
10006,0.722,rap
10007,0.731,rap
10008,0.402,rap
10009,0.735,rap
10010,0.747,rap
10011,0.809,rap
10012,0.667,rap
10013,0.563,rap
10014,0.246,rap
10033,0.694,rap
10038,0.396,rap
10039,0.658,rap
10040,0.622,rap
10041,0.775,rap
10042,0.418,rap
10098,0.733,rap
10099,0.331,rap
10112,0.396,rap
10113,0.695,rap
10114,0.544,rap
10127,0.565,rap
10130,0.533,rap
10131,0.127,rap
10132,0.293,rap
10133,0.433,rap
10134,0.694,rap
10135,0.642,rap
10177,0.114,rap
10203,0.302,rap
10352,0.619,rap
10353,0.799,rap
10354,0.692,rap
10355,0.4,rap
10356,0.576,rap
10357,0.887,rap
10358,0.777,rap
10359,0.635,rap
10360,0.824,rap
10361,0.721,rap
10362,0.678,rap
10363,0.511,rap
10364,0.688,rap
10401,0.114,rap
10402,0.178,rap
10403,0.386,rap
10404,0.82,rap
10405,0.417,rap
10406,0.452,rap
10407,0.587,rap
10408,0.777,rap
10409,0.161,rap
10410,0.249,rap
10411,0.112,rap
10412,0.261,rap
10413,0.668,rap
10414,0.438,rap
10415,0.625,rap
10416,0.0911,rap
10417,0.858,rap
10418,0.247,rap
10419,0.0396,rap
10420,0.51,rap
10421,0.329,rap
10422,0.379,rap
10423,0.365,rap
10424,0.236,rap
10425,0.289,rap
10426,0.419,rap
10427,0.785,rap
10428,0.748,rap
10429,0.541,rap
10430,0.131,rap
10431,0.155,rap
10432,0.512,rap
10434,0.537,rap
10435,0.848,rap
10436,0.59,rap
10437,0.16,rap
10438,0.137,rap
10439,0.37,rap
10440,0.725,rap
10441,0.184,rap
10442,0.279,rap
10443,0.478,rap
10444,0.405,rap
10445,0.461,rap
10446,0.492,rap
10447,0.417,rap
10448,0.471,rap
10449,0.339,rap
10450,0.149,rap
10451,0.0551,rap
10452,0.301,rap
10453,0.0694,rap
10454,0.506,rap
10455,0.175,rap
10456,0.513,rap
10457,0.0965,rap
10458,0.133,rap
10459,0.0878,rap
10460,0.179,rap
10461,0.504,rap
10462,0.658,rap
10463,0.374,rap
10464,0.329,rap
10465,0.0396,rap
10466,0.381,rap
10467,0.601,rap
10468,0.435,rap
10469,0.524,rap
10470,0.718,rap
10471,0.394,rap
10472,0.131,rap
10473,0.563,rap
10474,0.406,rap
10475,0.661,rap
10476,0.251,rap
10490,0.583,rap
10491,0.747,rap
10555,0.184,rap
10556,0.333,rap
10557,0.29,rap
10558,0.51,rap
10559,0.437,rap
10563,0.53,rap
10564,0.586,rap
10565,0.89,rap
10566,0.571,rap
10567,0.404,rap
10568,0.694,rap
10569,0.666,rap
10570,0.219,rap
10571,0.483,rap
10572,0.563,rap
10573,0.365,rap
10574,0.695,rap
10575,0.699,rap
10576,0.734,rap
10577,0.712,rap
10578,0.864,rap
10579,0.649,rap
10580,0.813,rap
10581,0.618,rap
10582,0.559,rap
10600,0.704,rap
10601,0.576,rap
10602,0.485,rap
10603,0.718,rap
10604,0.402,rap
10605,0.257,rap
10606,0.801,rap
10607,0.495,rap
10608,0.952,rap
10609,0.26,rap
10610,0.807,rap
10611,0.882,rap
10613,0.53,rap
10614,0.724,rap
10615,0.476,rap
10623,0.365,rap
10624,0.291,rap
10625,0.743,rap
10626,0.516,rap
10627,0.351,rap
10628,0.315,rap
10629,0.798,rap
10630,0.137,rap
10631,0.57,rap
10635,0.665,rap
10636,0.544,rap
10637,0.572,rap
10638,0.817,rap
10639,0.293,rap
10640,0.527,rap
10641,0.66,rap
10642,0.214,rap
10643,0.504,rap
10644,0.422,rap
10645,0.274,rap
10646,0.147,rap
10647,0.473,rap
10648,0.156,rap
10649,0.538,rap
10650,0.686,rap
10651,0.604,rap
10652,0.147,rap
10653,0.512,rap
10654,0.717,rap
10655,0.541,rap
10656,0.22,rap
10657,0.383,rap
10658,0.398,rap
10659,0.372,rap
10660,0.42,rap
10661,0.805,rap
10662,0.233,rap
10663,0.55,rap
10664,0.7,rap
10665,0.839,rap
10666,0.44,rap
10667,0.426,rap
10668,0.452,rap
10669,0.3,rap
10670,0.537,rap
10671,0.281,rap
10672,0.805,rap
10673,0.384,rap
10674,0.637,rap
10675,0.556,rap
10676,0.666,rap
10677,0.284,rap
10678,0.498,rap
10679,0.434,rap
10680,0.704,rap
10681,0.425,rap
10682,0.645,rap
10683,0.721,rap
10684,0.758,rap
10685,0.427,rap
10686,0.204,rap
10687,0.511,rap
10689,0.876,rap
10690,0.517,rap
10691,0.838,rap
10692,0.5,rap
10693,0.444,rap
10694,0.823,rap
10695,0.403,rap
10696,0.561,rap
10697,0.495,rap
10698,0.233,rap
10699,0.354,rap
10700,0.573,rap
10701,0.91,rap
10702,0.569,rap
10703,0.734,rap
10704,0.237,rap
10765,0.544,rap
10766,0.368,rap
10767,0.464,rap
10768,0.741,rap
10769,0.839,rap
10770,0.698,rap
10771,0.522,rap
10772,0.0384,rap
10773,0.717,rap
10774,0.646,rap
10775,0.388,rap
10776,0.406,rap
10777,0.462,rap
10778,0.293,rap
10779,0.712,rap
10780,0.767,rap
10781,0.14,rap
10782,0.517,rap
10783,0.646,rap
10784,0.493,rap
10785,0.801,rap
10786,0.587,rap
10787,0.705,rap
10788,0.787,rap
10789,0.838,rap
10790,0.297,rap
10791,0.526,rap
10792,0.925,rap
10793,0.608,rap
10794,0.246,rap
10795,0.138,rap
10796,0.643,rap
10797,0.703,rap
10798,0.468,rap
10799,0.919,rap
10800,0.548,rap
10801,0.582,rap
10802,0.361,rap
10803,0.437,rap
10804,0.531,rap
10805,0.642,rap
10806,0.454,rap
10807,0.174,rap
10808,0.71,rap
10809,0.611,rap
10810,0.654,rap
10811,0.623,rap
10812,0.269,rap
10813,0.922,rap
10814,0.53,rap
10815,0.923,rap
10816,0.649,rap
10817,0.243,rap
10818,0.574,rap
10819,0.528,rap
10820,0.869,rap
10821,0.227,rap
10822,0.78,rap
10823,0.154,rap
10824,0.751,rap
10825,0.646,rap
10826,0.449,rap
10827,0.818,rap
10828,0.519,rap
10829,0.688,rap
10830,0.659,rap
10831,0.896,rap
10832,0.643,rap
10833,0.441,rap
10834,0.697,rap
10835,0.656,rap
10836,0.739,rap
10837,0.241,rap
10838,0.073,rap
10839,0.636,rap
10840,0.681,rap
10841,0.468,rap
10842,0.336,rap
10843,0.653,rap
10844,0.359,rap
10845,0.464,rap
10846,0.705,rap
10847,0.517,rap
10848,0.674,rap
10849,0.489,rap
10850,0.697,rap
10851,0.538,rap
10852,0.58,rap
10853,0.465,rap
10854,0.464,rap
10855,0.234,rap
10856,0.555,rap
10857,0.421,rap
10858,0.249,rap
10859,0.805,rap
10860,0.545,rap
10861,0.509,rap
10862,0.905,rap
10863,0.123,rap
10864,0.489,rap
10865,0.575,rap
10866,0.591,rap
10867,0.139,rap
10868,0.32,rap
10869,0.189,rap
10870,0.282,rap
10871,0.409,rap
10872,0.668,rap
10873,0.287,rap
10874,0.446,rap
10875,0.197,rap
10876,0.333,rap
10877,0.159,rap
10878,0.294,rap
10879,0.519,rap
10880,0.574,rap
10881,0.321,rap
10882,0.26,rap
10918,0.69,rap
10919,0.67,rap
10920,0.389,rap
10921,0.404,rap
10922,0.962,rap
10923,0.191,rap
10924,0.707,rap
10925,0.704,rap
10926,0.301,rap
10927,0.714,rap
10928,0.253,rap
10929,0.52,rap
10930,0.843,rap
10931,0.564,rap
10932,0.278,rap
10933,0.291,rap
10934,0.751,rap
10935,0.814,rap
10936,0.412,rap
10937,0.312,rap
10938,0.284,rap
10939,0.759,rap
10940,0.788,rap
10941,0.8,rap
10942,0.382,rap
10943,0.361,rap
10944,0.0865,rap
10945,0.777,rap
10946,0.698,rap
10947,0.336,rap
10948,0.588,rap
10949,0.343,rap
10950,0.556,rap
10951,0.887,rap
10952,0.682,rap
10953,0.288,rap
10954,0.691,rap
10955,0.221,rap
10956,0.697,rap
10966,0.838,rap
10967,0.623,rap
10968,0.429,rap
10969,0.651,rap
10970,0.632,rap
10985,0.781,rap
10986,0.389,rap
10987,0.238,rap
10988,0.647,rap
10989,0.754,rap
10990,0.115,rap
10991,0.781,rap
10992,0.574,rap
10993,0.389,rap
10994,0.591,rap
10995,0.413,rap
10996,0.81,rap
10997,0.292,rap
10998,0.233,rap
10999,0.37,rap
11000,0.838,rap
11001,0.5,rap
11002,0.834,rap
11003,0.499,rap
11004,0.64,rap
11005,0.654,rap
11006,0.769,rap
11007,0.772,rap
11008,0.175,rap
11009,0.391,rap
11010,0.554,rap
11011,0.695,rap
11012,0.533,rap
11013,0.544,rap
11014,0.794,rap
11015,0.759,rap
11016,0.853,rap
11017,0.729,rap
11018,0.516,rap
11019,0.408,rap
11020,0.634,rap
11021,0.655,rap
11022,0.475,rap
11023,0.728,rap
11024,0.588,rap
11025,0.463,rap
11026,0.497,rap
11027,0.961,rap
11028,0.751,rap
11029,0.517,rap
11030,0.679,rap
11031,0.621,rap
11032,0.943,rap
11033,0.547,rap
11034,0.629,rap
11035,0.665,rap
11036,0.595,rap
11037,0.179,rap
11038,0.207,rap
11039,0.657,rap
11040,0.393,rap
11041,0.302,rap
11042,0.573,rap
11043,0.646,rap
11044,0.912,rap
11045,0.678,rap
11046,0.675,rap
11047,0.384,rap
11048,0.618,rap
11049,0.371,rap
11050,0.774,rap
11051,0.413,rap
11060,0.62,rap
11061,0.521,rap
11062,0.753,rap
11063,0.58,rap
11064,0.564,rap
11065,0.483,rap
11066,0.464,rap
11067,0.697,rap
11068,0.571,rap
11384,0.105,rap
11385,0.607,rap
11386,0.475,rap
11387,0.0906,rap
11388,0.609,rap
11389,0.46,rap
11390,0.235,rap
11391,0.498,rap
11392,0.42,rap
11393,0.575,rap
11394,0.237,rap
11395,0.639,rap
11396,0.381,rap
11397,0.593,rap
11398,0.178,rap
11399,0.148,rap
11400,0.111,rap
11401,0.351,rap
11402,0.496,rap
11403,0.292,rap
11404,0.391,rap
11405,0.367,rap
11406,0.379,rap
11407,0.354,rap
11408,0.298,rap
11409,0.699,rap
11410,0.405,rap
11411,0.438,rap
11412,0.0918,rap
11413,0.497,rap
11414,0.373,rap
11415,0.51,rap
11416,0.119,rap
11417,0.536,rap
11419,0.443,rap
11420,0.441,rap
11421,0.161,rap
11422,0.217,rap
11423,0.171,rap
11424,0.478,rap
11425,0.216,rap
11426,0.386,rap
11427,0.561,rap
11428,0.155,rap
11429,0.236,rap
11430,0.451,rap
11431,0.243,rap
11432,0.257,rap
11433,0.595,rap
11434,0.135,rap
11435,0.323,rap
11436,0.52,rap
11437,0.175,rap
11464,0.812,rap
11474,0.652,rap
11475,0.0986,rap
11492,0.646,rap
11493,0.64,rap
11494,0.475,rap
11495,0.62,rap
11496,0.5,rap
11497,0.137,rap
11498,0.389,rap
11499,0.369,rap
11510,0.345,rap
11511,0.412,rap
11512,0.204,rap
11513,0.501,rap
11514,0.348,rap
11515,0.765,rap
11516,0.328,rap
11517,0.461,rap
11519,0.923,rap
11520,0.806,rap
11521,0.561,rap
11522,0.621,rap
11523,0.887,rap
11524,0.624,rap
11525,0.625,rap
11526,0.385,rap
11527,0.565,rap
11528,0.429,rap
11529,0.128,rap
11530,0.531,rap
11531,0.428,rap
11542,0.708,rap
11543,0.694,rap
11544,0.407,rap
11545,0.661,rap
11546,0.2,rap
11547,0.568,rap
11548,0.193,rap
11549,0.229,rap
11550,0.782,rap
11551,0.299,rap
11552,0.312,rap
11553,0.193,rap
11554,0.0883,rap
11555,0.298,rap
11566,0.601,rap
11567,0.504,rap
11595,0.256,rap
11596,0.393,rap
11597,0.318,rap
11598,0.271,rap
11599,0.384,rap
11600,0.361,rap
11601,0.368,rap
11607,0.593,rap
11608,0.7,rap
11609,0.634,rap
11610,0.538,rap
11611,0.209,rap
11612,0.788,rap
11613,0.364,rap
11614,0.57,rap
11615,0.331,rap
11616,0.504,rap
11617,0.283,rap
11618,0.38,rap
11626,0.666,rap
11627,0.544,rap
11628,0.275,rap
11629,0.826,rap
11630,0.178,rap
12829,0.522,rap
12830,0.193,rap
12831,0.283,rap
12832,0.038,rap
12833,0.175,rap
12834,0.0391,rap
12835,0.389,rap
12836,0.398,rap
12837,0.21,rap
12838,0.152,rap
12839,0.332,rap
12840,0.288,rap
12841,0.0372,rap
12842,0.293,rap
12843,0.348,rap
12845,0.285,rap
12846,0.279,rap
12847,0.561,rap
12848,0.474,rap
12849,0.224,rap
12850,0.363,rap
12851,0.864,rap
12852,0.0797,rap
12853,0.117,rap
12854,0.0392,rap
12855,0.24,rap
12856,0.175,rap
12857,0.0392,rap
12858,0.0292,rap
12859,0.0356,rap
12860,0.228,rap
12861,0.545,rap
12862,0.0637,rap
12863,0.878,rap
12864,0.132,rap
12865,0.0387,rap
12866,0.0387,rap
12867,0.18,rap
12868,0.462,rap
12869,0.155,rap
12870,0.465,rap
12871,0.284,rap
12872,0.191,rap
12873,0.34,rap
12874,0.179,rap
12875,0.0947,rap
12876,0.0369,rap
12877,0.265,rap
12878,0.187,rap
12879,0.255,rap
12880,0.318,rap
12881,0.19,rap
12882,0.177,rap
12883,0.253,rap
12884,0.248,rap
12885,0.0294,rap
12886,0.0722,rap
12887,0.0679,rap
12888,0.142,rap
12889,0.312,rap
12890,0.452,rap
12891,0.0385,rap
12892,0.0755,rap
12893,0.82,rap
12894,0.0658,rap
12895,0.266,rap
12896,0.392,rap
12897,0.161,rap
12898,0.436,rap
12899,0.182,rap
12900,0.0374,rap
12901,0.0696,rap
12902,0.43,rap
12903,0.0711,rap
12904,0.178,rap
12905,0.839,rap
12906,0.0589,rap
12907,0.617,rap
12908,0.815,rap
12909,0.362,rap
12910,0.398,rap
12911,0.549,rap
12912,0.576,rap
12913,0.853,rap
12914,0.836,rap
12915,0.467,rap
12916,0.463,rap
12917,0.527,rap
12918,0.607,rap
12919,0.442,rap
12920,0.477,rap
12921,0.907,rap
12922,0.445,rap
12923,0.35,rap
12924,0.642,rap
12925,0.382,rap
12926,0.743,rap
12927,0.185,rap
12928,0.331,rap
12929,0.676,rap
12930,0.212,rap
12931,0.634,rap
12932,0.836,rap
12933,0.801,rap
12934,0.766,rap
12935,0.556,rap
12936,0.663,rap
12937,0.416,rap
12938,0.353,rap
12939,0.678,rap
12940,0.459,rap
12941,0.589,rap
12942,0.856,rap
12943,0.84,rap
12944,0.542,rap
12945,0.692,rap
12946,0.559,rap
12947,0.697,rap
12948,0.447,rap
12949,0.454,rap
12950,0.629,rap
12951,0.405,rap
12952,0.331,rap
12953,0.261,rap
12954,0.689,rap
12955,0.819,rap
12956,0.755,rap
12957,0.632,rap
12958,0.513,rap
12959,0.568,rap
12960,0.682,rap
12961,0.294,rap
12962,0.617,rap
12963,0.586,rap
12964,0.582,rap
12965,0.597,rap
12966,0.251,rap
12967,0.234,rap
12968,0.293,rap
12969,0.733,rap
12970,0.602,rap
12971,0.595,rap
12972,0.89,rap
12973,0.491,rap
12974,0.48,rap
12975,0.216,rap
12976,0.417,rap
12977,0.758,rap
12978,0.535,rap
12979,0.83,rap
12980,0.637,rap
12981,0.278,rap
12982,0.307,rap
12983,0.47,rap
12993,0.431,rap
12994,0.545,rap
13446,0.723,rap
13447,0.722,rap
13448,0.821,rap
13449,0.914,rap
13461,0.955,rap
13462,0.464,rap
13463,0.202,rap
13464,0.463,rap
13465,0.538,rap
13466,0.418,rap
13467,0.406,rap
13468,0.441,rap
13469,0.477,rap
13470,0.217,rap
13471,0.554,rap
13472,0.0853,rap
13473,0.491,rap
13474,0.843,rap
13475,0.617,rap
13476,0.678,rap
13477,0.383,rap
13478,0.436,rap
13479,0.229,rap
13480,0.674,rap
13481,0.779,rap
13482,0.334,rap
13483,0.329,rap
13484,0.365,rap
13485,0.45,rap
13486,0.573,rap
13487,0.623,rap
13488,0.962,rap
13489,0.385,rap
13490,0.521,rap
13491,0.603,rap
13492,0.506,rap
13493,0.554,rap
13494,0.657,rap
13495,0.24,rap
13496,0.378,rap
13497,0.602,rap
13498,0.114,rap
13499,0.215,rap
13500,0.789,rap
13501,0.89,rap
13502,0.106,rap
13503,0.299,rap
13504,0.619,rap
13505,0.73,rap
13506,0.261,rap
13507,0.607,rap
13508,0.0876,rap
13509,0.572,rap
13510,0.491,rap
13511,0.749,rap
13512,0.152,rap
13513,0.127,rap
13514,0.359,rap
13515,0.32,rap
13516,0.364,rap
13517,0.262,rap
13518,0.954,rap
13519,0.659,rap
13520,0.519,rap
13521,0.337,rap
13522,0.299,rap
13523,0.895,rap
13524,0.347,rap
13525,0.451,rap
13526,0.829,rap
13527,0.362,rap
13528,0.622,rap
13529,0.406,rap
13530,0.455,rap
13531,0.261,rap
13532,0.446,rap
13533,0.137,rap
13534,0.65,rap
13535,0.288,rap
13536,0.686,rap
13540,0.224,rap
13541,0.0398,rap
13542,0.571,rap
13543,0.328,rap
13544,0.492,rap
13545,0.462,rap
13546,0.418,rap
13547,0.0414,rap
13548,0.862,rap
13549,0.398,rap
13550,0.769,rap
13551,0.559,rap
13552,0.461,rap
13867,0.102,rap
13868,0.173,rap
13869,0.18,rap
13870,0.43,rap
13871,0.27,rap
13872,0.0478,rap
13873,0.302,rap
13874,0.189,rap
13875,0.0396,rap
13876,0.193,rap
13877,0.218,rap
13878,0.168,rap
13879,0.153,rap
13880,0.128,rap
13985,0.225,rap
13986,0.746,rap
13987,0.332,rap
13988,0.655,rap
13989,0.545,rap
13990,0.24,rap
13991,0.39,rap
13992,0.661,rap
13993,0.542,rap
13994,0.928,rap
13995,0.383,rap
13996,0.519,rap
13997,0.185,rap
13999,0.551,rap
14000,0.61,rap
14001,0.6,rap
14002,0.787,rap
14003,0.422,rap
14004,0.269,rap
14005,0.322,rap
14006,0.398,rap
14007,0.0568,rap
14008,0.528,rap
14010,0.389,rap
14011,0.125,rap
14013,0.294,rap
14014,0.508,rap
14015,0.638,rap
14016,0.511,rap
14017,0.525,rap
14018,0.656,rap
14019,0.448,rap
14020,0.663,rap
14021,0.725,rap
14022,0.377,rap
14023,0.437,rap
14024,0.723,rap
14025,0.308,rap
14026,0.59,rap
14027,0.368,rap
14028,0.355,rap
14029,0.872,rap
14030,0.299,rap
14031,0.507,rap
14032,0.579,rap
14033,0.173,rap
14034,0.491,rap
14035,0.353,rap
14036,0.254,rap
14037,0.799,rap
14038,0.338,rap
14039,0.541,rap
14040,0.241,rap
14041,0.249,rap
14042,0.444,rap
14044,0.621,rap
14045,0.432,rap
14046,0.476,rap
14047,0.664,rap
14048,0.802,rap
14049,0.231,rap
14050,0.145,rap
14051,0.539,rap
14052,0.191,rap
14053,0.396,rap
14054,0.0395,rap
14055,0.532,rap
14056,0.445,rap
14057,0.43,rap
14058,0.429,rap
14059,0.356,rap
14060,0.264,rap
14061,0.195,rap
14062,0.329,rap
14063,0.404,rap
14064,0.349,rap
14065,0.153,rap
14066,0.437,rap
14067,0.323,rap
14068,0.829,rap
14069,0.322,rap
14070,0.61,rap
14086,0.708,rap
14221,0.421,rap
14222,0.599,rap
14223,0.532,rap
14240,0.228,rap
14241,0.463,rap
14242,0.527,rap
14252,0.186,rap
14253,0.775,rap
14254,0.506,rap
15023,0.677,rap
15024,0.333,rap
15025,0.446,rap
15026,0.412,rap
15027,0.499,rap
15028,0.543,rap
15029,0.616,rap
15030,0.313,rap
15031,0.235,rap
15032,0.358,rap
15037,0.297,rap
15038,0.539,rap
15039,0.302,rap
15040,0.268,rap
15041,0.525,rap
15042,0.427,rap
15043,0.4,rap
15044,0.682,rap
15045,0.636,rap
15046,0.653,rap
15047,0.695,rap
15048,0.534,rap
15049,0.964,rap
15050,0.648,rap
15051,0.527,rap
15052,0.368,rap
15053,0.689,rap
15054,0.814,rap
15055,0.328,rap
15056,0.438,rap
15057,0.58,rap
15058,0.516,rap
15059,0.593,rap
15060,0.934,rap
15061,0.489,rap
15062,0.704,rap
15063,0.714,rap
15064,0.498,rap
15065,0.445,rap
15066,0.551,rap
15067,0.791,rap
15068,0.557,rap
15069,0.535,rap
15070,0.384,rap
15071,0.218,rap
15072,0.494,rap
15073,0.566,rap
15074,0.682,rap
15075,0.418,rap
15076,0.594,rap
15077,0.507,rap
15078,0.499,rap
15079,0.255,rap
15080,0.431,rap
15081,0.577,rap
15082,0.265,rap
15083,0.704,rap
15084,0.516,rap
15085,0.532,rap
15097,0.426,rap
15101,0.391,rap
15102,0.301,rap
15103,0.0397,rap
15104,0.502,rap
15105,0.439,rap
15106,0.679,rap
15107,0.502,rap
15108,0.944,rap
15109,0.262,rap
15110,0.59,rap
15111,0.564,rap
15112,0.341,rap
15113,0.733,rap
15114,0.663,rap
15115,0.533,rap
15117,0.318,rap
15118,0.668,rap
15119,0.638,rap
15120,0.378,rap
15121,0.456,rap
15131,0.615,rap
15132,0.327,rap
15133,0.431,rap
15134,0.691,rap
15150,0.784,rap
15151,0.523,rap
15152,0.344,rap
15153,0.275,rap
15154,0.803,rap
15155,0.649,rap
15156,0.716,rap
15244,0.757,rap
15245,0.661,rap
15246,0.917,rap
15247,0.563,rap
15248,0.903,rap
15264,0.907,rap
15265,0.731,rap
15266,0.926,rap
15267,0.907,rap
15268,0.723,rap
15269,0.61,rap
15270,0.792,rap
15271,0.861,rap
15272,0.66,rap
15273,0.567,rap
15274,0.691,rap
15275,0.623,rap
15276,0.914,rap
15277,0.92,rap
15278,0.742,rap
15279,0.549,rap
15280,0.802,rap
15281,0.61,rap
15282,0.929,rap
15283,0.962,rap
15284,0.963,rap
15285,0.794,rap
15286,0.887,rap
15287,0.937,rap
15288,0.965,rap
15289,0.817,rap
15290,0.694,rap
15291,0.889,rap
15292,0.553,rap
15293,0.785,rap
15294,0.544,rap
15295,0.938,rap
15307,0.736,rap
15308,0.739,rap
15309,0.897,rap
15310,0.551,rap
15311,0.897,rap
15312,0.283,rap
15345,0.888,rap
15346,0.883,rap
15347,0.557,rap
15348,0.92,rap
15349,0.468,rap
15350,0.695,rap
15351,0.452,rap
15359,0.973,rap
15360,0.442,rap
15361,0.58,rap
15363,0.27,rap
15364,0.914,rap
15365,0.714,rap
15366,0.608,rap
15367,0.867,rap
15368,0.838,rap
15369,0.603,rap
15370,0.644,rap
15371,0.975,rap
15372,0.521,rap
15373,0.592,rap
15374,0.388,rap
15389,0.965,rap
15390,0.78,rap
15391,0.894,rap
15392,0.651,rap
15393,0.85,rap
15394,0.521,rap
15395,0.81,rap
15396,0.614,rap
15397,0.587,rap
15398,0.598,rap
15400,0.886,rap
15401,0.838,rap
15402,0.962,rap
15403,0.694,rap
15404,0.964,rap
15405,0.467,rap
15406,0.714,rap
15407,0.897,rap
15408,0.714,rap
15434,0.905,rap
15608,0.808,rap
15609,0.469,rap
15610,0.76,rap
15611,0.806,rap
15612,0.872,rap
15613,0.876,rap
15616,0.349,rap
15617,0.349,rap
15618,0.483,rap
15619,0.96,rap
15620,0.561,rap
15621,0.366,rap
15622,0.611,rap
15623,0.21,rap
15624,0.336,rap
15625,0.557,rap
15626,0.478,rap
15627,0.352,rap
15628,0.374,rap
15629,0.0944,rap
15630,0.135,rap
15631,0.185,rap
15632,0.282,rap
15633,0.33,rap
15634,0.39,rap
15635,0.448,rap
15636,0.613,rap
15637,0.321,rap
15638,0.845,rap
15639,0.549,rap
15640,0.422,rap
15641,0.0773,rap
15642,0.142,rap
15643,0.779,rap
15644,0.35,rap
15645,0.122,rap
15646,0.454,rap
15647,0.246,rap
15648,0.258,rap
15649,0.533,rap
15650,0.15,rap
15651,0.0892,rap
15652,0.313,rap
15653,0.273,rap
15654,0.429,rap
15655,0.869,rap
15656,0.293,rap
15657,0.48,rap
15658,0.483,rap
15665,0.172,rap
15666,0.476,rap
15667,0.665,rap
15668,0.11,rap
15669,0.209,rap
15670,0.532,rap
15671,0.61,rap
15672,0.324,rap
15673,0.181,rap
15674,0.366,rap
15675,0.189,rap
15676,0.113,rap
15677,0.0417,rap
15678,0.252,rap
15679,0.136,rap
15680,0.235,rap
15681,0.417,rap
15691,0.28,rap
15692,0.674,rap
15693,0.549,rap
15807,0.0901,rap
15808,0.654,rap
15809,0.433,rap
15810,0.6,rap
15828,0.15,rap
15829,0.255,rap
15830,0.0886,rap
15831,0.292,rap
15832,0.412,rap
15833,0.425,rap
15834,0.165,rap
15835,0.427,rap
15836,0.356,rap
15851,0.18,rap
15852,0.225,rap
16202,0.156,rap
16203,0.197,rap
16210,0.223,rap
16211,0.298,rap
16212,0.333,rap
16213,0.0834,rap
16214,0.399,rap
16215,0.128,rap
16231,0.518,rap
16232,0.72,rap
16526,0.215,rap
16527,0.516,rap
16528,0.357,rap
16529,0.363,rap
16530,0.287,rap
16531,0.0747,rap
16532,0.758,rap
16533,0.236,rap
16534,0.38,rap
16535,0.604,rap
16536,0.419,rap
16537,0.447,rap
16538,0.61,rap
16539,0.698,rap
16540,0.45,rap
16541,0.334,rap
16542,0.103,rap
16543,0.268,rap
16544,0.578,rap
16545,0.457,rap
16546,0.421,rap
16547,0.486,rap
16548,0.23,rap
16549,0.384,rap
16550,0.119,rap
16551,0.369,rap
16552,0.133,rap
16553,0.282,rap
16554,0.132,rap
16555,0.789,rap
16556,0.516,rap
16557,0.405,rap
16558,0.238,rap
16559,0.484,rap
16560,0.561,rap
16561,0.491,rap
16562,0.253,rap
16563,0.912,rap
16564,0.166,rap
16565,0.208,rap
16566,0.504,rap
16567,0.264,rap
16568,0.269,rap
16569,0.489,rap
16570,0.418,rap
16571,0.393,rap
16572,0.233,rap
16573,0.25,rap
16574,0.318,rap
16575,0.719,rap
16576,0.528,rap
16577,0.16,rap
16578,0.262,rap
16579,0.146,rap
16580,0.312,rap
16581,0.542,rap
16582,0.254,rap
16583,0.613,rap
16584,0.566,rap
16585,0.354,rap
16586,0.528,rap
16587,0.618,rap
16588,0.158,rap
16589,0.239,rap
16590,0.535,rap
16591,0.446,rap
16592,0.403,rap
16593,0.575,rap
16594,0.109,rap
16595,0.253,rap
16596,0.298,rap
16597,0.0839,rap
16598,0.212,rap
16599,0.446,rap
16614,0.311,rap
16615,0.0394,rap
16616,0.736,rap
16617,0.109,rap
16618,0.493,rap
16619,0.439,rap
16620,0.608,rap
16621,0.351,rap
16622,0.356,rap
17428,0.67,rap
17435,0.919,rap
17436,0.37,rap
17437,0.587,rap
17439,0.881,rap
17463,0.322,rap
17464,0.539,rap
17465,0.604,rap
17466,0.556,rap
17467,0.508,rap
17472,0.695,rap
17481,0.839,rap
17483,0.828,rap
17484,0.775,rap
17485,0.552,rap
17486,0.393,rap
17487,0.552,rap
17489,0.269,rap
17490,0.871,rap
17491,0.76,rap
17492,0.942,rap
17493,0.423,rap
17494,0.415,rap
17495,0.774,rap
17504,0.711,rap
17513,0.861,rap
17514,0.303,rap
17515,0.759,rap
17520,0.879,rap
17521,0.961,rap
17523,0.851,rap
17524,0.646,rap
17525,0.44,rap
17526,0.443,rap
17527,0.506,rap
17528,0.513,rap
17565,0.105,rap
17688,0.966,rap
17846,0.734,rap
17847,0.783,rap
17848,0.408,rap
17849,0.84,rap
17850,0.757,rap
17851,0.666,rap
17852,0.586,rap
17853,0.538,rap
17863,0.858,rap
17872,0.472,rap
17873,0.853,rap
17874,0.723,rap
17875,0.856,rap
17876,0.788,rap
17877,0.555,rap
17878,0.734,rap
17879,0.408,rap
17880,0.774,rap
17881,0.508,rap
17886,0.876,rap
17887,0.682,rap
17888,0.867,rap
17889,0.563,rap
17890,0.804,rap
17891,0.845,rap
17898,0.178,rap
17900,0.593,rap
17901,0.879,rap
17902,0.484,rap
17903,0.802,rap
17904,0.649,rap
17905,0.696,rap
17906,0.832,rap
17991,0.742,rap
17992,0.343,rap
17993,0.574,rap
17994,0.23,rap
17995,0.106,rap
18013,0.386,rap
18014,0.237,rap
18015,0.509,rap
18016,0.372,rap
18017,0.5,rap
18018,0.628,rap
18019,0.359,rap
18020,0.256,rap
18021,0.267,rap
18022,0.493,rap
18023,0.0398,rap
18024,0.179,rap
18025,0.455,rap
18026,0.689,rap
18027,0.614,rap
18028,0.474,rap
18029,0.294,rap
18030,0.34,rap
18040,0.23,rap
18041,0.379,rap
18042,0.388,rap
18043,0.0798,rap
18044,0.451,rap
18045,0.498,rap
18046,0.388,rap
18097,0.762,rap
18117,0.528,rap
18118,0.595,rap
18119,0.798,rap
18120,0.542,rap
18121,0.57,rap
18130,0.384,rap
18135,0.462,rap
18138,0.261,rap
18139,0.518,rap
18140,0.378,rap
18141,0.484,rap
18142,0.523,rap
18143,0.254,rap
18144,0.339,rap
18145,0.25,rap
18146,0.523,rap
18147,0.49,rap
18148,0.484,rap
18149,0.338,rap
18150,0.437,rap
18151,0.511,rap
18152,0.54,rap
18153,0.713,rap
18154,0.745,rap
18155,0.373,rap
18156,0.893,rap
18157,0.505,rap
18158,0.318,rap
18159,0.0619,rap
18160,0.173,rap
18161,0.206,rap
18162,0.552,rap
18164,0.309,rap
18165,0.28,rap
18166,0.46,rap
18167,0.349,rap
18168,0.59,rap
18169,0.392,rap
18170,0.758,rap
18191,0.649,rap
18192,0.834,rap
18234,0.0742,rap
18235,0.236,rap
18236,0.134,rap
18237,0.112,rap
18238,0.59,rap
18239,0.209,rap
18240,0.267,rap
18241,0.557,rap
18242,0.397,rap
18243,0.72,rap
18244,0.576,rap
18245,0.235,rap
18246,0.416,rap
18247,0.158,rap
18248,0.491,rap
18249,0.396,rap
18250,0.443,rap
18251,0.236,rap
18252,0.292,rap
18253,0.149,rap
18254,0.167,rap
18255,0.313,rap
18256,0.157,rap
18257,0.184,rap
18258,0.207,rap
18259,0.369,rap
18260,0.181,rap
18261,0.106,rap
18262,0.254,rap
18263,0.212,rap
18264,0.264,rap
18265,0.0615,rap
18266,0.0532,rap
18267,0.785,rap
18268,0.253,rap
18269,0.432,rap
18270,0.141,rap
18271,0.28,rap
18272,0.146,rap
18273,0.171,rap
18274,0.328,rap
18275,0.217,rap
18276,0.451,rap
18277,0.357,rap
18278,0.62,rap
18279,0.613,rap
18280,0.202,rap
18281,0.384,rap
18282,0.12,rap
18283,0.158,rap
18284,0.0696,rap
18285,0.11,rap
18286,0.7,rap
18287,0.0681,rap
18288,0.0739,rap
18289,0.364,rap
18290,0.475,rap
18291,0.227,rap
18292,0.352,rap
18293,0.111,rap
18294,0.0621,rap
18295,0.537,rap
18296,0.113,rap
18297,0.25,rap
18298,0.155,rap
18299,0.26,rap
18300,0.15,rap
18301,0.45,rap
18302,0.207,rap
18303,0.301,rap
18304,0.326,rap
18305,0.123,rap
18306,0.107,rap
18307,0.339,rap
18308,0.217,rap
18309,0.132,rap
18310,0.267,rap
18311,0.0807,rap
18312,0.159,rap
18313,0.755,rap
18314,0.715,rap
18315,0.407,rap
18316,0.329,rap
18317,0.885,rap
18318,0.369,rap
18319,0.321,rap
18320,0.252,rap
18321,0.801,rap
18322,0.49,rap
18323,0.462,rap
18324,0.897,rap
18325,0.438,rap
18326,0.927,rap
18327,0.47,rap
18328,0.244,rap
18329,0.232,rap
18330,0.465,rap
18331,0.166,rap
18332,0.204,rap
18333,0.678,rap
18334,0.114,rap
18335,0.33,rap
18336,0.226,rap
18337,0.241,rap
18338,0.837,rap
18339,0.276,rap
18340,0.172,rap
18341,0.523,rap
18342,0.28,rap
18343,0.183,rap
18344,0.0397,rap
18345,0.395,rap
18346,0.223,rap
18347,0.433,rap
18348,0.273,rap
18349,0.267,rap
18350,0.121,rap
18351,0.252,rap
18352,0.0399,rap
18353,0.119,rap
18354,0.2,rap
18355,0.205,rap
18356,0.0581,rap
18357,0.198,rap
18358,0.471,rap
18378,0.427,rap
18379,0.643,rap
18380,0.168,rap
18421,0.195,rap
18422,0.338,rap
18423,0.48,rap
18424,0.0688,rap
18425,0.577,rap
18426,0.169,rap
18427,0.238,rap
18428,0.386,rap
18429,0.125,rap
18430,0.48,rap
18431,0.289,rap
18432,0.563,rap
18433,0.711,rap
18434,0.669,rap
18435,0.11,rap
18436,0.115,rap
18437,0.533,rap
18438,0.0399,rap
18439,0.359,rap
18440,0.317,rap
18441,0.282,rap
18442,0.196,rap
18443,0.178,rap
18444,0.874,rap
18445,0.28,rap
18446,0.398,rap
18447,0.357,rap
18448,0.318,rap
18449,0.189,rap
18450,0.58,rap
18451,0.301,rap
18452,0.495,rap
18453,0.479,rap
18454,0.423,rap
18455,0.504,rap
18457,0.233,rap
18458,0.243,rap
18459,0.539,rap
18460,0.0884,rap
18461,0.448,rap
18465,0.71,rap
18470,0.497,rap
18471,0.0531,rap
18472,0.519,rap
18473,0.251,rap
18474,0.275,rap
18475,0.117,rap
18476,0.0511,rap
18477,0.671,rap
18478,0.687,rap
18479,0.876,rap
18480,0.0376,rap
18481,0.214,rap
18482,0.625,rap
18483,0.581,rap
18484,0.573,rap
18485,0.24,rap
18500,0.103,rap
18508,0.62,rap
18516,0.112,rap
18517,0.124,rap
18518,0.0398,rap
18519,0.121,rap
18520,0.34,rap
18521,0.577,rap
18522,0.21,rap
18523,0.517,rap
18524,0.202,rap
18525,0.672,rap
18526,0.27,rap
18527,0.305,rap
18528,0.326,rap
18529,0.0674,rap
18530,0.174,rap
18531,0.312,rap
18532,0.347,rap
18533,0.792,rap
18534,0.0394,rap
18536,0.0886,rap
18552,0.388,rap
18553,0.961,rap
18554,0.565,rap
18555,0.113,rap
18556,0.0425,rap
18557,0.258,rap
18558,0.19,rap
18559,0.568,rap
18560,0.705,rap
18561,0.132,rap
18562,0.456,rap
18563,0.142,rap
18570,0.054,rap
18571,0.335,rap
18572,0.542,rap
18573,0.43,rap
18574,0.751,rap
18575,0.843,rap
18576,0.528,rap
18577,0.488,rap
18579,0.48,rap
18580,0.7,rap
18581,0.111,rap
18582,0.961,rap
18583,0.188,rap
18584,0.519,rap
18585,0.631,rap
18586,0.598,rap
18609,0.666,rap
18610,0.229,rap
18618,0.69,rap
18619,0.113,rap
18620,0.94,rap
18621,0.641,rap
18622,0.205,rap
18623,0.568,rap
18624,0.287,rap
18625,0.908,rap
18626,0.646,rap
18627,0.555,rap
18628,0.583,rap
18629,0.537,rap
18630,0.329,rap
18631,0.0461,rap
18636,0.286,rap
18637,0.651,rap
18638,0.591,rap
18639,0.304,rap
18640,0.0575,rap
18641,0.298,rap
18642,0.349,rap
18643,0.786,rap
18644,0.56,rap
18645,0.842,rap
18646,0.684,rap
18647,0.339,rap
18648,0.233,rap
18649,0.631,rap
18650,0.343,rap
18651,0.541,rap
18652,0.183,rap
18653,0.734,rap
18672,0.832,rap
18673,0.346,rap
18674,0.951,rap
18675,0.533,rap
18676,0.334,rap
18681,0.366,rap
18682,0.801,rap
18683,0.757,rap
18688,0.624,rap
18689,0.065,rap
18690,0.323,rap
18691,0.131,rap
18692,0.317,rap
18693,0.284,rap
18694,0.475,rap
18695,0.0845,rap
18696,0.937,rap
18697,0.296,rap
18698,0.353,rap
18699,0.796,rap
18700,0.485,rap
18701,0.615,rap
18702,0.651,rap
18703,0.61,rap
18704,0.533,rap
18705,0.72,rap
18706,0.599,rap
18708,0.164,rap
18709,0.395,rap
18710,0.301,rap
18716,0.784,rap
18717,0.73,rap
18718,0.711,rap
18719,0.196,rap
18720,0.0995,rap
18721,0.736,rap
18722,0.676,rap
18723,0.778,rap
18724,0.904,rap
18725,0.0661,rap
18726,0.171,rap
18727,0.668,rap
18728,0.686,rap
18729,0.7,rap
18730,0.468,rap
18731,0.19,rap
18732,0.634,rap
18733,0.442,rap
18734,0.406,rap
18735,0.17,rap
18736,0.171,rap
18737,0.646,rap
18738,0.466,rap
18739,0.408,rap
18740,0.655,rap
18741,0.24,rap
18742,0.751,rap
18743,0.506,rap
18744,0.897,rap
18745,0.718,rap
18746,0.395,rap
18747,0.476,rap
18748,0.384,rap
18749,0.469,rap
18750,0.41,rap
18751,0.49,rap
18752,0.364,rap
18753,0.291,rap
18754,0.278,rap
18755,0.291,rap
18756,0.236,rap
18757,0.657,rap
18758,0.553,rap
18759,0.234,rap
18760,0.187,rap
18761,0.369,rap
18762,0.141,rap
18763,0.554,rap
18764,0.755,rap
18765,0.311,rap
18766,0.373,rap
18767,0.435,rap
18768,0.647,rap
18769,0.275,rap
18770,0.603,rap
18771,0.102,rap
18772,0.227,rap
18773,0.274,rap
18774,0.56,rap
18775,0.549,rap
18776,0.304,rap
18777,0.17,rap
18778,0.346,rap
18779,0.18,rap
18780,0.436,rap
18781,0.815,rap
18782,0.281,rap
18783,0.678,rap
18784,0.409,rap
18785,0.342,rap
18786,0.227,rap
18787,0.615,rap
18788,0.335,rap
18789,0.384,rap
18790,0.495,rap
18791,0.219,rap
18792,0.509,rap
18793,0.397,rap
18794,0.169,rap
18795,0.19,rap
18796,0.23,rap
18797,0.452,rap
18798,0.523,rap
18799,0.376,rap
18800,0.123,rap
18801,0.179,rap
18802,0.401,rap
18803,0.677,rap
18804,0.425,rap
18805,0.365,rap
18806,0.364,rap
18807,0.57,rap
18808,0.227,rap
18809,0.511,rap
18810,0.779,rap
18811,0.711,rap
18812,0.327,rap
18813,0.147,rap
18814,0.599,rap
18815,0.142,rap
18816,0.287,rap
18817,0.421,rap
18818,0.561,rap
18819,0.234,rap
18820,0.504,rap
18821,0.468,rap
18822,0.222,rap
18823,0.664,rap
18824,0.362,rap
18825,0.529,rap
18826,0.106,rap
18827,0.277,rap
18828,0.468,rap
18829,0.434,rap
18830,0.533,rap
18831,0.328,rap
18832,0.425,rap
18833,0.96,rap
18834,0.0396,rap
18835,0.51,rap
18836,0.911,rap
18837,0.413,rap
18838,0.646,rap
18839,0.778,rap
18840,0.318,rap
18841,0.736,rap
18842,0.696,rap
18843,0.459,rap
18844,0.53,rap
18845,0.929,rap
18846,0.238,rap
18847,0.317,rap
18848,0.366,rap
18849,0.255,rap
18850,0.371,rap
18851,0.285,rap
18852,0.483,rap
18853,0.376,rap
18854,0.471,rap
18855,0.419,rap
18856,0.338,rap
18857,0.444,rap
18858,0.382,rap
18859,0.679,rap
18860,0.265,rap
18861,0.697,rap
18862,0.656,rap
18863,0.298,rap
18864,0.358,rap
18865,0.372,rap
18866,0.623,rap
18867,0.612,rap
18868,0.891,rap
18869,0.58,rap
18870,0.792,rap
18871,0.524,rap
18872,0.393,rap
18873,0.391,rap
18874,0.536,rap
18875,0.357,rap
18876,0.561,rap
18877,0.676,rap
18878,0.787,rap
18879,0.283,rap
18880,0.485,rap
18881,0.347,rap
18882,0.629,rap
18883,0.201,rap
18884,0.761,rap
18885,0.287,rap
18886,0.2,rap
18887,0.158,rap
18888,0.108,rap
18889,0.777,rap
18890,0.46,rap
18891,0.58,rap
18892,0.774,rap
18893,0.609,rap
18894,0.166,rap
18895,0.361,rap
18896,0.638,rap
18897,0.594,rap
18898,0.526,rap
18899,0.617,rap
18900,0.96,rap
18901,0.308,rap
18902,0.546,rap
18903,0.908,rap
18904,0.561,rap
18905,0.792,rap
18906,0.755,rap
18907,0.666,rap
18908,0.598,rap
18909,0.617,rap
18910,0.284,rap
18911,0.845,rap
18912,0.806,rap
18913,0.628,rap
18914,0.814,rap
18915,0.435,rap
18916,0.771,rap
18917,0.622,rap
18918,0.297,rap
18919,0.0392,rap
18920,0.922,rap
18921,0.39,rap
18922,0.664,rap
18923,0.344,rap
18924,0.364,rap
18925,0.12,rap
18926,0.856,rap
18927,0.661,rap
18928,0.651,rap
18929,0.615,rap
18930,0.846,rap
18931,0.779,rap
18932,0.223,rap
18933,0.41,rap
18934,0.669,rap
18935,0.656,rap
18936,0.679,rap
18937,0.909,rap
18938,0.493,rap
18939,0.648,rap
18940,0.79,rap
18941,0.165,rap
18942,0.972,rap
18943,0.813,rap
18944,0.197,rap
18945,0.733,rap
18946,0.474,rap
18947,0.636,rap
18948,0.805,rap
18949,0.697,rap
18950,0.938,rap
18951,0.562,rap
18952,0.535,rap
18953,0.522,rap
18954,0.696,rap
18955,0.272,rap
18956,0.914,rap
18957,0.542,rap
18958,0.803,rap
18959,0.749,rap
18960,0.458,rap
18961,0.207,rap
18962,0.139,rap
18963,0.805,rap
18964,0.626,rap
18965,0.101,rap
18966,0.844,rap
18967,0.43,rap
18968,0.448,rap
18969,0.962,rap
18970,0.767,rap
18971,0.927,rap
18972,0.527,rap
18973,0.929,rap
18974,0.673,rap
18975,0.647,rap
18976,0.919,rap
18977,0.632,rap
18978,0.445,rap
18979,0.407,rap
18980,0.58,rap
18981,0.847,rap
18982,0.615,rap
18983,0.791,rap
18984,0.159,rap
18985,0.618,rap
18986,0.532,rap
18987,0.671,rap
18988,0.815,rap
18989,0.6,rap
18990,0.199,rap
18991,0.433,rap
18992,0.467,rap
18993,0.549,rap
18994,0.901,rap
18995,0.781,rap
18996,0.329,rap
18997,0.45,rap
18998,0.485,rap
18999,0.568,rap
19000,0.679,rap
19001,0.891,rap
19003,0.295,rap
19004,0.716,rap
19005,0.583,rap
19006,0.702,rap
19007,0.66,rap
19008,0.528,rap
19302,0.72,rap
19303,0.34,rap
19304,0.79,rap
19305,0.762,rap
19306,0.86,rap
19450,0.328,rap
19451,0.717,rap
19452,0.868,rap
19453,0.552,rap
19454,0.7,rap
19455,0.888,rap
19456,0.757,rap
19457,0.442,rap
19459,0.568,rap
19481,0.668,rap
19648,0.363,rap
19649,0.193,rap
19650,0.676,rap
19651,0.754,rap
19652,0.691,rap
19653,0.345,rap
19654,0.675,rap
19655,0.517,rap
19656,0.237,rap
19657,0.602,rap
19658,0.332,rap
19659,0.276,rap
19660,0.482,rap
19661,0.141,rap
19662,0.478,rap
19663,0.461,rap
19664,0.516,rap
19665,0.733,rap
19666,0.523,rap
19667,0.507,rap
19672,0.942,rap
19673,0.824,rap
19674,0.722,rap
19675,0.353,rap
19676,0.411,rap
19677,0.723,rap
19678,0.662,rap
19679,0.448,rap
19680,0.587,rap
19681,0.737,rap
19682,0.811,rap
19683,0.284,rap
19684,0.423,rap
19685,0.325,rap
19686,0.486,rap
19687,0.479,rap
19688,0.101,rap
19689,0.647,rap
19690,0.57,rap
19691,0.344,rap
19692,0.576,rap
19693,0.643,rap
19694,0.83,rap
19695,0.455,rap
19696,0.246,rap
19697,0.897,rap
19698,0.604,rap
19699,0.37,rap
19700,0.444,rap
19701,0.373,rap
19702,0.471,rap
19703,0.437,rap
19704,0.672,rap
19705,0.286,rap
19706,0.741,rap
19707,0.719,rap
19708,0.33,rap
19709,0.298,rap
19711,0.415,rap
19712,0.156,rap
19713,0.287,rap
19714,0.582,rap
19715,0.654,rap
19716,0.501,rap
19717,0.381,rap
21020,0.423,rap
21021,0.54,rap
21022,0.486,rap
21023,0.528,rap
21024,0.524,rap
21025,0.727,rap
21026,0.789,rap
21027,0.794,rap
21028,0.525,rap
21029,0.628,rap
21030,0.727,rap
21031,0.645,rap
21032,0.624,rap
21033,0.547,rap
21034,0.64,rap
21035,0.652,rap
21036,0.25,rap
21037,0.582,rap
21038,0.594,rap
21039,0.692,rap
21040,0.86,rap
21041,0.683,rap
21042,0.387,rap
21043,0.705,rap
21044,0.807,rap
21045,0.817,rap
21046,0.721,rap
21047,0.913,rap
21048,0.508,rap
21049,0.949,rap
21050,0.565,rap
21051,0.602,rap
21052,0.845,rap
21053,0.894,rap
21054,0.529,rap
21055,0.391,rap
21056,0.534,rap
21057,0.923,rap
21058,0.487,rap
21059,0.388,rap
21060,0.66,rap
21061,0.473,rap
21062,0.54,rap
21063,0.0471,rap
21064,0.573,rap
21065,0.659,rap
21066,0.601,rap
21067,0.645,rap
21068,0.598,rap
21069,0.661,rap
21070,0.244,rap
21071,0.95,rap
21072,0.707,rap
21073,0.61,rap
21074,0.394,rap
21075,0.357,rap
21076,0.361,rap
21077,0.312,rap
21078,0.597,rap
21079,0.597,rap
21080,0.525,rap
21081,0.304,rap
21082,0.638,rap
21083,0.244,rap
21084,0.672,rap
21085,0.393,rap
21086,0.539,rap
21087,0.691,rap
21088,0.808,rap
21089,0.699,rap
21090,0.769,rap
21091,0.832,rap
21092,0.357,rap
21093,0.133,rap
21094,0.221,rap
21095,0.51,rap
21096,0.225,rap
21097,0.546,rap
21098,0.74,rap
21099,0.564,rap
21100,0.343,rap
21101,0.357,rap
21102,0.254,rap
21103,0.782,rap
21104,0.791,rap
21105,0.768,rap
21106,0.809,rap
21107,0.813,rap
21108,0.435,rap
21109,0.229,rap
21110,0.621,rap
21111,0.456,rap
21112,0.787,rap
21113,0.0591,rap
21114,0.0466,rap
21115,0.0465,rap
21116,0.426,rap
21117,0.71,rap
22156,0.405,rap
22157,0.23,rap
22158,0.712,rap
22159,0.566,rap
22160,0.238,rap
22161,0.571,rap
22162,0.34,rap
22163,0.33,rap
22164,0.939,rap
22199,0.553,rap
22200,0.727,rap
22213,0.665,rap
22214,0.844,rap
22215,0.331,rap
22216,0.79,rap
22217,0.621,rap
22218,0.679,rap
22219,0.777,rap
22220,0.753,rap
22221,0.402,rap
22222,0.678,rap
22223,0.82,rap
22224,0.897,rap
22225,0.613,rap
22226,0.766,rap
22227,0.707,rap
22228,0.696,rap
22229,0.911,rap
22230,0.634,rap
22231,0.848,rap
22232,0.653,rap
22233,0.608,rap
22234,0.695,rap
22235,0.593,rap
22236,0.59,rap
22237,0.648,rap
22238,0.361,rap
22239,0.698,rap
22240,0.587,rap
22241,0.918,rap
22242,0.712,rap
22243,0.977,rap
22244,0.652,rap
22245,0.856,rap
22246,0.587,rap
22247,0.967,rap
22248,0.19,rap
22249,0.623,rap
22250,0.88,rap
22251,0.501,rap
22252,0.934,rap
22253,0.735,rap
22254,0.591,rap
22255,0.915,rap
22256,0.742,rap
22257,0.757,rap
22258,0.778,rap
22259,0.602,rap
22260,0.416,rap
22261,0.536,rap
22262,0.642,rap
22263,0.822,rap
22264,0.677,rap
22265,0.534,rap
22266,0.55,rap
22267,0.243,rap
22268,0.628,rap
22269,0.704,rap
22270,0.347,rap
22271,0.454,rap
22272,0.651,rap
22273,0.418,rap
22274,0.702,rap
22275,0.251,rap
22276,0.622,rap
22277,0.333,rap
22278,0.85,rap
22279,0.654,rap
22280,0.431,rap
22281,0.937,rap
22282,0.722,rap
22283,0.51,rap
22284,0.89,rap
22285,0.94,rap
22286,0.947,rap
22287,0.886,rap
22288,0.615,rap
22289,0.446,rap
22290,0.776,rap
22291,0.528,rap
22292,0.156,rap
22293,0.642,rap
22294,0.263,rap
22295,0.58,rap
22296,0.613,rap
22297,0.65,rap
22298,0.795,rap
22299,0.547,rap
22300,0.687,rap
22301,0.601,rap
22302,0.566,rap
22303,0.689,rap
22304,0.892,rap
22305,0.56,rap
22306,0.487,rap
22307,0.393,rap
22308,0.613,rap
22309,0.378,rap
22310,0.803,rap
22311,0.797,rap
22312,0.325,rap
22313,0.844,rap
22314,0.488,rap
22315,0.621,rap
22316,0.339,rap
22317,0.67,rap
22318,0.613,rap
22319,0.184,rap
22320,0.695,rap
22321,0.768,rap
22322,0.859,rap
22323,0.782,rap
22324,0.632,rap
22325,0.819,rap
22326,0.725,rap
22327,0.371,rap
22328,0.237,rap
22329,0.66,rap
22330,0.389,rap
22331,0.316,rap
22332,0.304,rap
22333,0.512,rap
22334,0.771,rap
22335,0.712,rap
22336,0.621,rap
22337,0.848,rap
22338,0.726,rap
22339,0.649,rap
22340,0.579,rap
22341,0.495,rap
22342,0.717,rap
22343,0.717,rap
22344,0.62,rap
22345,0.513,rap
22346,0.372,rap
22347,0.301,rap
22348,0.539,rap
22349,0.69,rap
22350,0.751,rap
22351,0.637,rap
22352,0.565,rap
22353,0.699,rap
22354,0.418,rap
22355,0.648,rap
22356,0.839,rap
22357,0.542,rap
22358,0.748,rap
22359,0.666,rap
22360,0.641,rap
22361,0.416,rap
22362,0.542,rap
22363,0.636,rap
22364,0.565,rap
22365,0.326,rap
22366,0.585,rap
22367,0.202,rap
22368,0.33,rap
22369,0.381,rap
22370,0.429,rap
22371,0.558,rap
22372,0.677,rap
22373,0.492,rap
22374,0.697,rap
22375,0.366,rap
22376,0.37,rap
22377,0.654,rap
22378,0.807,rap
22379,0.849,rap
22380,0.339,rap
22381,0.392,rap
22382,0.962,rap
22383,0.804,rap
22387,0.395,rap
22388,0.493,rap
22389,0.354,rap
22390,0.767,rap
22391,0.24,rap
0,0.219,edm
1,0.429,edm
2,0.771,edm
4,0.215,edm
5,0.613,edm
6,0.685,edm
9,0.444,edm
25,0.703,edm
26,0.614,edm
27,0.602,edm
28,0.548,edm
29,0.529,edm
30,0.425,edm
31,0.431,edm
199,0.41,edm
200,0.722,edm
201,0.351,edm
202,0.378,edm
203,0.679,edm
205,0.508,edm
347,0.963,edm
348,0.335,edm
349,0.668,edm
350,0.305,edm
351,0.683,edm
358,0.756,edm
362,0.686,edm
363,0.945,edm
364,0.32,edm
365,0.731,edm
366,0.0569,edm
367,0.42,edm
368,0.554,edm
369,0.152,edm
389,0.484,edm
390,0.242,edm
391,0.466,edm
392,0.192,edm
393,0.384,edm
394,0.784,edm
395,0.428,edm
398,0.506,edm
399,0.494,edm
400,0.328,edm
401,0.0374,edm
402,0.893,edm
403,0.452,edm
404,0.285,edm
405,0.464,edm
413,0.587,edm
414,0.49,edm
415,0.157,edm
453,0.636,edm
454,0.406,edm
461,0.656,edm
462,0.157,edm
463,0.337,edm
464,0.147,edm
465,0.541,edm
466,0.182,edm
467,0.247,edm
468,0.588,edm
469,0.187,edm
470,0.225,edm
471,0.455,edm
472,0.41,edm
473,0.565,edm
474,0.529,edm
475,0.363,edm
476,0.478,edm
477,0.335,edm
478,0.374,edm
479,0.448,edm
486,0.314,edm
487,0.756,edm
498,0.0991,edm
499,0.593,edm
500,0.16,edm
501,0.683,edm
502,0.126,edm
506,0.0389,edm
588,0.705,edm
592,0.829,edm
593,0.243,edm
594,0.115,edm
595,0.656,edm
596,0.925,edm
597,0.706,edm
598,0.0384,edm
599,0.179,edm
600,0.369,edm
601,0.798,edm
602,0.411,edm
603,0.889,edm
604,0.558,edm
605,0.198,edm
606,0.0645,edm
607,0.212,edm
608,0.45,edm
609,0.0788,edm
610,0.119,edm
611,0.934,edm
612,0.213,edm
613,0.681,edm
614,0.681,edm
615,0.891,edm
616,0.557,edm
617,0.306,edm
619,0.789,edm
621,0.559,edm
1544,0.413,edm
1545,0.484,edm
1555,0.799,edm
1556,0.383,edm
1557,0.884,edm
1558,0.407,edm
1559,0.375,edm
1560,0.103,edm
1561,0.257,edm
1562,0.241,edm
1563,0.729,edm
1564,0.781,edm
1565,0.0841,edm
1566,0.585,edm
1567,0.578,edm
1568,0.421,edm
1574,0.751,edm
1575,0.439,edm
1576,0.68,edm
1735,0.318,edm
1736,0.298,edm
1737,0.0368,edm
1738,0.602,edm
1739,0.469,edm
1740,0.565,edm
1742,0.553,edm
1743,0.154,edm
1744,0.751,edm
1745,0.515,edm
1746,0.394,edm
1747,0.214,edm
1748,0.272,edm
1757,0.252,edm
1765,0.151,edm
1781,0.384,edm
1791,0.67,edm
1792,0.388,edm
1814,0.615,edm
1815,0.213,edm
1837,0.217,edm
1838,0.691,edm
1839,0.427,edm
1840,0.435,edm
1841,0.524,edm
1847,0.0711,edm
1848,0.189,edm
1852,0.322,edm
1853,0.34,edm
1854,0.269,edm
1874,0.305,edm
1875,0.192,edm
1876,0.112,edm
1890,0.0979,edm
1891,0.34,edm
1901,0.309,edm
1902,0.0934,edm
1903,0.0993,edm
1904,0.0662,edm
1931,0.445,edm
1932,0.376,edm
1940,0.544,edm
1949,0.317,edm
1950,0.264,edm
1951,0.41,edm
1952,0.278,edm
1953,0.198,edm
1954,0.274,edm
1955,0.314,edm
1956,0.295,edm
1957,0.0735,edm
1968,0.0387,edm
1980,0.191,edm
1981,0.63,edm
1982,0.0646,edm
1983,0.267,edm
1984,0.534,edm
1985,0.118,edm
1986,0.721,edm
1992,0.243,edm
1995,0.302,edm
1996,0.706,edm
1997,0.28,edm
1998,0.586,edm
2008,0.465,edm
2009,0.183,edm
2010,0.343,edm
2011,0.201,edm
2012,0.353,edm
2013,0.325,edm
2014,0.333,edm
2015,0.571,edm
2016,0.326,edm
2017,0.305,edm
2018,0.299,edm
2019,0.0715,edm
2020,0.242,edm
2021,0.143,edm
2022,0.386,edm
2023,0.613,edm
2024,0.313,edm
2025,0.401,edm
2032,0.212,edm
2043,0.559,edm
2044,0.517,edm
2045,0.285,edm
2051,0.0985,edm
2052,0.817,edm
2053,0.126,edm
2056,0.0681,edm
2057,0.151,edm
2060,0.718,edm
2144,0.426,edm
2145,0.701,edm
2146,0.714,edm
2147,0.482,edm
2148,0.668,edm
2149,0.528,edm
2150,0.506,edm
2160,0.55,edm
2163,0.466,edm
2164,0.168,edm
2165,0.0848,edm
2170,0.226,edm
2171,0.721,edm
2172,0.37,edm
2173,0.756,edm
2174,0.361,edm
2175,0.154,edm
2176,0.795,edm
2177,0.935,edm
2178,0.422,edm
2179,0.521,edm
2180,0.304,edm
2181,0.808,edm
2187,0.0468,edm
2188,0.502,edm
2189,0.76,edm
2190,0.265,edm
2191,0.422,edm
2192,0.566,edm
2380,0.277,edm
2381,0.26,edm
2382,0.0677,edm
2383,0.362,edm
2384,0.158,edm
2385,0.206,edm
2386,0.341,edm
2387,0.283,edm
2389,0.227,edm
2390,0.803,edm
2391,0.422,edm
2392,0.545,edm
2393,0.288,edm
2394,0.329,edm
2395,0.803,edm
2396,0.579,edm
2397,0.131,edm
2409,0.379,edm
2412,0.528,edm
2413,0.405,edm
2428,0.239,edm
2429,0.329,edm
2430,0.351,edm
2431,0.428,edm
2432,0.426,edm
2433,0.551,edm
2434,0.702,edm
2435,0.179,edm
2436,0.667,edm
2437,0.793,edm
2438,0.262,edm
2439,0.0788,edm
2440,0.397,edm
2441,0.24,edm
2442,0.67,edm
2443,0.173,edm
2444,0.249,edm
2445,0.367,edm
2446,0.127,edm
2447,0.416,edm
2448,0.459,edm
2449,0.487,edm
2716,0.509,edm
2718,0.86,edm
2719,0.301,edm
2720,0.947,edm
2722,0.617,edm
2723,0.98,edm
2724,0.241,edm
2725,0.782,edm
2726,0.626,edm
2727,0.652,edm
2728,0.595,edm
2729,0.72,edm
2730,0.523,edm
2731,0.771,edm
2732,0.732,edm
2733,0.631,edm
2734,0.552,edm
2744,0.511,edm
2745,0.83,edm
2746,0.551,edm
2747,0.687,edm
2748,0.668,edm
2749,0.933,edm
2750,0.337,edm
2752,0.829,edm
2753,0.855,edm
2770,0.71,edm
2771,0.562,edm
2772,0.712,edm
2773,0.529,edm
2774,0.509,edm
2777,0.242,edm
2778,0.394,edm
2779,0.675,edm
2782,0.648,edm
2783,0.616,edm
2784,0.798,edm
2785,0.778,edm
2786,0.377,edm
2787,0.909,edm
3028,0.393,edm
3039,0.853,edm
3040,0.711,edm
3041,0.571,edm
3042,0.633,edm
3043,0.449,edm
3044,0.647,edm
3045,0.775,edm
3050,0.525,edm
3051,0.745,edm
3052,0.236,edm
3056,0.425,edm
3057,0.228,edm
3058,0.402,edm
3059,0.623,edm
3060,0.732,edm
3061,0.367,edm
3149,0.455,edm
3154,0.501,edm
3156,0.592,edm
3359,0.508,edm
3360,0.197,edm
3368,0.685,edm
3369,0.374,edm
3370,0.657,edm
3378,0.221,edm
3379,0.628,edm
3380,0.315,edm
3381,0.91,edm
3382,0.911,edm
3383,0.402,edm
3384,0.664,edm
3385,0.485,edm
3386,0.177,edm
3387,0.394,edm
3388,0.666,edm
3389,0.385,edm
3390,0.479,edm
3391,0.256,edm
3392,0.503,edm
3393,0.683,edm
3394,0.732,edm
3395,0.939,edm
3396,0.276,edm
3397,0.683,edm
3398,0.478,edm
3399,0.461,edm
3400,0.714,edm
3401,0.41,edm
3402,0.629,edm
3403,0.711,edm
3405,0.354,edm
3406,0.641,edm
3407,0.0392,edm
3408,0.517,edm
3409,0.961,edm
3410,0.591,edm
3411,0.605,edm
3412,0.853,edm
3413,0.295,edm
3414,0.379,edm
3415,0.269,edm
3504,0.737,edm
3505,0.297,edm
3506,0.503,edm
3507,0.247,edm
3508,0.443,edm
3509,0.448,edm
3510,0.304,edm
3511,0.85,edm
3513,0.312,edm
3514,0.145,edm
3515,0.57,edm
3516,0.165,edm
3530,0.293,edm
3531,0.255,edm
3565,0.904,edm
3729,0.149,edm
3730,0.457,edm
3744,0.545,edm
3746,0.523,edm
3747,0.277,edm
3748,0.483,edm
3749,0.203,edm
3751,0.148,edm
3856,0.293,edm
3858,0.413,edm
3861,0.531,edm
3863,0.0499,edm
3864,0.866,edm
3865,0.644,edm
3866,0.563,edm
3867,0.594,edm
3868,0.153,edm
3869,0.35,edm
3870,0.729,edm
3871,0.624,edm
3872,0.481,edm
3873,0.606,edm
3878,0.137,edm
3879,0.0879,edm
3887,0.5,edm
3888,0.821,edm
3894,0.672,edm
3902,0.673,edm
3903,0.374,edm
3904,0.188,edm
3905,0.427,edm
3906,0.455,edm
3907,0.376,edm
3908,0.38,edm
3909,0.322,edm
3910,0.58,edm
3911,0.408,edm
3912,0.281,edm
3913,0.28,edm
3914,0.225,edm
3915,0.3,edm
3916,0.524,edm
3942,0.144,edm
3943,0.108,edm
3944,0.573,edm
3970,0.36,edm
3971,0.479,edm
4059,0.0896,edm
4060,0.314,edm
4061,0.286,edm
4062,0.444,edm
4063,0.387,edm
4064,0.468,edm
4065,0.238,edm
4069,0.425,edm
4070,0.212,edm
4071,0.687,edm
4072,0.329,edm
4073,0.445,edm
4074,0.393,edm
4075,0.531,edm
4076,0.433,edm
4089,0.449,edm
4128,0.222,edm
4129,0.423,edm
4130,0.216,edm
4131,0.672,edm
4132,0.663,edm
4133,0.547,edm
4134,0.432,edm
4147,0.744,edm
4149,0.494,edm
4150,0.296,edm
4151,0.689,edm
4152,0.644,edm
4153,0.357,edm
4154,0.0374,edm
4155,0.558,edm
4156,0.231,edm
4158,0.235,edm
4170,0.441,edm
4171,0.851,edm
4214,0.537,edm
4217,0.686,edm
4218,0.315,edm
4220,0.288,edm
4224,0.306,edm
4225,0.311,edm
4226,0.406,edm
4227,0.217,edm
4228,0.465,edm
4229,0.584,edm
4230,0.0335,edm
4231,0.225,edm
4232,0.157,edm
4233,0.366,edm
4234,0.266,edm
4235,0.43,edm
4236,0.157,edm
4237,0.265,edm
4239,0.287,edm
4240,0.0683,edm
4241,0.192,edm
4242,0.538,edm
4243,0.654,edm
4252,0.158,edm
4253,0.212,edm
4273,0.745,edm
4274,0.52,edm
4275,0.696,edm
4276,0.602,edm
4277,0.505,edm
4278,0.225,edm
4279,0.192,edm
4280,0.727,edm
4281,0.148,edm
4576,0.483,edm
4581,0.134,edm
4582,0.191,edm
4583,0.403,edm
4589,0.426,edm
4590,0.509,edm
4591,0.51,edm
4592,0.276,edm
4593,0.28,edm
4594,0.291,edm
4595,0.192,edm
4596,0.242,edm
4597,0.579,edm
4598,0.349,edm
4599,0.305,edm
4600,0.223,edm
4601,0.349,edm
4602,0.364,edm
4603,0.176,edm
4604,0.56,edm
4605,0.302,edm
4606,0.226,edm
4607,0.243,edm
4608,0.472,edm
4609,0.291,edm
4611,0.332,edm
4612,0.335,edm
4613,0.683,edm
4614,0.422,edm
4615,0.549,edm
4616,0.617,edm
4619,0.287,edm
4620,0.293,edm
4621,0.302,edm
4622,0.256,edm
4623,0.387,edm
4708,0.547,edm
4721,0.643,edm
4784,0.318,edm
4785,0.183,edm
4786,0.215,edm
4787,0.136,edm
4788,0.321,edm
4789,0.341,edm
4790,0.253,edm
4791,0.35,edm
4792,0.216,edm
4793,0.212,edm
4794,0.716,edm
4795,0.477,edm
4796,0.123,edm
4813,0.302,edm
4814,0.411,edm
4815,0.103,edm
4816,0.166,edm
4817,0.0775,edm
4818,0.231,edm
4819,0.518,edm
4820,0.276,edm
4821,0.276,edm
4822,0.167,edm
4823,0.396,edm
4824,0.282,edm
4825,0.0643,edm
4826,0.0379,edm
4828,0.0852,edm
4829,0.315,edm
4830,0.35,edm
4831,0.161,edm
4834,0.193,edm
4835,0.0926,edm
4836,0.389,edm
4837,0.427,edm
4838,0.415,edm
4839,0.148,edm
4840,0.0998,edm
4841,0.28,edm
4842,0.307,edm
4843,0.331,edm
4846,0.259,edm
4847,0.545,edm
4848,0.598,edm
4849,0.782,edm
4852,0.6,edm
4853,0.423,edm
4854,0.371,edm
4855,0.441,edm
4856,0.442,edm
4908,0.285,edm
4917,0.563,edm
4918,0.351,edm
4919,0.735,edm
4920,0.57,edm
4921,0.744,edm
4922,0.759,edm
4923,0.315,edm
4924,0.244,edm
4925,0.461,edm
4926,0.175,edm
4927,0.586,edm
4928,0.172,edm
4929,0.716,edm
4930,0.409,edm
4931,0.855,edm
4932,0.0808,edm
4933,0.102,edm
4934,0.395,edm
4935,0.361,edm
4942,0.194,edm
4943,0.725,edm
5797,0.0929,edm
5798,0.622,edm
5799,0.208,edm
5800,0.353,edm
5801,0.29,edm
5806,0.196,edm
5818,0.209,edm
5819,0.605,edm
5820,0.328,edm
5821,0.233,edm
5822,0.37,edm
5869,0.307,edm
5877,0.474,edm
5878,0.255,edm
5879,0.476,edm
5880,0.681,edm
5881,0.0341,edm
5882,0.0384,edm
5883,0.147,edm
5884,0.18,edm
5885,0.0853,edm
5886,0.444,edm
5887,0.136,edm
5893,0.293,edm
5904,0.218,edm
5905,0.231,edm
5969,0.146,edm
5970,0.55,edm
5971,0.515,edm
5972,0.519,edm
5973,0.326,edm
5974,0.664,edm
5975,0.452,edm
5976,0.293,edm
5977,0.801,edm
5978,0.635,edm
5989,0.477,edm
5990,0.388,edm
5991,0.833,edm
5993,0.467,edm
5994,0.272,edm
5995,0.349,edm
5996,0.583,edm
5997,0.17,edm
5998,0.696,edm
5999,0.365,edm
6000,0.553,edm
6127,0.386,edm
6128,0.284,edm
6129,0.314,edm
6130,0.33,edm
6131,0.383,edm
6298,0.154,edm
6301,0.234,edm
6302,0.0764,edm
6303,0.141,edm
6304,0.128,edm
6305,0.35,edm
6306,0.291,edm
6352,0.0808,edm
6353,0.929,edm
6354,0.831,edm
6355,0.0884,edm
6356,0.491,edm
6357,0.409,edm
6358,0.483,edm
6359,0.179,edm
6360,0.155,edm
6361,0.369,edm
6362,0.235,edm
6363,0.197,edm
6364,0.119,edm
6365,0.32,edm
6366,0.835,edm
6367,0.12,edm
6368,0.416,edm
6369,0.275,edm
6370,0.535,edm
6371,0.341,edm
6372,0.263,edm
6373,0.277,edm
6374,0.63,edm
6375,0.47,edm
6376,0.248,edm
6377,0.407,edm
6378,0.306,edm
6379,0.787,edm
6380,0.367,edm
6381,0.276,edm
6382,0.365,edm
6383,0.412,edm
6384,0.0396,edm
6385,0.201,edm
6386,0.301,edm
6387,0.231,edm
6574,0.188,edm
6575,0.188,edm
6576,0.554,edm
6577,0.494,edm
6588,0.111,edm
6589,0.29,edm
6590,0.0925,edm
6591,0.044,edm
6592,0.0352,edm
6593,0.19,edm
6594,0.361,edm
6595,0.776,edm
6602,0.12,edm
6603,0.335,edm
6604,0.046,edm
6605,0.116,edm
6606,0.348,edm
6607,0.229,edm
6608,0.159,edm
6609,0.225,edm
6610,0.375,edm
6611,0.107,edm
6612,0.474,edm
6613,0.359,edm
6614,0.323,edm
6615,0.347,edm
6616,0.127,edm
6617,0.235,edm
6618,0.379,edm
6619,0.0867,edm
6620,0.279,edm
6621,0.122,edm
6622,0.479,edm
6623,0.266,edm
6624,0.1,edm
6625,0.184,edm
6626,0.587,edm
6627,0.0922,edm
6628,0.15,edm
6629,0.851,edm
6630,0.233,edm
6631,0.321,edm
6632,0.722,edm
6633,0.148,edm
6634,0.148,edm
6635,0.2,edm
6636,0.289,edm
6637,0.563,edm
6638,0.245,edm
6639,0.0639,edm
6640,0.341,edm
6641,0.486,edm
6642,0.227,edm
6643,0.153,edm
6644,0.414,edm
6645,0.0723,edm
6647,0.31,edm
6648,0.082,edm
6659,0.138,edm
6660,0.139,edm
6661,0.489,edm
6713,0.525,edm
6743,0.18,edm
6744,0.413,edm
6745,0.597,edm
6746,0.208,edm
6747,0.552,edm
6748,0.511,edm
6749,0.678,edm
6750,0.496,edm
6751,0.286,edm
6752,0.641,edm
6753,0.748,edm
6754,0.05,edm
6755,0.252,edm
6763,0.173,edm
6764,0.624,edm
6765,0.158,edm
6766,0.253,edm
6767,0.652,edm
6792,0.272,edm
6799,0.162,edm
6803,0.0894,edm
6805,0.207,edm
6812,0.288,edm
6813,0.195,edm
6814,0.458,edm
6815,0.0358,edm
6816,0.216,edm
6817,0.342,edm
6818,0.687,edm
6819,0.339,edm
6820,0.28,edm
6891,0.4,edm
6892,0.171,edm
6893,0.185,edm
6894,0.106,edm
6895,0.391,edm
6896,0.217,edm
6897,0.402,edm
6898,0.308,edm
6899,0.436,edm
6900,0.624,edm
6901,0.363,edm
6905,0.21,edm
6906,0.0868,edm
6907,0.14,edm
6908,0.118,edm
6986,0.325,edm
6987,0.166,edm
6988,0.33,edm
6989,0.0927,edm
6990,0.576,edm
6993,0.166,edm
6994,0.211,edm
6995,0.103,edm
6999,0.519,edm
7006,0.739,edm
7007,0.624,edm
7008,0.66,edm
7009,0.828,edm
7010,0.536,edm
7011,0.941,edm
7012,0.944,edm
7013,0.864,edm
7014,0.815,edm
7015,0.924,edm
7016,0.862,edm
7017,0.72,edm
7018,0.493,edm
7019,0.764,edm
7020,0.85,edm
7021,0.425,edm
7022,0.781,edm
7023,0.815,edm
7024,0.807,edm
7025,0.866,edm
7026,0.686,edm
7027,0.558,edm
7028,0.843,edm
7029,0.539,edm
7030,0.548,edm
7031,0.539,edm
7032,0.836,edm
7033,0.665,edm
7034,0.755,edm
7035,0.679,edm
7036,0.783,edm
7037,0.57,edm
7038,0.902,edm
7039,0.611,edm
7040,0.618,edm
7041,0.739,edm
7042,0.735,edm
7043,0.557,edm
7044,0.691,edm
7045,0.731,edm
7046,0.851,edm
7047,0.792,edm
7048,0.844,edm
7049,0.759,edm
7050,0.9,edm
7051,0.922,edm
7052,0.888,edm
7053,0.874,edm
7054,0.6,edm
7055,0.96,edm
7056,0.816,edm
7057,0.625,edm
7058,0.779,edm
7059,0.392,edm
7060,0.935,edm
7061,0.837,edm
7062,0.717,edm
7063,0.801,edm
7064,0.567,edm
7065,0.543,edm
7066,0.849,edm
7067,0.705,edm
7068,0.699,edm
7069,0.694,edm
7070,0.899,edm
7071,0.701,edm
7072,0.49,edm
7073,0.503,edm
7074,0.544,edm
7075,0.42,edm
7076,0.92,edm
7336,0.563,edm
7337,0.586,edm
7354,0.291,edm
7355,0.635,edm
7356,0.625,edm
7358,0.634,edm
7359,0.57,edm
7360,0.43,edm
7361,0.478,edm
7362,0.568,edm
7368,0.234,edm
7374,0.63,edm
7375,0.245,edm
7405,0.496,edm
7423,0.395,edm
7426,0.641,edm
7427,0.377,edm
7480,0.635,edm
7481,0.234,edm
7482,0.164,edm
7492,0.425,edm
7493,0.326,edm
7634,0.417,edm
7635,0.3,edm
7645,0.449,edm
7646,0.562,edm
7647,0.0723,edm
7648,0.304,edm
7649,0.677,edm
7650,0.395,edm
7651,0.806,edm
7652,0.481,edm
7653,0.399,edm
7654,0.548,edm
7655,0.219,edm
7727,0.415,edm
7728,0.361,edm
7729,0.154,edm
7730,0.313,edm
7731,0.214,edm
7732,0.376,edm
7733,0.576,edm
7734,0.762,edm
7735,0.162,edm
7736,0.283,edm
7737,0.325,edm
7738,0.133,edm
7739,0.349,edm
7740,0.109,edm
7741,0.622,edm
7742,0.303,edm
7743,0.446,edm
7755,0.392,edm
7756,0.441,edm
7757,0.467,edm
7758,0.511,edm
7759,0.683,edm
7760,0.533,edm
7761,0.604,edm
7812,0.0804,edm
7813,0.814,edm
7814,0.274,edm
7815,0.402,edm
7816,0.51,edm
7817,0.0662,edm
7818,0.359,edm
7819,0.0383,edm
7820,0.234,edm
7821,0.617,edm
7822,0.209,edm
7823,0.347,edm
7824,0.161,edm
7825,0.38,edm
7826,0.188,edm
7827,0.477,edm
7828,0.148,edm
7829,0.532,edm
7830,0.679,edm
7831,0.166,edm
7832,0.193,edm
7833,0.409,edm
7834,0.263,edm
7835,0.805,edm
7836,0.239,edm
7837,0.0697,edm
7838,0.189,edm
7839,0.523,edm
7840,0.0605,edm
7841,0.587,edm
7842,0.0378,edm
7843,0.309,edm
7844,0.541,edm
7845,0.629,edm
7913,0.73,edm
7917,0.19,edm
7940,0.289,edm
7942,0.414,edm
7943,0.543,edm
7944,0.27,edm
7945,0.831,edm
7946,0.732,edm
7947,0.562,edm
7948,0.443,edm
7950,0.642,edm
7959,0.561,edm
7960,0.571,edm
7961,0.58,edm
7962,0.257,edm
7964,0.564,edm
7965,0.502,edm
7966,0.346,edm
7967,0.674,edm
7968,0.56,edm
7969,0.339,edm
7970,0.519,edm
7971,0.124,edm
7972,0.44,edm
7973,0.0395,edm
7974,0.241,edm
7975,0.209,edm
7976,0.591,edm
7980,0.245,edm
8010,0.476,edm
8011,0.297,edm
8012,0.372,edm
8064,0.0396,edm
8065,0.363,edm
8066,0.248,edm
8067,0.191,edm
8068,0.273,edm
8069,0.282,edm
8070,0.493,edm
8071,0.0391,edm
8072,0.268,edm
8073,0.238,edm
8074,0.0383,edm
8075,0.709,edm
8076,0.0697,edm
8077,0.171,edm
8078,0.273,edm
8079,0.409,edm
8080,0.522,edm
8081,0.18,edm
8082,0.243,edm
8083,0.078,edm
8084,0.483,edm
8085,0.381,edm
8086,0.391,edm
8087,0.471,edm
8088,0.468,edm
8089,0.44,edm
8090,0.288,edm
8091,0.195,edm
8092,0.189,edm
8093,0.0391,edm
8094,0.294,edm
8095,0.279,edm
8096,0.0378,edm
8097,0.335,edm
8098,0.353,edm
8100,0.296,edm
8101,0.253,edm
8102,0.228,edm
8103,0.34,edm
8104,0.288,edm
8105,0.235,edm
8106,0.185,edm
8107,0.207,edm
8108,0.0567,edm
8122,0.162,edm
8123,0.208,edm
8124,0.168,edm
8125,0.24,edm
8126,0.441,edm
8127,0.0464,edm
8128,0.327,edm
8129,0.223,edm
8130,0.379,edm
8131,0.107,edm
8132,0.0342,edm
8136,0.211,edm
8150,0.762,edm
8159,0.715,edm
8162,0.432,edm
8163,0.351,edm
8164,0.37,edm
8168,0.588,edm
8187,0.239,edm
8188,0.102,edm
8189,0.335,edm
8190,0.376,edm
8191,0.732,edm
8192,0.308,edm
8216,0.0928,edm
8217,0.183,edm
8218,0.505,edm
8270,0.574,edm
8289,0.117,edm
8296,0.194,edm
8302,0.753,edm
8303,0.182,edm
8317,0.291,edm
8318,0.69,edm
8328,0.341,edm
8334,0.825,edm
8335,0.337,edm
8364,0.63,edm
8367,0.34,edm
8368,0.608,edm
8369,0.582,edm
8370,0.585,edm
8371,0.251,edm
8372,0.286,edm
8373,0.181,edm
8374,0.0973,edm
8375,0.132,edm
8376,0.439,edm
8377,0.428,edm
8378,0.294,edm
8379,0.155,edm
8380,0.304,edm
8381,0.41,edm
8389,0.679,edm
8390,0.393,edm
8391,0.409,edm
8792,0.676,edm
8793,0.665,edm
8794,0.532,edm
8795,0.406,edm
8796,0.592,edm
8797,0.56,edm
8798,0.48,edm
8799,0.203,edm
8800,0.552,edm
8803,0.588,edm
8804,0.265,edm
8805,0.15,edm
8806,0.236,edm
8807,0.296,edm
8808,0.17,edm
8809,0.826,edm
8810,0.563,edm
8811,0.79,edm
8812,0.65,edm
8813,0.584,edm
8814,0.18,edm
8815,0.21,edm
8816,0.481,edm
8817,0.969,edm
8818,0.291,edm
8819,0.621,edm
8820,0.726,edm
8821,0.514,edm
8822,0.422,edm
8823,0.522,edm
8824,0.458,edm
8825,0.577,edm
8826,0.761,edm
8827,0.0555,edm
8828,0.267,edm
8829,0.426,edm
8830,0.323,edm
8831,0.688,edm
8832,0.12,edm
8833,0.421,edm
8834,0.234,edm
8835,0.342,edm
8836,0.174,edm
8837,0.593,edm
8838,0.521,edm
8839,0.602,edm
8840,0.0759,edm
8841,0.423,edm
8842,0.214,edm
8843,0.377,edm
8848,0.565,edm
8855,0.19,edm
8856,0.24,edm
8857,0.402,edm
8858,0.541,edm
8995,0.813,edm
8996,0.035,edm
8997,0.775,edm
8998,0.573,edm
8999,0.41,edm
9000,0.743,edm
9001,0.51,edm
9002,0.0775,edm
9003,0.388,edm
9004,0.499,edm
9005,0.548,edm
9006,0.28,edm
9019,0.228,edm
9020,0.239,edm
9021,0.0999,edm
9022,0.657,edm
9023,0.275,edm
9024,0.0396,edm
9025,0.0744,edm
9250,0.313,edm
9251,0.034,edm
9252,0.353,edm
9253,0.229,edm
9254,0.262,edm
9255,0.443,edm
9256,0.536,edm
9283,0.126,edm
9302,0.211,edm
9303,0.265,edm
9304,0.141,edm
9330,0.135,edm
9331,0.276,edm
9332,0.194,edm
9333,0.252,edm
9334,0.0315,edm
9335,0.436,edm
9343,0.146,edm
9344,0.225,edm
9345,0.133,edm
9346,0.559,edm
9347,0.523,edm
9348,0.122,edm
9349,0.268,edm
9350,0.0903,edm
9352,0.0844,edm
9353,0.496,edm
9354,0.281,edm
9355,0.174,edm
9356,0.13,edm
9357,0.338,edm
9358,0.376,edm
9362,0.587,edm
9363,0.0696,edm
9364,0.105,edm
9365,0.395,edm
9366,0.261,edm
9367,0.341,edm
9368,0.224,edm
9369,0.264,edm
9370,0.252,edm
9371,0.229,edm
9372,0.237,edm
9373,0.142,edm
9375,0.304,edm
9376,0.581,edm
9377,0.0797,edm
9378,0.145,edm
9379,0.692,edm
9380,0.373,edm
9381,0.176,edm
9383,0.575,edm
9401,0.191,edm
9402,0.0601,edm
9403,0.589,edm
9404,0.0534,edm
9405,0.239,edm
9407,0.226,edm
9408,0.158,edm
9409,0.57,edm
9416,0.208,edm
9552,0.671,edm
9553,0.187,edm
9554,0.349,edm
9555,0.534,edm
9556,0.516,edm
9557,0.728,edm
9558,0.534,edm
9559,0.406,edm
9560,0.549,edm
9561,0.52,edm
9562,0.275,edm
9563,0.399,edm
9564,0.815,edm
9565,0.561,edm
9566,0.144,edm
9567,0.612,edm
9568,0.358,edm
9569,0.592,edm
9570,0.766,edm
9571,0.784,edm
9572,0.69,edm
9573,0.565,edm
9574,0.835,edm
9575,0.823,edm
9576,0.764,edm
9577,0.161,edm
9578,0.745,edm
9579,0.632,edm
9580,0.939,edm
9581,0.352,edm
9582,0.793,edm
9583,0.327,edm
9584,0.663,edm
9590,0.95,edm
9618,0.188,edm
9619,0.0499,edm
9637,0.624,edm
9696,0.0991,edm
10015,0.385,edm
10016,0.0357,edm
10017,0.0738,edm
10018,0.038,edm
10019,0.608,edm
10020,0.0372,edm
10035,0.0596,edm
10036,0.171,edm
10037,0.261,edm
10051,0.103,edm
10052,0.0712,edm
10053,0.216,edm
10057,0.105,edm
10061,0.212,edm
10062,0.477,edm
10063,0.109,edm
10064,0.33,edm
10065,0.0391,edm
10066,0.0269,edm
10067,0.0917,edm
10068,0.0486,edm
10069,0.162,edm
10070,0.19,edm
10071,0.0344,edm
10072,0.0289,edm
10073,0.161,edm
10076,0.136,edm
10077,0.0357,edm
10078,0.0519,edm
10079,0.367,edm
10080,0.101,edm
10081,0.0355,edm
10082,0.424,edm
10083,0.0435,edm
10084,0.362,edm
10085,0.0769,edm
10086,0.471,edm
10087,0.262,edm
10088,0.0391,edm
10089,0.307,edm
10090,0.0364,edm
10091,0.104,edm
10092,0.055,edm
10093,0.409,edm
10094,0.346,edm
10095,0.4,edm
10096,0.19,edm
10097,0.157,edm
10100,0.0633,edm
10101,0.0994,edm
10102,0.0655,edm
10103,0.306,edm
10104,0.368,edm
10105,0.13,edm
10106,0.0793,edm
10107,0.037,edm
10108,0.0518,edm
10109,0.235,edm
10110,0.0364,edm
10111,0.0749,edm
10115,0.0643,edm
10116,0.0785,edm
10117,0.213,edm
10118,0.26,edm
10119,0.237,edm
10120,0.0926,edm
10121,0.475,edm
10122,0.386,edm
10123,0.241,edm
10124,0.545,edm
10125,0.471,edm
10126,0.042,edm
10128,0.332,edm
10129,0.178,edm
10136,0.45,edm
10148,0.654,edm
10149,0.682,edm
10155,0.292,edm
10156,0.104,edm
10157,0.536,edm
10158,0.546,edm
10218,0.0591,edm
10219,0.193,edm
10220,0.164,edm
10225,0.219,edm
10226,0.5,edm
10227,0.783,edm
10228,0.253,edm
10234,0.481,edm
10235,0.242,edm
10238,0.672,edm
10239,0.662,edm
10240,0.217,edm
10241,0.283,edm
10244,0.164,edm
10245,0.541,edm
10246,0.464,edm
10247,0.721,edm
10248,0.349,edm
10249,0.151,edm
10250,0.175,edm
10251,0.112,edm
10252,0.425,edm
10267,0.675,edm
10268,0.123,edm
10269,0.359,edm
10270,0.254,edm
10271,0.539,edm
10272,0.206,edm
10301,0.643,edm
10302,0.589,edm
10303,0.717,edm
10304,0.48,edm
10318,0.048,edm
10319,0.192,edm
10320,0.181,edm
10323,0.42,edm
10324,0.0929,edm
10325,0.55,edm
10326,0.111,edm
10327,0.553,edm
10328,0.815,edm
10329,0.174,edm
10330,0.222,edm
10331,0.832,edm
10332,0.152,edm
10333,0.246,edm
10334,0.0645,edm
10335,0.042,edm
10336,0.12,edm
10337,0.0767,edm
10338,0.0323,edm
10348,0.377,edm
10349,0.0372,edm
10350,0.0284,edm
10351,0.0374,edm
10365,0.524,edm
10366,0.808,edm
10367,0.761,edm
10368,0.858,edm
10369,0.528,edm
10370,0.72,edm
10371,0.967,edm
10372,0.963,edm
10373,0.48,edm
10374,0.556,edm
10375,0.826,edm
10376,0.572,edm
10377,0.683,edm
10378,0.847,edm
10379,0.749,edm
10380,0.915,edm
10381,0.526,edm
10382,0.775,edm
10383,0.779,edm
10384,0.451,edm
10385,0.574,edm
10386,0.962,edm
10387,0.769,edm
10388,0.634,edm
10389,0.913,edm
10390,0.692,edm
10391,0.707,edm
10392,0.806,edm
10393,0.734,edm
10394,0.695,edm
10395,0.742,edm
10396,0.59,edm
10397,0.837,edm
10398,0.538,edm
10399,0.911,edm
10400,0.797,edm
10485,0.574,edm
10486,0.544,edm
10487,0.698,edm
10488,0.53,edm
10489,0.646,edm
10517,0.823,edm
10518,0.343,edm
10519,0.633,edm
10520,0.768,edm
10521,0.829,edm
10522,0.664,edm
10533,0.277,edm
10534,0.344,edm
10535,0.926,edm
10536,0.701,edm
10537,0.855,edm
10538,0.802,edm
10539,0.638,edm
10540,0.0851,edm
10541,0.951,edm
10542,0.894,edm
10543,0.557,edm
10544,0.608,edm
10545,0.511,edm
10546,0.746,edm
10547,0.639,edm
10548,0.909,edm
10549,0.916,edm
10550,0.589,edm
10551,0.283,edm
10552,0.152,edm
10553,0.438,edm
10554,0.725,edm
10616,0.904,edm
10617,0.881,edm
10618,0.688,edm
10619,0.865,edm
10620,0.819,edm
10621,0.827,edm
10622,0.677,edm
10632,0.55,edm
10633,0.93,edm
10634,0.963,edm
10883,0.354,edm
10884,0.329,edm
10885,0.285,edm
10886,0.392,edm
10887,0.494,edm
10888,0.189,edm
10889,0.238,edm
10890,0.282,edm
10891,0.751,edm
10892,0.139,edm
10893,0.141,edm
10894,0.29,edm
10895,0.19,edm
10896,0.341,edm
10897,0.32,edm
10898,0.186,edm
10899,0.529,edm
10900,0.0817,edm
10901,0.0479,edm
10902,0.742,edm
10903,0.7,edm
10904,0.689,edm
10905,0.635,edm
10906,0.4,edm
10907,0.965,edm
10908,0.94,edm
10909,0.69,edm
10910,0.91,edm
10911,0.402,edm
10912,0.7,edm
10913,0.776,edm
10914,0.878,edm
10915,0.961,edm
10916,0.642,edm
10917,0.541,edm
10965,0.649,edm
10971,0.112,edm
10972,0.197,edm
10973,0.671,edm
10974,0.38,edm
11102,0.329,edm
11113,0.887,edm
11114,0.531,edm
11115,0.85,edm
11116,0.891,edm
11117,0.532,edm
11118,0.771,edm
11119,0.266,edm
11120,0.347,edm
11121,0.555,edm
11122,0.256,edm
11123,0.167,edm
11124,0.933,edm
11125,0.704,edm
11126,0.607,edm
11127,0.714,edm
11128,0.935,edm
11129,0.111,edm
11133,0.682,edm
11134,0.173,edm
11135,0.254,edm
11136,0.386,edm
11137,0.638,edm
11138,0.313,edm
11139,0.532,edm
11140,0.289,edm
11142,0.43,edm
11143,0.392,edm
11144,0.163,edm
11145,0.314,edm
11146,0.339,edm
11147,0.0721,edm
11148,0.377,edm
11149,0.274,edm
11150,0.328,edm
11151,0.485,edm
11152,0.196,edm
11153,0.824,edm
11154,0.82,edm
11155,0.793,edm
11156,0.827,edm
11157,0.707,edm
11158,0.608,edm
11159,0.481,edm
11160,0.531,edm
11161,0.96,edm
11162,0.762,edm
11163,0.618,edm
11164,0.916,edm
11165,0.963,edm
11166,0.685,edm
11167,0.435,edm
11168,0.753,edm
11169,0.354,edm
11170,0.914,edm
11171,0.465,edm
11172,0.474,edm
11173,0.832,edm
11174,0.172,edm
11175,0.504,edm
11176,0.322,edm
11177,0.241,edm
11178,0.787,edm
11179,0.705,edm
11180,0.894,edm
11181,0.924,edm
11182,0.872,edm
11183,0.983,edm
11184,0.646,edm
11185,0.76,edm
11186,0.833,edm
11187,0.14,edm
11188,0.964,edm
11189,0.691,edm
11190,0.968,edm
11191,0.878,edm
11192,0.551,edm
11193,0.224,edm
11194,0.481,edm
11195,0.428,edm
11196,0.459,edm
11197,0.963,edm
11198,0.694,edm
11199,0.974,edm
11200,0.919,edm
11201,0.934,edm
11202,0.884,edm
11208,0.488,edm
11209,0.963,edm
11210,0.545,edm
11211,0.773,edm
11212,0.276,edm
11213,0.097,edm
11278,0.534,edm
11279,0.417,edm
11280,0.156,edm
11283,0.233,edm
11284,0.206,edm
11285,0.0722,edm
11286,0.178,edm
11287,0.0419,edm
11288,0.159,edm
11289,0.678,edm
11290,0.279,edm
11298,0.151,edm
11299,0.0614,edm
11300,0.413,edm
11301,0.169,edm
11302,0.542,edm
11303,0.158,edm
11304,0.353,edm
11305,0.157,edm
11306,0.925,edm
11307,0.572,edm
11308,0.441,edm
11309,0.261,edm
11310,0.391,edm
11311,0.45,edm
11312,0.0751,edm
11313,0.687,edm
11314,0.405,edm
11315,0.383,edm
11316,0.671,edm
11317,0.456,edm
11318,0.04,edm
11319,0.421,edm
11320,0.351,edm
11321,0.25,edm
11322,0.352,edm
11323,0.115,edm
11324,0.0911,edm
11325,0.48,edm
11326,0.551,edm
11336,0.344,edm
11337,0.264,edm
11348,0.344,edm
11349,0.124,edm
11350,0.272,edm
11351,0.237,edm
11352,0.367,edm
11353,0.275,edm
11354,0.0406,edm
11355,0.489,edm
11356,0.178,edm
11357,0.273,edm
11361,0.147,edm
11362,0.794,edm
11363,0.415,edm
11364,0.58,edm
11365,0.228,edm
11366,0.0585,edm
11367,0.435,edm
11368,0.248,edm
11369,0.64,edm
11370,0.165,edm
11371,0.452,edm
11372,0.329,edm
11373,0.212,edm
11374,0.0832,edm
11375,0.46,edm
11376,0.36,edm
11377,0.297,edm
11378,0.183,edm
11379,0.265,edm
11380,0.18,edm
11381,0.363,edm
11382,0.2,edm
11383,0.193,edm
11487,0.44,edm
11488,0.428,edm
11489,0.564,edm
11490,0.309,edm
11491,0.339,edm
11500,0.614,edm
11501,0.374,edm
11502,0.794,edm
11503,0.441,edm
11504,0.641,edm
11505,0.539,edm
11506,0.594,edm
11507,0.539,edm
11508,0.519,edm
11509,0.329,edm
11518,0.609,edm
11532,0.559,edm
11533,0.688,edm
11534,0.564,edm
11535,0.415,edm
11536,0.503,edm
11537,0.66,edm
11538,0.179,edm
11539,0.523,edm
11540,0.256,edm
11541,0.288,edm
11556,0.316,edm
11557,0.374,edm
11558,0.411,edm
11559,0.399,edm
11560,0.305,edm
11561,0.962,edm
11562,0.6,edm
11563,0.4,edm
11564,0.459,edm
11565,0.787,edm
11568,0.586,edm
11569,0.467,edm
11570,0.357,edm
11571,0.306,edm
11572,0.434,edm
11573,0.54,edm
11574,0.252,edm
11575,0.657,edm
11576,0.697,edm
11577,0.343,edm
11578,0.447,edm
11579,0.583,edm
11580,0.224,edm
11581,0.0645,edm
11582,0.49,edm
11583,0.298,edm
11584,0.218,edm
11585,0.403,edm
11586,0.826,edm
11587,0.457,edm
11588,0.514,edm
11589,0.814,edm
11590,0.421,edm
11591,0.458,edm
11592,0.598,edm
11593,0.202,edm
11594,0.0808,edm
11602,0.474,edm
11603,0.745,edm
11604,0.154,edm
11605,0.7,edm
11606,0.459,edm
11755,0.332,edm
11756,0.364,edm
11757,0.33,edm
11758,0.42,edm
11759,0.193,edm
11760,0.204,edm
11761,0.548,edm
11762,0.525,edm
11763,0.368,edm
11764,0.392,edm
11765,0.371,edm
11766,0.21,edm
11767,0.241,edm
11768,0.632,edm
11769,0.423,edm
11770,0.299,edm
11771,0.327,edm
11772,0.741,edm
11773,0.421,edm
11774,0.164,edm
11775,0.623,edm
11776,0.138,edm
11777,0.567,edm
11778,0.52,edm
11779,0.524,edm
11780,0.268,edm
11781,0.596,edm
11782,0.31,edm
11783,0.151,edm
11784,0.367,edm
11785,0.54,edm
11787,0.692,edm
11788,0.335,edm
11789,0.46,edm
11790,0.438,edm
11791,0.249,edm
11792,0.52,edm
11793,0.313,edm
11794,0.526,edm
11795,0.87,edm
11796,0.554,edm
11797,0.277,edm
11798,0.7,edm
11800,0.237,edm
11911,0.182,edm
11912,0.653,edm
11913,0.555,edm
11914,0.759,edm
11915,0.392,edm
11916,0.593,edm
11917,0.072,edm
11919,0.231,edm
11921,0.309,edm
11922,0.454,edm
11923,0.19,edm
11924,0.649,edm
11925,0.142,edm
11926,0.463,edm
11927,0.781,edm
11929,0.659,edm
11932,0.162,edm
11934,0.869,edm
11935,0.59,edm
11936,0.0566,edm
11937,0.345,edm
11938,0.435,edm
11939,0.362,edm
11940,0.48,edm
11941,0.717,edm
11942,0.399,edm
11943,0.277,edm
11944,0.323,edm
11945,0.512,edm
11946,0.456,edm
11947,0.628,edm
11948,0.572,edm
12007,0.265,edm
12008,0.155,edm
12009,0.292,edm
12010,0.118,edm
12011,0.577,edm
12020,0.186,edm
12021,0.297,edm
12022,0.249,edm
12023,0.232,edm
12024,0.408,edm
12025,0.276,edm
12035,0.487,edm
12058,0.298,edm
12059,0.346,edm
12060,0.433,edm
12061,0.288,edm
12062,0.11,edm
12063,0.333,edm
12064,0.227,edm
12065,0.257,edm
12066,0.316,edm
12067,0.348,edm
12068,0.274,edm
12069,0.0936,edm
12110,0.216,edm
12114,0.36,edm
12115,0.265,edm
12116,0.323,edm
12117,0.198,edm
12118,0.289,edm
12119,0.0873,edm
12120,0.46,edm
12121,0.133,edm
12122,0.52,edm
12123,0.201,edm
12124,0.343,edm
12125,0.516,edm
12126,0.435,edm
12127,0.463,edm
12128,0.214,edm
12129,0.266,edm
12130,0.335,edm
12131,0.181,edm
12132,0.539,edm
12133,0.175,edm
12134,0.172,edm
12135,0.154,edm
12136,0.111,edm
12137,0.658,edm
12138,0.182,edm
12139,0.393,edm
12140,0.348,edm
12141,0.0729,edm
12142,0.485,edm
12143,0.467,edm
12144,0.0641,edm
12145,0.236,edm
12146,0.275,edm
12147,0.371,edm
12148,0.512,edm
12153,0.321,edm
12154,0.274,edm
12155,0.0394,edm
12156,0.0378,edm
12157,0.4,edm
12158,0.225,edm
12159,0.215,edm
12160,0.193,edm
12161,0.411,edm
12162,0.037,edm
12163,0.34,edm
12164,0.0917,edm
12165,0.303,edm
12166,0.433,edm
12176,0.238,edm
12177,0.604,edm
12178,0.216,edm
12179,0.165,edm
12180,0.275,edm
12188,0.608,edm
12189,0.259,edm
12190,0.302,edm
12191,0.505,edm
12192,0.227,edm
12193,0.118,edm
12194,0.255,edm
12195,0.251,edm
12203,0.406,edm
12204,0.433,edm
12205,0.376,edm
12206,0.289,edm
12207,0.481,edm
12208,0.323,edm
12209,0.402,edm
12210,0.352,edm
12211,0.599,edm
12212,0.239,edm
12213,0.179,edm
12214,0.0494,edm
12215,0.477,edm
12216,0.536,edm
12217,0.342,edm
12218,0.287,edm
12219,0.231,edm
12220,0.0592,edm
12221,0.0368,edm
12222,0.132,edm
12223,0.477,edm
12224,0.131,edm
12225,0.278,edm
12226,0.573,edm
12258,0.35,edm
12259,0.539,edm
12272,0.968,edm
12273,0.153,edm
12274,0.247,edm
12275,0.192,edm
12431,0.335,edm
12432,0.283,edm
12433,0.277,edm
12434,0.157,edm
12435,0.122,edm
12436,0.165,edm
12437,0.0464,edm
12438,0.415,edm
12439,0.208,edm
12440,0.237,edm
12441,0.27,edm
12442,0.183,edm
12443,0.136,edm
12444,0.153,edm
12445,0.131,edm
12446,0.236,edm
12447,0.19,edm
12448,0.13,edm
12449,0.228,edm
12454,0.212,edm
12455,0.0399,edm
12456,0.166,edm
12457,0.388,edm
12458,0.0911,edm
12459,0.066,edm
12460,0.0606,edm
12461,0.203,edm
12462,0.389,edm
12498,0.355,edm
12499,0.249,edm
12500,0.0868,edm
12501,0.617,edm
12502,0.552,edm
12503,0.342,edm
12509,0.222,edm
12510,0.266,edm
12511,0.666,edm
12512,0.298,edm
12513,0.448,edm
12514,0.211,edm
12515,0.0571,edm
12516,0.444,edm
12517,0.264,edm
12518,0.223,edm
12519,0.2,edm
12520,0.109,edm
12521,0.0391,edm
12527,0.25,edm
12528,0.306,edm
12529,0.646,edm
12530,0.177,edm
12531,0.354,edm
12532,0.336,edm
12615,0.368,edm
12616,0.355,edm
12617,0.117,edm
12618,0.516,edm
12619,0.165,edm
12620,0.434,edm
12621,0.0573,edm
12622,0.367,edm
12623,0.13,edm
12624,0.3,edm
12625,0.223,edm
12626,0.192,edm
12627,0.251,edm
12628,0.253,edm
12629,0.33,edm
12630,0.209,edm
12631,0.56,edm
12632,0.442,edm
12633,0.448,edm
12634,0.19,edm
12635,0.218,edm
12636,0.238,edm
12637,0.147,edm
12638,0.673,edm
12639,0.15,edm
12640,0.153,edm
12641,0.206,edm
12642,0.226,edm
12643,0.395,edm
12644,0.227,edm
12645,0.16,edm
12646,0.331,edm
12647,0.117,edm
12648,0.162,edm
12649,0.255,edm
12650,0.465,edm
12651,0.364,edm
12652,0.545,edm
12653,0.345,edm
12654,0.601,edm
12655,0.119,edm
12656,0.55,edm
12657,0.0826,edm
12658,0.275,edm
12659,0.638,edm
12660,0.401,edm
12661,0.259,edm
12662,0.372,edm
12663,0.512,edm
12664,0.378,edm
12665,0.428,edm
12666,0.0394,edm
12667,0.544,edm
12668,0.442,edm
12669,0.809,edm
12670,0.136,edm
12671,0.571,edm
12672,0.146,edm
12673,0.389,edm
12674,0.515,edm
12675,0.499,edm
12676,0.362,edm
12677,0.53,edm
12678,0.267,edm
12679,0.489,edm
12680,0.694,edm
12681,0.783,edm
12682,0.671,edm
12683,0.466,edm
12684,0.966,edm
12685,0.15,edm
12686,0.528,edm
12687,0.343,edm
12688,0.883,edm
12689,0.565,edm
12690,0.563,edm
12691,0.561,edm
12692,0.531,edm
12693,0.621,edm
12694,0.563,edm
12695,0.122,edm
12696,0.468,edm
12697,0.062,edm
12698,0.0989,edm
12699,0.575,edm
12700,0.715,edm
12701,0.222,edm
12702,0.224,edm
12703,0.2,edm
12704,0.406,edm
12705,0.615,edm
12706,0.441,edm
12707,0.674,edm
12708,0.138,edm
12709,0.724,edm
12710,0.841,edm
12711,0.273,edm
12712,0.351,edm
12713,0.484,edm
12714,0.646,edm
12715,0.878,edm
12716,0.338,edm
12717,0.0923,edm
12718,0.765,edm
12719,0.618,edm
12720,0.616,edm
12721,0.26,edm
12722,0.922,edm
12723,0.422,edm
12724,0.544,edm
12725,0.928,edm
12726,0.357,edm
12727,0.476,edm
12728,0.709,edm
12729,0.366,edm
12730,0.506,edm
12731,0.658,edm
12732,0.644,edm
12733,0.0281,edm
12734,0.519,edm
12735,0.858,edm
12736,0.465,edm
12737,0.312,edm
12738,0.248,edm
12739,0.257,edm
12740,0.962,edm
12748,0.48,edm
12749,0.76,edm
12750,0.539,edm
12751,0.711,edm
12752,0.614,edm
12753,0.103,edm
12754,0.597,edm
12755,0.424,edm
12756,0.116,edm
12757,0.655,edm
12758,0.0438,edm
12759,0.299,edm
12760,0.329,edm
12761,0.167,edm
12762,0.244,edm
12773,0.584,edm
12774,0.524,edm
12807,0.278,edm
12808,0.163,edm
12809,0.434,edm
12810,0.158,edm
12811,0.226,edm
12812,0.32,edm
12813,0.375,edm
12814,0.279,edm
12815,0.233,edm
12819,0.0363,edm
12820,0.126,edm
12821,0.763,edm
12822,0.671,edm
12823,0.32,edm
12824,0.223,edm
12825,0.0736,edm
12826,0.453,edm
12827,0.359,edm
12828,0.182,edm
12844,0.0398,edm
13123,0.528,edm
13341,0.164,edm
13342,0.0382,edm
13343,0.668,edm
13344,0.584,edm
13345,0.252,edm
13346,0.174,edm
13347,0.32,edm
13348,0.19,edm
13349,0.619,edm
13350,0.307,edm
13351,0.521,edm
13352,0.134,edm
13355,0.195,edm
13356,0.458,edm
13357,0.368,edm
13358,0.325,edm
13359,0.626,edm
13360,0.273,edm
13361,0.429,edm
13362,0.182,edm
13363,0.201,edm
13364,0.189,edm
13365,0.0756,edm
13366,0.091,edm
13367,0.532,edm
13368,0.0396,edm
13369,0.128,edm
13370,0.23,edm
13371,0.511,edm
13372,0.245,edm
13373,0.403,edm
13374,0.0387,edm
13375,0.413,edm
13376,0.63,edm
13377,0.436,edm
13378,0.426,edm
13379,0.129,edm
13380,0.177,edm
13381,0.134,edm
13382,0.512,edm
13383,0.736,edm
13384,0.0455,edm
13385,0.267,edm
13386,0.118,edm
13387,0.0789,edm
13388,0.178,edm
13389,0.0374,edm
13390,0.782,edm
13391,0.438,edm
13392,0.747,edm
13393,0.526,edm
13394,0.328,edm
13395,0.507,edm
13396,0.394,edm
13397,0.304,edm
13398,0.257,edm
13399,0.562,edm
13400,0.632,edm
13401,0.141,edm
13402,0.702,edm
13403,0.16,edm
13404,0.528,edm
13405,0.416,edm
13406,0.598,edm
13407,0.535,edm
13408,0.669,edm
13409,0.279,edm
13410,0.349,edm
13411,0.26,edm
13412,0.174,edm
13413,0.632,edm
13414,0.389,edm
13415,0.606,edm
13416,0.521,edm
13417,0.353,edm
13418,0.598,edm
13419,0.466,edm
13420,0.667,edm
13421,0.12,edm
13422,0.866,edm
13423,0.515,edm
13424,0.661,edm
13425,0.78,edm
13426,0.432,edm
13427,0.47,edm
13428,0.442,edm
13429,0.533,edm
13430,0.347,edm
13431,0.57,edm
13432,0.0597,edm
13433,0.704,edm
13434,0.0604,edm
13435,0.344,edm
13436,0.231,edm
13437,0.532,edm
13438,0.35,edm
13439,0.435,edm
13440,0.165,edm
13441,0.494,edm
13442,0.258,edm
13443,0.65,edm
13444,0.19,edm
13445,0.525,edm
13455,0.389,edm
13456,0.544,edm
13457,0.152,edm
13458,0.591,edm
13459,0.478,edm
13460,0.282,edm
13537,0.376,edm
13538,0.302,edm
13539,0.365,edm
13553,0.491,edm
13554,0.288,edm
13555,0.939,edm
13556,0.316,edm
13557,0.463,edm
13558,0.0895,edm
13559,0.612,edm
13560,0.357,edm
13561,0.648,edm
13562,0.184,edm
13563,0.143,edm
13564,0.689,edm
13565,0.542,edm
13566,0.199,edm
13567,0.138,edm
13568,0.302,edm
13569,0.294,edm
13570,0.398,edm
13571,0.344,edm
13572,0.458,edm
13573,0.215,edm
13574,0.657,edm
13575,0.914,edm
13576,0.385,edm
13577,0.526,edm
13578,0.695,edm
13579,0.23,edm
13580,0.172,edm
13581,0.131,edm
13582,0.366,edm
13583,0.0632,edm
13584,0.282,edm
13585,0.426,edm
13586,0.405,edm
13587,0.231,edm
13588,0.68,edm
13589,0.794,edm
13590,0.208,edm
13591,0.0986,edm
13592,0.563,edm
13593,0.424,edm
13594,0.394,edm
13595,0.379,edm
13596,0.481,edm
13597,0.338,edm
13598,0.75,edm
13599,0.544,edm
13600,0.248,edm
13601,0.107,edm
13602,0.416,edm
13603,0.078,edm
13604,0.494,edm
13605,0.266,edm
13606,0.371,edm
13607,0.0465,edm
13608,0.132,edm
13609,0.475,edm
13610,0.427,edm
13611,0.358,edm
13612,0.381,edm
13613,0.153,edm
13614,0.347,edm
13615,0.0577,edm
13616,0.365,edm
13617,0.181,edm
13618,0.0954,edm
13619,0.239,edm
13620,0.32,edm
13621,0.342,edm
13622,0.259,edm
13623,0.134,edm
13624,0.662,edm
13625,0.441,edm
13626,0.538,edm
13627,0.343,edm
13628,0.366,edm
13629,0.542,edm
13630,0.616,edm
13631,0.501,edm
13632,0.322,edm
13633,0.72,edm
13634,0.705,edm
13635,0.522,edm
13636,0.702,edm
13637,0.256,edm
13638,0.407,edm
13641,0.454,edm
13642,0.767,edm
13648,0.43,edm
13649,0.289,edm
13650,0.233,edm
13651,0.479,edm
13652,0.4,edm
13653,0.432,edm
13727,0.332,edm
13728,0.615,edm
13729,0.444,edm
13730,0.716,edm
13731,0.542,edm
13732,0.437,edm
13739,0.758,edm
13740,0.526,edm
13741,0.778,edm
13742,0.441,edm
13743,0.384,edm
13744,0.607,edm
13745,0.342,edm
13746,0.724,edm
13747,0.672,edm
13748,0.198,edm
13749,0.464,edm
13750,0.657,edm
13751,0.606,edm
13752,0.458,edm
13753,0.195,edm
13754,0.877,edm
13755,0.62,edm
13756,0.403,edm
13757,0.576,edm
13758,0.523,edm
13759,0.335,edm
13760,0.347,edm
13761,0.243,edm
13762,0.0823,edm
13763,0.165,edm
13764,0.239,edm
13765,0.604,edm
13766,0.0358,edm
13767,0.159,edm
13768,0.594,edm
13769,0.428,edm
13770,0.356,edm
13771,0.791,edm
13772,0.57,edm
13773,0.372,edm
13774,0.207,edm
13775,0.584,edm
13776,0.308,edm
13777,0.292,edm
13778,0.289,edm
13779,0.94,edm
13780,0.64,edm
13781,0.502,edm
13782,0.437,edm
13784,0.479,edm
13785,0.0786,edm
13786,0.745,edm
13787,0.339,edm
13788,0.0476,edm
13796,0.217,edm
13854,0.348,edm
13855,0.0375,edm
13856,0.239,edm
13857,0.449,edm
13858,0.0631,edm
13859,0.126,edm
13860,0.287,edm
13861,0.633,edm
13862,0.304,edm
13863,0.257,edm
13864,0.243,edm
13865,0.52,edm
13866,0.194,edm
13881,0.208,edm
13882,0.336,edm
13883,0.518,edm
13884,0.769,edm
13885,0.178,edm
13886,0.452,edm
13887,0.179,edm
13888,0.545,edm
13889,0.236,edm
13890,0.665,edm
13891,0.13,edm
13892,0.775,edm
13893,0.606,edm
13894,0.343,edm
13895,0.775,edm
13896,0.394,edm
13897,0.474,edm
13898,0.114,edm
13899,0.167,edm
13900,0.179,edm
13901,0.643,edm
13902,0.274,edm
13903,0.331,edm
13904,0.426,edm
13905,0.423,edm
13906,0.283,edm
13907,0.458,edm
13908,0.196,edm
13909,0.54,edm
13910,0.0465,edm
13911,0.529,edm
13912,0.81,edm
13913,0.513,edm
13914,0.2,edm
13915,0.603,edm
13916,0.421,edm
13917,0.879,edm
13918,0.395,edm
13919,0.451,edm
13920,0.318,edm
13921,0.344,edm
13922,0.564,edm
13923,0.217,edm
13924,0.468,edm
13925,0.27,edm
13926,0.573,edm
13927,0.601,edm
13928,0.416,edm
13929,0.421,edm
13930,0.378,edm
13931,0.159,edm
13932,0.671,edm
13933,0.761,edm
13934,0.503,edm
13935,0.131,edm
13936,0.499,edm
13937,0.324,edm
13938,0.748,edm
13939,0.348,edm
13940,0.646,edm
13941,0.798,edm
13942,0.679,edm
13943,0.586,edm
13944,0.43,edm
13945,0.47,edm
13946,0.905,edm
13947,0.335,edm
13948,0.287,edm
13949,0.486,edm
13950,0.266,edm
13951,0.383,edm
13952,0.103,edm
13953,0.536,edm
13954,0.307,edm
13955,0.544,edm
13956,0.854,edm
13957,0.433,edm
13958,0.167,edm
13959,0.208,edm
13960,0.626,edm
13961,0.146,edm
13962,0.405,edm
13963,0.865,edm
13964,0.37,edm
13965,0.581,edm
13966,0.853,edm
13967,0.462,edm
13968,0.433,edm
13969,0.63,edm
13970,0.284,edm
13971,0.518,edm
13972,0.557,edm
13973,0.345,edm
13974,0.329,edm
13975,0.259,edm
13976,0.586,edm
13977,0.6,edm
13978,0.264,edm
13979,0.369,edm
13980,0.331,edm
13981,0.499,edm
13982,0.305,edm
13983,0.297,edm
13984,0.357,edm
13998,0.208,edm
14009,0.285,edm
14012,0.364,edm
14218,0.499,edm
14219,0.305,edm
14220,0.25,edm
14231,0.328,edm
14232,0.499,edm
14233,0.424,edm
14234,0.513,edm
14235,0.13,edm
14236,0.273,edm
14237,0.375,edm
14238,0.421,edm
14239,0.538,edm
14243,0.432,edm
14244,0.218,edm
14245,0.325,edm
14246,0.742,edm
14247,0.342,edm
14248,0.319,edm
14249,0.326,edm
14250,0.562,edm
14251,0.299,edm
14255,0.382,edm
14256,0.41,edm
14257,0.364,edm
14258,0.4,edm
14259,0.194,edm
14260,0.456,edm
14261,0.343,edm
14262,0.237,edm
14263,0.286,edm
14264,0.43,edm
14265,0.142,edm
14266,0.246,edm
14267,0.285,edm
14268,0.21,edm
14269,0.531,edm
14270,0.421,edm
14271,0.487,edm
14272,0.56,edm
14273,0.114,edm
14274,0.0939,edm
14275,0.509,edm
14278,0.277,edm
14279,0.325,edm
14280,0.413,edm
14281,0.439,edm
14282,0.586,edm
14288,0.196,edm
14289,0.118,edm
14290,0.478,edm
14291,0.35,edm
14292,0.374,edm
14293,0.472,edm
14294,0.744,edm
14295,0.285,edm
14296,0.222,edm
14297,0.332,edm
14298,0.18,edm
14299,0.327,edm
14300,0.49,edm
14301,0.292,edm
14302,0.334,edm
14303,0.436,edm
14304,0.77,edm
14305,0.88,edm
14306,0.418,edm
14307,0.202,edm
14308,0.582,edm
14310,0.596,edm
14311,0.502,edm
14312,0.484,edm
14313,0.39,edm
14314,0.335,edm
14323,0.464,edm
14324,0.422,edm
14325,0.519,edm
14326,0.113,edm
14327,0.348,edm
14328,0.281,edm
14335,0.359,edm
14336,0.509,edm
14337,0.346,edm
14338,0.662,edm
14339,0.31,edm
14340,0.274,edm
14341,0.178,edm
14342,0.384,edm
14343,0.109,edm
14344,0.22,edm
14345,0.586,edm
14346,0.285,edm
14347,0.0658,edm
14348,0.308,edm
14349,0.435,edm
14350,0.0459,edm
14351,0.271,edm
14352,0.255,edm
14353,0.219,edm
14354,0.219,edm
14355,0.349,edm
14356,0.201,edm
14357,0.367,edm
14358,0.101,edm
14359,0.106,edm
14360,0.344,edm
14361,0.0387,edm
14362,0.239,edm
14363,0.442,edm
14364,0.424,edm
14365,0.344,edm
14366,0.421,edm
14367,0.675,edm
14368,0.219,edm
14369,0.228,edm
14370,0.379,edm
14371,0.408,edm
14372,0.552,edm
14373,0.389,edm
14374,0.425,edm
14375,0.61,edm
14376,0.15,edm
14377,0.268,edm
14378,0.431,edm
14379,0.0395,edm
14380,0.344,edm
14381,0.528,edm
14382,0.505,edm
14383,0.538,edm
14384,0.174,edm
14385,0.251,edm
14386,0.431,edm
14387,0.169,edm
14388,0.221,edm
14389,0.164,edm
14390,0.711,edm
14391,0.292,edm
14392,0.426,edm
14393,0.115,edm
14394,0.333,edm
14395,0.158,edm
14396,0.64,edm
14397,0.291,edm
14398,0.376,edm
14399,0.159,edm
14400,0.501,edm
14401,0.385,edm
14402,0.197,edm
14403,0.439,edm
14404,0.302,edm
14405,0.286,edm
14406,0.187,edm
14407,0.164,edm
14408,0.22,edm
14409,0.655,edm
14410,0.574,edm
14411,0.155,edm
14412,0.389,edm
14415,0.576,edm
14416,0.729,edm
14417,0.125,edm
14418,0.684,edm
14419,0.836,edm
14420,0.373,edm
14421,0.475,edm
14422,0.569,edm
14423,0.48,edm
14424,0.285,edm
14425,0.626,edm
14426,0.185,edm
14427,0.221,edm
14439,0.381,edm
14440,0.242,edm
14441,0.502,edm
14453,0.421,edm
14454,0.406,edm
14595,0.65,edm
14600,0.524,edm
14601,0.13,edm
14602,0.802,edm
14603,0.623,edm
14604,0.283,edm
14605,0.691,edm
14606,0.182,edm
14607,0.0802,edm
14608,0.104,edm
14609,0.408,edm
14610,0.579,edm
14639,0.294,edm
14671,0.152,edm
14672,0.854,edm
14673,0.406,edm
14674,0.617,edm
14675,0.641,edm
14676,0.153,edm
14677,0.306,edm
14678,0.567,edm
14679,0.532,edm
14680,0.281,edm
14681,0.133,edm
14683,0.0345,edm
14684,0.961,edm
14685,0.328,edm
14686,0.505,edm
14687,0.189,edm
14688,0.718,edm
14689,0.0767,edm
14690,0.293,edm
14691,0.535,edm
14692,0.77,edm
14693,0.87,edm
14695,0.685,edm
14696,0.0584,edm
14697,0.144,edm
14698,0.804,edm
14699,0.0407,edm
14700,0.0353,edm
14701,0.0396,edm
14702,0.0392,edm
14703,0.715,edm
14704,0.148,edm
14705,0.701,edm
14706,0.757,edm
14707,0.325,edm
14708,0.309,edm
14709,0.161,edm
14710,0.0395,edm
14711,0.412,edm
14712,0.367,edm
14713,0.911,edm
14714,0.18,edm
14715,0.0278,edm
14716,0.184,edm
14717,0.604,edm
14718,0.649,edm
14719,0.727,edm
14720,0.247,edm
14721,0.632,edm
14722,0.629,edm
14723,0.182,edm
14724,0.286,edm
14725,0.0781,edm
14726,0.359,edm
14727,0.499,edm
14728,0.196,edm
14729,0.674,edm
14730,0.693,edm
14731,0.0334,edm
14732,0.8,edm
14733,0.323,edm
14734,0.741,edm
14735,0.747,edm
14736,0.211,edm
14745,0.296,edm
14746,0.34,edm
14747,0.154,edm
14748,0.0598,edm
14878,0.692,edm
14879,0.789,edm
14880,0.475,edm
14881,0.324,edm
14882,0.595,edm
14883,0.466,edm
14890,0.211,edm
14891,0.219,edm
14892,0.225,edm
14893,0.357,edm
14894,0.258,edm
14895,0.229,edm
14898,0.772,edm
14899,0.184,edm
14900,0.128,edm
14901,0.226,edm
14902,0.706,edm
14903,0.587,edm
14904,0.522,edm
14905,0.794,edm
14906,0.133,edm
14907,0.554,edm
14908,0.453,edm
14909,0.566,edm
14910,0.633,edm
14911,0.22,edm
14912,0.209,edm
14913,0.598,edm
14914,0.419,edm
14916,0.677,edm
14917,0.215,edm
14918,0.233,edm
14919,0.528,edm
14920,0.306,edm
14921,0.777,edm
14922,0.437,edm
14923,0.438,edm
14924,0.364,edm
15136,0.34,edm
15137,0.351,edm
15138,0.192,edm
15139,0.328,edm
15140,0.464,edm
15141,0.363,edm
15142,0.268,edm
15143,0.406,edm
15147,0.557,edm
15148,0.289,edm
15149,0.465,edm
15161,0.455,edm
15162,0.226,edm
15163,0.474,edm
15164,0.249,edm
15165,0.641,edm
15166,0.316,edm
15167,0.278,edm
15168,0.164,edm
15169,0.153,edm
15170,0.211,edm
15171,0.72,edm
15172,0.477,edm
15173,0.0851,edm
15174,0.23,edm
15175,0.638,edm
15186,0.648,edm
15187,0.366,edm
15188,0.128,edm
15189,0.12,edm
15190,0.25,edm
15191,0.499,edm
15192,0.376,edm
15193,0.218,edm
15194,0.142,edm
15195,0.474,edm
15196,0.636,edm
15262,0.105,edm
15263,0.529,edm
15296,0.698,edm
15297,0.141,edm
15298,0.145,edm
15299,0.349,edm
15300,0.285,edm
15301,0.202,edm
15302,0.294,edm
15303,0.309,edm
15304,0.338,edm
15305,0.673,edm
15306,0.206,edm
15313,0.255,edm
15314,0.118,edm
15315,0.415,edm
15316,0.5,edm
15317,0.68,edm
15318,0.265,edm
15319,0.187,edm
15320,0.173,edm
15321,0.174,edm
15322,0.804,edm
15323,0.375,edm
15324,0.339,edm
15325,0.391,edm
15326,0.277,edm
15327,0.398,edm
15328,0.52,edm
15329,0.238,edm
15330,0.776,edm
15331,0.734,edm
15450,0.653,edm
15451,0.511,edm
15452,0.349,edm
15453,0.343,edm
15454,0.41,edm
15455,0.105,edm
15456,0.312,edm
15457,0.0919,edm
15460,0.781,edm
15461,0.176,edm
15462,0.23,edm
15463,0.064,edm
15464,0.216,edm
15465,0.0583,edm
15466,0.383,edm
16039,0.238,edm
16040,0.293,edm
16041,0.132,edm
16042,0.622,edm
16043,0.474,edm
16044,0.0393,edm
16045,0.57,edm
16054,0.808,edm
16055,0.665,edm
16056,0.205,edm
16057,0.467,edm
16058,0.356,edm
16059,0.0714,edm
16060,0.371,edm
16061,0.251,edm
16062,0.316,edm
16093,0.299,edm
16094,0.165,edm
16095,0.407,edm
16096,0.356,edm
16097,0.07,edm
16098,0.648,edm
16099,0.96,edm
16100,0.199,edm
16101,0.351,edm
16102,0.481,edm
16103,0.389,edm
16104,0.188,edm
16105,0.477,edm
16106,0.148,edm
16107,0.681,edm
16108,0.472,edm
16109,0.459,edm
16110,0.214,edm
16111,0.288,edm
16112,0.198,edm
16113,0.497,edm
16114,0.427,edm
16115,0.506,edm
16116,0.555,edm
16117,0.398,edm
16118,0.322,edm
16119,0.525,edm
16120,0.206,edm
16121,0.386,edm
16122,0.486,edm
16123,0.411,edm
16124,0.25,edm
16125,0.559,edm
16126,0.454,edm
16127,0.318,edm
16128,0.431,edm
16129,0.0867,edm
16130,0.567,edm
16131,0.421,edm
16132,0.523,edm
16133,0.391,edm
16134,0.519,edm
16135,0.341,edm
16136,0.0776,edm
16137,0.199,edm
16138,0.657,edm
16139,0.283,edm
16140,0.422,edm
16141,0.348,edm
16142,0.314,edm
16143,0.272,edm
16144,0.367,edm
16284,0.518,edm
16285,0.419,edm
16286,0.457,edm
16287,0.498,edm
16288,0.0597,edm
16308,0.351,edm
16309,0.399,edm
16310,0.444,edm
16311,0.527,edm
16312,0.517,edm
16329,0.16,edm
16330,0.285,edm
16331,0.279,edm
16332,0.366,edm
16333,0.314,edm
16334,0.516,edm
16335,0.38,edm
16336,0.316,edm
16337,0.575,edm
16338,0.328,edm
16657,0.59,edm
16658,0.87,edm
16659,0.183,edm
16660,0.614,edm
16661,0.298,edm
16662,0.4,edm
16663,0.722,edm
16664,0.291,edm
16665,0.585,edm
16666,0.348,edm
16667,0.329,edm
16668,0.462,edm
16669,0.482,edm
16670,0.659,edm
16671,0.341,edm
16672,0.379,edm
16673,0.324,edm
16674,0.737,edm
16675,0.291,edm
16676,0.187,edm
16677,0.613,edm
16678,0.21,edm
16679,0.739,edm
16680,0.472,edm
16681,0.178,edm
16682,0.459,edm
16683,0.31,edm
16684,0.248,edm
16685,0.371,edm
16686,0.653,edm
16687,0.293,edm
16688,0.816,edm
16689,0.496,edm
16690,0.542,edm
16691,0.238,edm
16692,0.366,edm
16693,0.518,edm
16694,0.301,edm
16695,0.453,edm
16696,0.297,edm
16697,0.607,edm
16698,0.304,edm
16699,0.408,edm
16700,0.343,edm
16701,0.315,edm
16702,0.588,edm
16703,0.455,edm
16704,0.396,edm
16705,0.711,edm
16706,0.498,edm
16707,0.516,edm
16708,0.355,edm
16709,0.184,edm
16710,0.373,edm
16711,0.621,edm
16712,0.291,edm
16713,0.651,edm
16714,0.566,edm
16715,0.507,edm
16716,0.676,edm
16717,0.197,edm
16718,0.392,edm
16719,0.426,edm
16720,0.513,edm
16721,0.566,edm
16722,0.529,edm
16723,0.551,edm
16724,0.362,edm
16725,0.213,edm
16726,0.727,edm
16727,0.504,edm
16728,0.221,edm
16729,0.498,edm
16730,0.685,edm
16731,0.236,edm
16732,0.791,edm
16733,0.634,edm
16734,0.762,edm
16735,0.565,edm
16736,0.472,edm
16737,0.666,edm
16738,0.396,edm
16739,0.606,edm
16740,0.523,edm
16741,0.406,edm
16742,0.472,edm
16754,0.212,edm
16755,0.365,edm
16756,0.666,edm
16757,0.28,edm
16758,0.76,edm
16759,0.372,edm
16760,0.0563,edm
16761,0.525,edm
16762,0.291,edm
16763,0.631,edm
16940,0.701,edm
16941,0.427,edm
16964,0.237,edm
16965,0.288,edm
16966,0.733,edm
16984,0.126,edm
16985,0.255,edm
16986,0.15,edm
16987,0.0998,edm
16988,0.163,edm
16989,0.181,edm
16990,0.442,edm
16991,0.663,edm
16992,0.364,edm
16993,0.296,edm
16994,0.365,edm
16995,0.756,edm
16996,0.402,edm
16997,0.192,edm
16998,0.899,edm
16999,0.0364,edm
17000,0.301,edm
17001,0.331,edm
17002,0.241,edm
17003,0.377,edm
17004,0.373,edm
17005,0.362,edm
17006,0.165,edm
17007,0.378,edm
17008,0.512,edm
17009,0.14,edm
17010,0.619,edm
17011,0.18,edm
17012,0.299,edm
17013,0.198,edm
17014,0.149,edm
17015,0.205,edm
17016,0.45,edm
17017,0.283,edm
17019,0.288,edm
17020,0.226,edm
17021,0.246,edm
17022,0.121,edm
17023,0.496,edm
17024,0.294,edm
17025,0.343,edm
17026,0.15,edm
17028,0.256,edm
17036,0.383,edm
17037,0.14,edm
17038,0.0765,edm
17039,0.446,edm
17040,0.482,edm
17041,0.533,edm
17042,0.346,edm
17043,0.906,edm
17044,0.415,edm
17045,0.17,edm
17046,0.554,edm
17047,0.0943,edm
17048,0.506,edm
17049,0.235,edm
17050,0.781,edm
17057,0.0929,edm
17058,0.562,edm
17059,0.651,edm
17060,0.979,edm
17061,0.823,edm
17062,0.788,edm
17063,0.643,edm
17064,0.659,edm
17065,0.663,edm
17068,0.444,edm
17069,0.45,edm
17070,0.568,edm
17071,0.237,edm
17072,0.64,edm
17073,0.428,edm
17074,0.196,edm
17075,0.561,edm
17077,0.846,edm
17078,0.396,edm
17079,0.817,edm
17080,0.112,edm
17081,0.723,edm
17082,0.727,edm
17083,0.588,edm
17084,0.0381,edm
17086,0.414,edm
17087,0.109,edm
17088,0.266,edm
17110,0.343,edm
17119,0.795,edm
17120,0.34,edm
17121,0.352,edm
17122,0.668,edm
17123,0.419,edm
17124,0.857,edm
17125,0.787,edm
17126,0.361,edm
17127,0.654,edm
17128,0.761,edm
17129,0.425,edm
17130,0.408,edm
17131,0.647,edm
17132,0.738,edm
17133,0.704,edm
17134,0.431,edm
17135,0.281,edm
17137,0.966,edm
17138,0.892,edm
17139,0.475,edm
17140,0.41,edm
17144,0.936,edm
17147,0.84,edm
17148,0.901,edm
17149,0.572,edm
17150,0.244,edm
17151,0.427,edm
17152,0.687,edm
17153,0.229,edm
17154,0.387,edm
17155,0.342,edm
17156,0.529,edm
17157,0.452,edm
17158,0.907,edm
17159,0.299,edm
17160,0.314,edm
17161,0.962,edm
17162,0.222,edm
17163,0.0759,edm
17164,0.12,edm
17165,0.04,edm
17166,0.914,edm
17167,0.85,edm
17168,0.0872,edm
17169,0.334,edm
17170,0.751,edm
17171,0.689,edm
17172,0.268,edm
17173,0.0374,edm
17174,0.604,edm
17175,0.796,edm
17176,0.183,edm
17177,0.223,edm
17178,0.65,edm
17179,0.416,edm
17180,0.638,edm
17181,0.69,edm
17182,0.0757,edm
17183,0.191,edm
17184,0.155,edm
17185,0.67,edm
17186,0.101,edm
17187,0.291,edm
17188,0.311,edm
17189,0.229,edm
17190,0.233,edm
17191,0.23,edm
17192,0.17,edm
17193,0.304,edm
17194,0.0813,edm
17195,0.35,edm
17196,0.242,edm
17197,0.498,edm
17198,0.369,edm
17199,0.191,edm
17200,0.346,edm
17201,0.202,edm
17202,0.256,edm
17203,0.193,edm
17204,0.479,edm
17205,0.513,edm
17206,0.679,edm
17207,0.569,edm
17208,0.101,edm
17209,0.309,edm
17210,0.668,edm
17211,0.152,edm
17212,0.0784,edm
17213,0.386,edm
17214,0.403,edm
17215,0.118,edm
17216,0.23,edm
17217,0.292,edm
17218,0.153,edm
17219,0.173,edm
17220,0.035,edm
17221,0.389,edm
17222,0.209,edm
17223,0.2,edm
17224,0.308,edm
17225,0.101,edm
17226,0.692,edm
17227,0.402,edm
17228,0.187,edm
17229,0.0661,edm
17230,0.141,edm
17231,0.37,edm
17232,0.32,edm
17233,0.239,edm
17234,0.0386,edm
17235,0.294,edm
17236,0.428,edm
17237,0.106,edm
17238,0.0433,edm
17239,0.194,edm
17240,0.153,edm
17241,0.045,edm
17242,0.0787,edm
17243,0.032,edm
17244,0.151,edm
17245,0.208,edm
17246,0.18,edm
17247,0.377,edm
17248,0.471,edm
17249,0.357,edm
17250,0.565,edm
17251,0.315,edm
17252,0.147,edm
17253,0.287,edm
17254,0.223,edm
17255,0.139,edm
17256,0.36,edm
17257,0.286,edm
17258,0.04,edm
17259,0.734,edm
17260,0.331,edm
17261,0.251,edm
17262,0.288,edm
17263,0.186,edm
17264,0.432,edm
17265,0.134,edm
17266,0.14,edm
17267,0.688,edm
17268,0.122,edm
17269,0.186,edm
17270,0.575,edm
17271,0.372,edm
17272,0.76,edm
17273,0.178,edm
17274,0.0745,edm
17275,0.12,edm
17276,0.0988,edm
17277,0.412,edm
17278,0.498,edm
17279,0.0998,edm
17280,0.482,edm
17281,0.359,edm
17282,0.321,edm
17283,0.162,edm
17284,0.119,edm
17285,0.0772,edm
17286,0.287,edm
17287,0.14,edm
17288,0.246,edm
17289,0.255,edm
17290,0.236,edm
17291,0.238,edm
17292,0.177,edm
17293,0.899,edm
17294,0.371,edm
17295,0.102,edm
17296,0.0662,edm
17297,0.527,edm
17298,0.223,edm
17299,0.138,edm
17300,0.039,edm
17301,0.107,edm
17302,0.279,edm
17303,0.111,edm
17304,0.231,edm
17305,0.282,edm
17306,0.19,edm
17307,0.265,edm
17308,0.318,edm
17309,0.601,edm
17310,0.1,edm
17311,0.737,edm
17312,0.368,edm
17313,0.359,edm
17314,0.266,edm
17315,0.369,edm
17316,0.239,edm
17317,0.521,edm
17318,0.4,edm
17319,0.25,edm
17320,0.297,edm
17321,0.274,edm
17322,0.428,edm
17323,0.486,edm
17324,0.336,edm
17325,0.499,edm
17326,0.106,edm
17327,0.111,edm
17328,0.31,edm
17329,0.449,edm
17330,0.3,edm
17331,0.416,edm
17332,0.579,edm
17333,0.472,edm
17334,0.701,edm
17335,0.42,edm
17336,0.0902,edm
17337,0.177,edm
17338,0.34,edm
17339,0.0838,edm
17340,0.282,edm
17341,0.0339,edm
17342,0.142,edm
17343,0.133,edm
17344,0.41,edm
17345,0.291,edm
17346,0.0783,edm
17347,0.0596,edm
17348,0.0393,edm
17349,0.302,edm
17350,0.373,edm
17351,0.233,edm
17352,0.0745,edm
17353,0.131,edm
17354,0.298,edm
17355,0.12,edm
17356,0.0499,edm
17357,0.248,edm
17358,0.306,edm
17359,0.435,edm
17360,0.14,edm
17361,0.455,edm
17362,0.38,edm
17363,0.452,edm
17364,0.175,edm
17365,0.117,edm
17366,0.455,edm
17367,0.0999,edm
17368,0.247,edm
17369,0.107,edm
17370,0.487,edm
17371,0.342,edm
17372,0.175,edm
17373,0.076,edm
17374,0.209,edm
17375,0.383,edm
17376,0.377,edm
17377,0.251,edm
17378,0.118,edm
17379,0.484,edm
17380,0.296,edm
17381,0.405,edm
17382,0.174,edm
17383,0.211,edm
17384,0.153,edm
17385,0.146,edm
17386,0.372,edm
17387,0.158,edm
17388,0.265,edm
17389,0.308,edm
17390,0.145,edm
17391,0.255,edm
17392,0.131,edm
17393,0.166,edm
17394,0.135,edm
17395,0.196,edm
17396,0.473,edm
17397,0.589,edm
17398,0.115,edm
17399,0.158,edm
17400,0.212,edm
17401,0.346,edm
17402,0.102,edm
17403,0.205,edm
17404,0.164,edm
17405,0.332,edm
17406,0.392,edm
17407,0.225,edm
17408,0.347,edm
17409,0.112,edm
17410,0.373,edm
17411,0.0994,edm
17412,0.449,edm
17413,0.818,edm
17414,0.155,edm
17415,0.494,edm
17416,0.269,edm
17417,0.48,edm
17418,0.906,edm
17419,0.66,edm
17420,0.0378,edm
17422,0.341,edm
17423,0.22,edm
17424,0.793,edm
17425,0.326,edm
17426,0.292,edm
17427,0.2,edm
17429,0.114,edm
17430,0.437,edm
17431,0.581,edm
17432,0.3,edm
17433,0.188,edm
17434,0.145,edm
17438,0.24,edm
17440,0.164,edm
17441,0.257,edm
17442,0.0749,edm
17443,0.234,edm
17444,0.0375,edm
17445,0.294,edm
17446,0.0671,edm
17447,0.225,edm
17448,0.11,edm
17449,0.52,edm
17450,0.496,edm
17451,0.385,edm
17452,0.414,edm
17453,0.353,edm
17454,0.0627,edm
17455,0.196,edm
17456,0.131,edm
17457,0.223,edm
17458,0.0833,edm
17459,0.117,edm
17460,0.254,edm
17461,0.435,edm
17482,0.447,edm
17488,0.071,edm
17496,0.623,edm
17497,0.355,edm
17498,0.353,edm
17499,0.0605,edm
17500,0.154,edm
17501,0.422,edm
17502,0.351,edm
17503,0.302,edm
17505,0.179,edm
17506,0.683,edm
17507,0.551,edm
17508,0.599,edm
17509,0.159,edm
17510,0.267,edm
17511,0.171,edm
17512,0.168,edm
17516,0.512,edm
17517,0.0717,edm
17518,0.369,edm
17519,0.225,edm
17522,0.429,edm
17529,0.373,edm
17530,0.403,edm
17531,0.214,edm
17532,0.161,edm
17533,0.38,edm
17534,0.274,edm
17535,0.144,edm
17536,0.355,edm
17537,0.249,edm
17538,0.266,edm
17539,0.0394,edm
17540,0.1,edm
17541,0.292,edm
17542,0.215,edm
17543,0.154,edm
17544,0.315,edm
17545,0.287,edm
17546,0.0945,edm
17547,0.0383,edm
17548,0.285,edm
17549,0.0422,edm
17550,0.0378,edm
17551,0.505,edm
17553,0.207,edm
17554,0.63,edm
17555,0.252,edm
17556,0.217,edm
17557,0.21,edm
17558,0.331,edm
17559,0.313,edm
17602,0.48,edm
17882,0.515,edm
17883,0.455,edm
17884,0.487,edm
17885,0.31,edm
18632,0.216,edm
18633,0.734,edm
18634,0.402,edm
18635,0.192,edm
18654,0.107,edm
18655,0.356,edm
18656,0.205,edm
18657,0.161,edm
18658,0.277,edm
18659,0.313,edm
18660,0.0341,edm
18661,0.0517,edm
18662,0.243,edm
18663,0.899,edm
18664,0.206,edm
18665,0.0961,edm
18666,0.507,edm
18667,0.143,edm
18668,0.538,edm
18669,0.307,edm
18670,0.387,edm
18671,0.23,edm
18677,0.0956,edm
18678,0.442,edm
18679,0.159,edm
18680,0.304,edm
18684,0.165,edm
18685,0.808,edm
18686,0.246,edm
18687,0.523,edm
19263,0.23,edm
19264,0.474,edm
19265,0.555,edm
19266,0.867,edm
19267,0.158,edm
19268,0.707,edm
19269,0.889,edm
19270,0.597,edm
19271,0.143,edm
19272,0.678,edm
19273,0.341,edm
19274,0.574,edm
19275,0.584,edm
19276,0.108,edm
19277,0.725,edm
19278,0.512,edm
19279,0.417,edm
19280,0.316,edm
19281,0.763,edm
19282,0.964,edm
19283,0.363,edm
19284,0.283,edm
19285,0.529,edm
19286,0.574,edm
19287,0.599,edm
19288,0.231,edm
19289,0.51,edm
19290,0.607,edm
19291,0.861,edm
19292,0.452,edm
19293,0.71,edm
19294,0.872,edm
19295,0.46,edm
19296,0.0594,edm
19297,0.656,edm
19298,0.529,edm
19299,0.402,edm
19300,0.37,edm
19301,0.549,edm
19307,0.159,edm
19308,0.679,edm
19309,0.607,edm
19310,0.833,edm
19311,0.788,edm
19312,0.179,edm
19313,0.73,edm
19314,0.387,edm
19315,0.415,edm
19316,0.428,edm
19317,0.6,edm
19318,0.962,edm
19352,0.17,edm
19357,0.116,edm
19358,0.3,edm
19360,0.545,edm
19361,0.448,edm
19362,0.695,edm
19363,0.129,edm
19364,0.68,edm
19365,0.763,edm
19372,0.74,edm
19373,0.47,edm
19374,0.446,edm
19375,0.287,edm
19376,0.513,edm
19378,0.678,edm
19467,0.707,edm
19468,0.579,edm
19469,0.684,edm
19470,0.54,edm
19471,0.523,edm
19472,0.171,edm
19474,0.0484,edm
19480,0.57,edm
20017,0.365,edm
20026,0.49,edm
20027,0.34,edm
20028,0.181,edm
20029,0.482,edm
20030,0.317,edm
20031,0.4,edm
20032,0.426,edm
20033,0.584,edm
20034,0.142,edm
20035,0.617,edm
20036,0.504,edm
20037,0.573,edm
20038,0.85,edm
20039,0.557,edm
20040,0.445,edm
20041,0.464,edm
20042,0.202,edm
20043,0.423,edm
20044,0.168,edm
20045,0.248,edm
20046,0.382,edm
20047,0.149,edm
20048,0.696,edm
20049,0.778,edm
20050,0.188,edm
20051,0.378,edm
20052,0.687,edm
20053,0.555,edm
20054,0.106,edm
20055,0.564,edm
20056,0.202,edm
20057,0.267,edm
20058,0.188,edm
20059,0.59,edm
20060,0.767,edm
20061,0.609,edm
20062,0.884,edm
20063,0.74,edm
20064,0.211,edm
20065,0.21,edm
20066,0.118,edm
20067,0.468,edm
20068,0.805,edm
20069,0.364,edm
20070,0.165,edm
20071,0.35,edm
20072,0.0977,edm
20073,0.337,edm
20074,0.644,edm
20075,0.415,edm
20076,0.508,edm
20077,0.652,edm
20078,0.438,edm
20079,0.394,edm
20080,0.176,edm
20081,0.108,edm
20082,0.456,edm
20083,0.177,edm
20084,0.76,edm
20085,0.125,edm
20086,0.366,edm
20087,0.397,edm
20088,0.484,edm
20089,0.0364,edm
20090,0.0369,edm
20091,0.232,edm
20092,0.0393,edm
20093,0.0532,edm
20094,0.412,edm
20095,0.203,edm
20096,0.0649,edm
20097,0.221,edm
20098,0.192,edm
20099,0.103,edm
20100,0.248,edm
20101,0.51,edm
20102,0.555,edm
20103,0.21,edm
20104,0.354,edm
20105,0.035,edm
20106,0.0936,edm
20107,0.742,edm
20108,0.216,edm
20109,0.859,edm
20110,0.343,edm
20111,0.174,edm
20112,0.433,edm
20113,0.26,edm
20114,0.186,edm
20115,0.106,edm
20116,0.239,edm
20117,0.555,edm
20118,0.182,edm
20119,0.524,edm
20120,0.0963,edm
20121,0.34,edm
20122,0.735,edm
20123,0.154,edm
20124,0.204,edm
20125,0.267,edm
20126,0.427,edm
20127,0.421,edm
20128,0.0667,edm
20129,0.0399,edm
20130,0.698,edm
20131,0.716,edm
20132,0.115,edm
20133,0.127,edm
20134,0.411,edm
20135,0.301,edm
20136,0.137,edm
20137,0.373,edm
20138,0.137,edm
20139,0.525,edm
20140,0.171,edm
20141,0.122,edm
20142,0.682,edm
20143,0.102,edm
20144,0.119,edm
20145,0.0593,edm
20146,0.694,edm
20147,0.372,edm
20148,0.878,edm
20149,0.0399,edm
20150,0.101,edm
20156,0.621,edm
20157,0.34,edm
20158,0.962,edm
20159,0.853,edm
20160,0.562,edm
20161,0.735,edm
20162,0.713,edm
20164,0.435,edm
20165,0.773,edm
20166,0.427,edm
20167,0.816,edm
20168,0.73,edm
20169,0.267,edm
20170,0.421,edm
20171,0.402,edm
20172,0.181,edm
20174,0.561,edm
20175,0.669,edm
20176,0.264,edm
20177,0.795,edm
20178,0.95,edm
20179,0.543,edm
20180,0.513,edm
20197,0.845,edm
20205,0.792,edm
20206,0.542,edm
20207,0.685,edm
20208,0.108,edm
20209,0.53,edm
20210,0.351,edm
20211,0.554,edm
20214,0.449,edm
20215,0.618,edm
20216,0.169,edm
20217,0.681,edm
20218,0.424,edm
20219,0.816,edm
20220,0.591,edm
20221,0.409,edm
20222,0.858,edm
20223,0.209,edm
20224,0.864,edm
20225,0.834,edm
20226,0.381,edm
20227,0.386,edm
20228,0.731,edm
20229,0.362,edm
20230,0.652,edm
20231,0.35,edm
20232,0.231,edm
20233,0.366,edm
20234,0.606,edm
20235,0.177,edm
20236,0.587,edm
20237,0.369,edm
20238,0.209,edm
20239,0.703,edm
20240,0.177,edm
20241,0.333,edm
20242,0.846,edm
20243,0.196,edm
20244,0.543,edm
20245,0.686,edm
20246,0.579,edm
20247,0.783,edm
20248,0.545,edm
20249,0.292,edm
20250,0.546,edm
20251,0.76,edm
20252,0.638,edm
20253,0.833,edm
20254,0.591,edm
20255,0.556,edm
20256,0.492,edm
20257,0.64,edm
20258,0.824,edm
20259,0.479,edm
20260,0.644,edm
20261,0.52,edm
20262,0.688,edm
20263,0.42,edm
20264,0.845,edm
20265,0.184,edm
20267,0.535,edm
20268,0.825,edm
20269,0.159,edm
20270,0.442,edm
20271,0.705,edm
20272,0.569,edm
20273,0.887,edm
20274,0.888,edm
20275,0.744,edm
20276,0.695,edm
20277,0.726,edm
20278,0.698,edm
20279,0.16,edm
20280,0.894,edm
20281,0.757,edm
20282,0.435,edm
20283,0.41,edm
20284,0.819,edm
20285,0.905,edm
20286,0.414,edm
20287,0.738,edm
20288,0.654,edm
20289,0.346,edm
20290,0.636,edm
20291,0.911,edm
20292,0.747,edm
20293,0.607,edm
20294,0.825,edm
20295,0.817,edm
20296,0.673,edm
20297,0.655,edm
20298,0.709,edm
20299,0.726,edm
20300,0.72,edm
20301,0.864,edm
20302,0.713,edm
20303,0.509,edm
20304,0.897,edm
20305,0.803,edm
20306,0.759,edm
20307,0.728,edm
20308,0.294,edm
20309,0.808,edm
20310,0.709,edm
20311,0.607,edm
20312,0.665,edm
20313,0.927,edm
20314,0.357,edm
20315,0.753,edm
20316,0.854,edm
20317,0.698,edm
20318,0.853,edm
20319,0.767,edm
20320,0.0705,edm
20321,0.425,edm
20322,0.319,edm
20323,0.903,edm
20324,0.355,edm
20325,0.813,edm
20326,0.794,edm
20327,0.349,edm
20328,0.603,edm
20329,0.925,edm
20330,0.836,edm
20331,0.481,edm
20332,0.87,edm
20333,0.883,edm
20334,0.965,edm
20335,0.769,edm
20336,0.703,edm
20337,0.921,edm
20338,0.736,edm
20339,0.707,edm
20340,0.475,edm
20341,0.653,edm
20342,0.911,edm
20343,0.719,edm
20344,0.457,edm
20345,0.664,edm
20346,0.828,edm
20347,0.481,edm
20348,0.487,edm
20349,0.724,edm
20350,0.596,edm
20351,0.768,edm
20352,0.747,edm
20353,0.899,edm
20354,0.914,edm
20355,0.799,edm
20356,0.537,edm
20357,0.717,edm
20358,0.562,edm
20359,0.419,edm
20360,0.898,edm
20361,0.92,edm
20362,0.702,edm
20363,0.653,edm
20369,0.821,edm
20373,0.559,edm
20376,0.788,edm
20377,0.823,edm
20378,0.596,edm
20379,0.228,edm
20380,0.352,edm
20381,0.732,edm
20382,0.935,edm
20383,0.527,edm
20384,0.842,edm
20385,0.675,edm
20386,0.836,edm
20387,0.949,edm
20388,0.544,edm
20389,0.958,edm
20390,0.796,edm
20391,0.824,edm
20392,0.588,edm
20393,0.597,edm
20394,0.926,edm
20395,0.416,edm
20396,0.715,edm
20397,0.961,edm
20398,0.829,edm
20399,0.907,edm
20400,0.514,edm
20401,0.404,edm
20402,0.893,edm
20403,0.825,edm
20404,0.751,edm
20405,0.716,edm
20406,0.963,edm
20408,0.688,edm
20409,0.776,edm
20410,0.667,edm
20411,0.861,edm
20412,0.932,edm
20413,0.875,edm
20414,0.732,edm
20424,0.0771,edm
20431,0.131,edm
20441,0.476,edm
20449,0.179,edm
20450,0.121,edm
20451,0.68,edm
20452,0.361,edm
20453,0.0935,edm
20454,0.266,edm
20455,0.525,edm
20456,0.26,edm
20457,0.169,edm
20458,0.536,edm
20459,0.305,edm
20460,0.667,edm
20461,0.425,edm
20462,0.113,edm
20463,0.216,edm
20464,0.392,edm
20465,0.0937,edm
20466,0.51,edm
20467,0.389,edm
20468,0.106,edm
20469,0.352,edm
20470,0.27,edm
20471,0.415,edm
20473,0.0394,edm
20474,0.0825,edm
20475,0.759,edm
20476,0.625,edm
20477,0.0377,edm
20478,0.176,edm
20538,0.273,edm
21118,0.466,edm
21119,0.35,edm
21120,0.393,edm
21121,0.616,edm
21122,0.322,edm
21123,0.48,edm
21124,0.206,edm
21125,0.186,edm
21126,0.502,edm
21127,0.7,edm
21128,0.769,edm
21129,0.204,edm
21130,0.407,edm
21131,0.202,edm
21132,0.385,edm
21133,0.392,edm
21134,0.675,edm
21135,0.556,edm
21136,0.477,edm
21137,0.065,edm
21138,0.536,edm
21139,0.26,edm
21140,0.452,edm
21141,0.615,edm
21142,0.119,edm
21143,0.425,edm
21144,0.192,edm
21145,0.732,edm
21146,0.46,edm
21147,0.537,edm
21148,0.297,edm
21149,0.534,edm
21150,0.146,edm
21151,0.346,edm
21152,0.64,edm
21153,0.33,edm
21154,0.484,edm
21155,0.272,edm
21156,0.374,edm
21157,0.786,edm
21158,0.392,edm
21159,0.665,edm
21160,0.277,edm
21161,0.345,edm
21162,0.461,edm
21163,0.611,edm
21164,0.637,edm
21165,0.351,edm
21166,0.252,edm
21167,0.498,edm
21168,0.235,edm
21169,0.626,edm
22182,0.2,edm
22183,0.574,edm
22184,0.576,edm
22185,0.142,edm
22186,0.824,edm
22187,0.241,edm
22188,0.402,edm
22189,0.469,edm
22190,0.707,edm
22191,0.261,edm
22192,0.526,edm
22193,0.676,edm
22194,0.309,edm
22195,0.0949,edm
22196,0.246,edm
22197,0.112,edm
22198,0.364,edm
22201,0.198,edm
22202,0.314,edm
22203,0.305,edm
22204,0.836,edm
22205,0.324,edm
22206,0.734,edm
22207,0.596,edm
22208,0.262,edm
22209,0.459,edm
22210,0.783,edm
22211,0.296,edm
22212,0.465,edm
22384,0.842,edm
22385,0.366,edm
22386,0.218,edm
22392,0.743,edm
22393,0.545,edm
22394,0.244,edm
22395,0.343,edm
22396,0.559,edm
22397,0.342,edm
22398,0.425,edm
22399,0.537,edm
22400,0.223,edm
22401,0.407,edm
22402,0.378,edm
22403,0.365,edm
22404,0.274,edm
22405,0.109,edm
22406,0.353,edm
22407,0.0424,edm
22408,0.352,edm
22409,0.308,edm
22410,0.0695,edm
22411,0.22,edm
22412,0.164,edm
22413,0.43,edm
22414,0.309,edm
22415,0.165,edm
22416,0.355,edm
22417,0.16,edm
22418,0.302,edm
22419,0.189,edm
22420,0.294,edm
22421,0.0959,edm
22422,0.219,edm
22423,0.237,edm
22424,0.23,edm
22425,0.343,edm
22426,0.0736,edm
22427,0.389,edm
22428,0.936,edm
22429,0.405,edm
22430,0.281,edm
22431,0.0812,edm
22432,0.0855,edm
22433,0.0567,edm
22434,0.128,edm
22435,0.578,edm
22436,0.192,edm
22437,0.208,edm
22438,0.191,edm
22439,0.14,edm
22440,0.334,edm
22441,0.714,edm
22442,0.212,edm
22443,0.165,edm
22444,0.0624,edm
22445,0.0915,edm
22446,0.198,edm
22447,0.568,edm
22448,0.509,edm
22449,0.64,edm
22450,0.13,edm
22451,0.337,edm
22452,0.136,edm
22453,0.186,edm
22454,0.213,edm
22455,0.711,edm
22456,0.411,edm
22457,0.0815,edm
22458,0.127,edm
22459,0.0376,edm
22460,0.182,edm
22461,0.545,edm
22462,0.448,edm
22463,0.168,edm
22464,0.0329,edm
22465,0.084,edm
22466,0.516,edm
22467,0.407,edm
22468,0.159,edm
22469,0.577,edm
22470,0.0333,edm
22471,0.287,edm
22472,0.184,edm
22473,0.744,edm
22474,0.307,edm
22475,0.319,edm
22476,0.792,edm
22477,0.234,edm
22478,0.112,edm
22479,0.408,edm
22480,0.641,edm
22481,0.411,edm
22482,0.43,edm
22483,0.0605,edm
22484,0.438,edm
22485,0.27,edm
22486,0.311,edm
22487,0.782,edm
22488,0.38,edm
22489,0.322,edm
22490,0.375,edm
22491,0.165,edm
22492,0.312,edm
22493,0.364,edm
22494,0.586,edm
22495,0.201,edm
22496,0.0795,edm
22497,0.422,edm
18,0.544,latin
19,0.64,latin
22,0.657,latin
23,0.632,latin
32,0.912,latin
33,0.91,latin
34,0.919,latin
35,0.927,latin
36,0.753,latin
37,0.69,latin
39,0.875,latin
40,0.77,latin
41,0.963,latin
48,0.949,latin
139,0.0384,latin
140,1e-05,latin
141,0.0718,latin
142,0.0534,latin
143,0.0388,latin
145,0.0338,latin
146,0.0116,latin
147,0.422,latin
148,0.0234,latin
149,0.0139,latin
150,0.0159,latin
154,1e-05,latin
155,0.0122,latin
158,1e-05,latin
160,0.0223,latin
162,1e-05,latin
206,0.664,latin
207,0.961,latin
208,0.923,latin
209,0.961,latin
210,0.808,latin
214,0.711,latin
222,0.952,latin
223,0.699,latin
224,0.801,latin
225,0.637,latin
226,0.507,latin
232,0.738,latin
233,0.351,latin
257,0.697,latin
258,0.846,latin
259,0.388,latin
260,0.109,latin
261,0.361,latin
262,0.517,latin
263,0.638,latin
264,0.546,latin
265,0.552,latin
267,0.325,latin
269,0.887,latin
270,0.678,latin
271,0.255,latin
272,0.0695,latin
341,0.889,latin
342,0.705,latin
343,0.253,latin
344,0.867,latin
345,0.808,latin
346,0.504,latin
352,0.885,latin
353,0.361,latin
354,0.388,latin
355,0.769,latin
356,0.836,latin
357,0.268,latin
359,0.444,latin
360,0.482,latin
361,0.646,latin
387,0.618,latin
388,0.715,latin
396,0.39,latin
397,0.42,latin
406,0.673,latin
407,0.431,latin
408,0.317,latin
409,0.588,latin
410,0.241,latin
411,0.582,latin
412,0.232,latin
416,0.291,latin
417,0.434,latin
418,0.385,latin
419,0.797,latin
429,0.417,latin
430,0.439,latin
511,0.713,latin
512,0.891,latin
513,0.511,latin
514,0.911,latin
515,0.891,latin
516,0.459,latin
520,0.852,latin
526,0.971,latin
527,0.76,latin
528,0.605,latin
529,0.772,latin
530,0.76,latin
531,0.766,latin
532,0.895,latin
543,0.932,latin
544,0.948,latin
545,0.954,latin
551,0.87,latin
554,0.846,latin
555,0.303,latin
560,0.91,latin
561,0.76,latin
562,0.893,latin
563,0.77,latin
564,0.728,latin
566,0.685,latin
567,0.604,latin
568,0.576,latin
581,0.602,latin
645,0.523,latin
646,0.461,latin
647,0.437,latin
648,0.754,latin
649,0.91,latin
650,0.85,latin
651,0.488,latin
652,0.41,latin
653,0.417,latin
654,0.714,latin
656,0.64,latin
657,0.864,latin
658,0.59,latin
659,0.621,latin
660,0.401,latin
661,0.768,latin
662,0.559,latin
663,0.805,latin
664,0.561,latin
799,0.498,latin
800,0.767,latin
801,0.688,latin
807,0.62,latin
808,0.695,latin
809,0.353,latin
810,0.296,latin
811,0.247,latin
812,0.599,latin
813,0.363,latin
815,0.623,latin
818,0.186,latin
833,0.464,latin
834,0.926,latin
835,0.707,latin
836,0.882,latin
837,0.716,latin
838,0.376,latin
839,0.642,latin
840,0.701,latin
847,0.708,latin
856,0.657,latin
857,0.846,latin
858,0.567,latin
859,0.612,latin
860,0.651,latin
861,0.827,latin
862,0.638,latin
863,0.754,latin
864,0.536,latin
865,0.714,latin
866,0.712,latin
867,0.451,latin
868,0.149,latin
870,0.962,latin
871,0.687,latin
872,0.804,latin
873,0.922,latin
874,0.598,latin
875,0.715,latin
876,0.771,latin
877,0.805,latin
878,0.824,latin
879,0.732,latin
885,0.737,latin
886,0.811,latin
887,0.756,latin
888,0.689,latin
889,0.723,latin
890,0.439,latin
891,0.471,latin
892,0.831,latin
893,0.718,latin
894,0.23,latin
895,0.833,latin
907,0.411,latin
908,0.825,latin
923,0.775,latin
931,0.976,latin
932,0.909,latin
933,0.82,latin
934,0.861,latin
935,0.618,latin
963,0.693,latin
964,0.53,latin
965,0.669,latin
966,0.514,latin
967,0.827,latin
968,0.426,latin
969,0.682,latin
970,0.587,latin
979,0.344,latin
980,0.609,latin
981,0.502,latin
982,0.713,latin
983,0.771,latin
984,0.124,latin
985,0.864,latin
986,0.459,latin
987,0.573,latin
988,0.461,latin
996,0.477,latin
997,0.609,latin
998,0.601,latin
999,0.721,latin
1001,0.736,latin
1002,0.532,latin
1013,0.461,latin
1014,0.91,latin
1018,0.633,latin
1045,0.949,latin
1046,0.763,latin
1047,0.806,latin
1068,0.806,latin
1069,0.955,latin
1085,0.483,latin
1086,0.653,latin
1087,0.618,latin
1101,0.513,latin
1102,0.379,latin
1103,0.479,latin
1113,0.549,latin
1114,0.224,latin
1122,0.813,latin
1126,0.818,latin
1127,0.962,latin
1128,0.887,latin
1133,0.646,latin
1134,0.288,latin
1135,0.392,latin
1136,0.681,latin
1149,0.393,latin
1150,0.657,latin
1151,0.706,latin
1160,0.664,latin
1173,0.613,latin
1174,0.966,latin
1175,0.869,latin
1177,0.882,latin
1178,0.883,latin
1180,0.807,latin
1181,0.733,latin
1182,0.867,latin
1183,0.449,latin
1184,0.787,latin
1186,0.945,latin
1187,0.741,latin
1189,0.598,latin
1190,0.858,latin
1191,0.838,latin
1204,0.871,latin
1206,0.966,latin
1208,0.872,latin
1209,0.885,latin
1210,0.768,latin
1211,0.94,latin
1213,0.952,latin
1214,0.838,latin
1216,0.928,latin
1217,0.844,latin
1218,0.839,latin
1222,0.759,latin
1223,0.333,latin
1226,0.461,latin
1227,0.767,latin
1234,0.835,latin
1235,0.823,latin
1236,0.924,latin
1237,0.967,latin
1238,0.964,latin
1239,0.467,latin
1240,0.962,latin
1241,0.874,latin
1242,0.435,latin
1243,0.44,latin
1244,0.75,latin
1245,0.565,latin
1246,0.256,latin
1247,0.93,latin
1248,0.586,latin
1249,0.655,latin
1250,0.94,latin
1251,0.515,latin
1252,0.542,latin
1253,0.843,latin
1254,0.431,latin
1255,0.477,latin
1256,0.539,latin
1271,0.808,latin
1272,0.919,latin
1273,0.817,latin
1274,0.641,latin
1275,0.827,latin
1276,0.94,latin
1277,0.961,latin
1278,0.722,latin
1279,0.699,latin
1280,0.63,latin
1281,0.699,latin
1282,0.888,latin
1283,0.861,latin
1284,0.157,latin
1285,0.7,latin
1286,0.595,latin
1287,0.971,latin
1288,0.701,latin
1290,0.967,latin
1291,0.848,latin
1294,0.401,latin
1295,0.86,latin
1296,0.7,latin
1297,0.573,latin
1298,0.853,latin
1299,0.299,latin
1300,0.231,latin
1301,0.398,latin
1302,0.826,latin
1305,0.886,latin
1306,0.542,latin
1307,0.843,latin
1308,0.843,latin
1309,0.853,latin
1310,0.807,latin
1313,0.789,latin
1314,0.871,latin
1329,0.902,latin
1335,0.896,latin
1336,0.638,latin
1339,0.482,latin
1355,0.916,latin
1356,0.842,latin
1357,0.727,latin
1358,0.585,latin
1359,0.688,latin
1360,0.536,latin
1361,0.261,latin
1362,0.324,latin
1363,0.798,latin
1364,0.715,latin
1365,0.861,latin
1385,0.734,latin
1386,0.729,latin
1387,0.659,latin
1388,0.609,latin
1389,0.414,latin
1390,0.307,latin
1391,0.458,latin
1392,0.29,latin
1393,0.376,latin
1394,0.885,latin
1395,0.913,latin
1396,0.715,latin
1397,0.961,latin
1398,0.964,latin
1399,0.803,latin
1447,0.614,latin
1462,0.762,latin
1463,0.534,latin
1471,0.749,latin
1472,0.748,latin
1473,0.717,latin
1478,0.871,latin
1489,0.652,latin
1491,0.806,latin
1604,0.664,latin
1605,0.699,latin
1606,0.728,latin
1617,0.63,latin
1621,0.435,latin
1622,0.461,latin
1623,0.106,latin
1624,0.269,latin
1625,0.684,latin
1626,0.482,latin
1627,0.628,latin
1628,0.506,latin
1629,0.638,latin
1630,0.521,latin
1631,0.309,latin
1632,0.709,latin
1633,0.733,latin
1634,0.271,latin
1643,0.655,latin
1644,0.413,latin
1645,0.629,latin
1646,0.088,latin
1647,0.481,latin
1648,0.934,latin
1655,0.543,latin
1656,0.237,latin
1663,0.112,latin
1664,0.425,latin
1665,0.552,latin
1666,0.271,latin
1667,0.278,latin
1668,0.45,latin
1669,0.925,latin
1670,0.203,latin
1671,0.247,latin
1672,0.365,latin
1673,0.2,latin
1677,0.927,latin
1678,0.934,latin
1679,0.196,latin
1680,0.916,latin
1681,0.961,latin
1682,0.519,latin
1683,0.843,latin
1684,0.915,latin
1685,0.911,latin
1686,0.86,latin
1687,0.841,latin
1688,0.959,latin
1689,0.905,latin
1692,0.824,latin
1693,0.783,latin
1694,0.967,latin
1695,0.882,latin
1696,0.752,latin
1697,0.651,latin
1698,0.855,latin
1699,0.963,latin
1703,0.972,latin
1704,0.921,latin
1705,0.69,latin
1706,0.825,latin
1707,0.855,latin
1708,0.802,latin
1709,0.822,latin
1710,0.639,latin
1711,0.928,latin
1712,0.886,latin
1713,0.59,latin
1714,0.833,latin
1715,0.74,latin
1716,0.859,latin
1717,0.926,latin
1718,0.942,latin
1719,0.69,latin
1720,0.61,latin
1721,0.883,latin
1722,0.638,latin
1723,0.752,latin
1724,0.646,latin
1725,0.69,latin
1726,0.669,latin
1727,0.277,latin
1728,0.732,latin
1729,0.811,latin
1730,0.128,latin
1731,0.219,latin
1732,0.679,latin
1741,0.641,latin
1749,0.729,latin
1750,0.771,latin
1751,0.921,latin
1752,0.716,latin
1753,0.758,latin
1754,0.878,latin
1755,0.675,latin
1756,0.815,latin
1758,0.96,latin
1759,0.439,latin
1760,0.96,latin
1761,0.852,latin
1762,0.689,latin
1763,0.716,latin
1764,0.89,latin
1766,0.721,latin
1767,0.491,latin
1768,0.638,latin
1769,0.794,latin
1770,0.656,latin
1786,0.59,latin
1787,0.456,latin
1788,0.591,latin
1789,0.855,latin
1799,0.788,latin
1800,0.966,latin
1801,0.963,latin
1825,0.621,latin
1826,0.392,latin
1827,0.543,latin
1828,0.78,latin
1829,0.968,latin
1830,0.964,latin
1832,0.71,latin
1833,0.662,latin
1834,0.798,latin
1835,0.788,latin
1836,0.829,latin
1842,0.589,latin
1843,0.504,latin
1844,0.828,latin
1845,0.759,latin
1846,0.232,latin
1857,0.267,latin
1858,0.632,latin
1859,0.491,latin
1863,0.749,latin
1864,0.382,latin
1865,0.339,latin
1866,0.797,latin
1867,0.225,latin
1868,0.84,latin
1869,0.516,latin
1870,0.779,latin
1871,0.771,latin
1872,0.704,latin
1873,0.17,latin
1877,0.127,latin
1879,0.277,latin
1880,0.271,latin
1881,0.354,latin
1882,0.155,latin
1883,0.158,latin
1884,0.793,latin
1885,0.398,latin
1886,0.551,latin
1887,0.895,latin
1888,0.632,latin
1889,0.541,latin
1907,0.616,latin
1908,0.832,latin
1909,0.127,latin
1910,0.576,latin
1911,0.405,latin
1912,0.82,latin
1913,0.828,latin
1914,0.146,latin
1915,0.286,latin
1916,0.345,latin
1917,0.317,latin
1918,0.193,latin
1919,0.634,latin
1920,0.535,latin
1921,0.429,latin
1922,0.458,latin
1923,0.739,latin
1924,0.333,latin
1925,0.577,latin
1926,0.643,latin
1927,0.734,latin
1929,0.541,latin
1945,0.209,latin
1946,0.487,latin
1947,0.497,latin
1948,0.63,latin
2069,0.32,latin
2078,0.531,latin
2079,0.474,latin
2080,0.499,latin
2081,0.688,latin
2082,0.431,latin
2083,0.66,latin
2084,0.334,latin
2085,0.281,latin
2086,0.543,latin
2087,0.567,latin
2088,0.9,latin
2089,0.734,latin
2090,0.668,latin
2091,0.124,latin
2092,0.227,latin
2093,0.778,latin
2094,0.317,latin
2095,0.751,latin
2096,0.371,latin
2097,0.498,latin
2098,0.369,latin
2099,0.901,latin
2100,0.714,latin
2101,0.44,latin
2102,0.691,latin
2103,0.331,latin
2104,0.461,latin
2105,0.831,latin
2106,0.476,latin
2107,0.43,latin
2108,0.185,latin
2109,0.555,latin
2110,0.689,latin
2111,0.298,latin
2112,0.357,latin
2113,0.315,latin
2128,0.503,latin
2129,0.559,latin
2194,0.477,latin
2195,0.645,latin
2217,0.791,latin
2218,0.875,latin
2219,0.388,latin
2220,0.784,latin
2230,0.346,latin
2231,0.742,latin
2273,0.546,latin
2284,0.962,latin
2285,0.734,latin
2287,0.732,latin
2288,0.836,latin
2289,0.729,latin
2290,0.782,latin
2291,0.405,latin
2292,0.579,latin
2293,0.449,latin
2294,0.426,latin
2295,0.633,latin
2296,0.494,latin
2297,0.888,latin
2298,0.474,latin
2299,0.397,latin
2300,0.567,latin
2301,0.685,latin
2302,0.553,latin
2303,0.775,latin
2304,0.565,latin
2315,0.81,latin
2316,0.505,latin
2317,0.255,latin
2346,0.627,latin
2347,0.237,latin
2354,0.603,latin
2355,0.73,latin
2637,0.553,latin
2823,0.535,latin
3027,0.502,latin
3038,0.844,latin
3075,0.265,latin
3096,0.648,latin
3097,0.294,latin
3098,0.743,latin
3099,0.476,latin
3100,0.553,latin
3101,0.818,latin
3102,0.381,latin
3103,0.754,latin
3104,0.931,latin
3105,0.591,latin
3106,0.255,latin
3108,0.328,latin
3109,0.507,latin
3110,0.29,latin
3111,0.571,latin
3112,0.762,latin
3113,0.728,latin
3117,0.794,latin
3123,0.669,latin
3124,0.651,latin
3125,0.751,latin
3126,0.713,latin
3147,0.882,latin
3148,0.951,latin
3150,0.626,latin
3151,0.295,latin
3152,0.808,latin
3153,0.658,latin
3155,0.922,latin
3157,0.801,latin
3158,0.641,latin
3159,0.49,latin
3160,0.482,latin
3161,0.663,latin
3162,0.818,latin
3163,0.624,latin
3164,0.586,latin
3165,0.621,latin
3532,0.243,latin
3533,0.535,latin
3534,0.499,latin
3535,0.141,latin
3536,0.29,latin
3537,0.503,latin
3538,0.489,latin
3539,0.567,latin
3540,0.322,latin
3541,0.864,latin
3542,0.44,latin
3543,0.702,latin
3544,0.798,latin
3545,0.68,latin
3555,0.228,latin
3583,0.677,latin
3584,0.589,latin
3585,0.516,latin
3586,0.442,latin
3587,0.945,latin
3588,0.134,latin
3598,0.62,latin
3599,0.573,latin
3600,0.518,latin
3601,0.593,latin
3603,0.613,latin
3604,0.431,latin
3605,0.149,latin
3606,0.546,latin
3607,0.226,latin
3608,0.35,latin
3609,0.58,latin
3610,0.18,latin
3611,0.562,latin
3614,0.506,latin
3615,0.568,latin
3629,0.531,latin
3639,0.857,latin
3640,0.84,latin
3641,0.788,latin
3644,0.595,latin
3655,0.152,latin
3657,0.263,latin
3658,0.664,latin
3659,0.323,latin
3660,0.338,latin
3661,0.663,latin
3662,0.38,latin
3663,0.488,latin
3664,0.696,latin
3665,0.371,latin
3666,0.413,latin
3667,0.799,latin
3669,0.307,latin
3670,0.576,latin
3671,0.89,latin
3672,0.593,latin
3673,0.802,latin
3674,0.248,latin
3675,0.379,latin
3676,0.321,latin
3677,0.508,latin
3678,0.396,latin
3679,0.256,latin
3692,0.483,latin
3694,0.261,latin
3708,0.722,latin
3721,0.57,latin
3731,0.624,latin
3732,0.822,latin
3733,0.751,latin
3734,0.359,latin
3735,0.78,latin
3777,0.663,latin
3782,0.633,latin
3783,0.553,latin
3784,0.854,latin
3785,0.653,latin
3786,0.565,latin
3787,0.69,latin
3789,0.827,latin
3790,0.754,latin
3791,0.59,latin
3792,0.836,latin
3795,0.789,latin
3796,0.78,latin
3797,0.441,latin
3798,0.497,latin
3799,0.636,latin
3815,0.867,latin
3842,0.613,latin
3846,0.749,latin
3847,0.509,latin
3848,0.932,latin
3851,0.511,latin
3852,0.584,latin
3853,0.586,latin
3854,0.495,latin
3855,0.581,latin
4328,0.839,latin
4329,0.515,latin
4368,0.654,latin
4369,0.913,latin
4370,0.572,latin
4371,0.732,latin
4372,0.931,latin
4373,0.562,latin
4374,0.784,latin
4375,0.458,latin
4376,0.45,latin
4377,0.571,latin
4378,0.533,latin
4379,0.906,latin
4380,0.634,latin
4381,0.619,latin
4382,0.932,latin
4383,0.76,latin
4384,0.62,latin
4385,0.72,latin
4386,0.509,latin
4394,0.496,latin
4395,0.712,latin
4396,0.62,latin
4945,0.722,latin
4946,0.747,latin
4947,0.6,latin
4948,0.622,latin
4949,0.629,latin
4956,0.864,latin
4957,0.767,latin
4958,0.712,latin
4959,0.695,latin
4960,0.59,latin
4961,0.713,latin
4962,0.704,latin
4963,0.76,latin
4964,0.603,latin
4966,0.474,latin
4967,0.626,latin
4968,0.711,latin
4969,0.45,latin
4970,0.486,latin
4971,0.392,latin
4986,0.802,latin
4987,0.503,latin
4988,0.583,latin
4991,0.363,latin
5012,0.67,latin
5013,0.819,latin
5014,0.66,latin
5015,0.564,latin
5016,0.617,latin
5017,0.864,latin
5018,0.678,latin
5019,0.961,latin
5021,0.85,latin
5022,0.889,latin
5023,0.822,latin
5024,0.538,latin
5025,0.821,latin
5026,0.665,latin
5027,0.484,latin
5045,0.677,latin
5046,0.773,latin
5047,0.495,latin
5072,0.426,latin
5088,0.775,latin
5089,0.602,latin
5090,0.948,latin
5092,0.597,latin
5093,0.945,latin
5094,0.87,latin
5100,0.592,latin
5101,0.628,latin
5102,0.541,latin
5103,0.543,latin
5104,0.87,latin
5105,0.437,latin
5106,0.507,latin
5107,0.741,latin
5123,0.623,latin
5346,0.783,latin
5347,0.568,latin
5348,0.933,latin
5349,0.104,latin
5350,0.677,latin
5351,0.437,latin
5352,0.424,latin
5353,0.325,latin
5355,0.645,latin
5357,0.787,latin
5358,0.592,latin
5359,0.726,latin
5360,0.638,latin
5365,0.198,latin
5366,0.844,latin
5367,0.5,latin
5368,0.377,latin
5369,0.625,latin
5382,0.69,latin
5391,0.162,latin
5392,0.496,latin
5393,0.333,latin
5394,0.317,latin
5395,0.491,latin
5396,0.295,latin
5397,0.843,latin
5398,0.422,latin
5399,0.36,latin
5401,0.956,latin
5405,0.891,latin
5414,0.946,latin
5415,0.611,latin
5428,0.482,latin
5434,0.166,latin
5455,0.739,latin
5456,0.744,latin
5457,0.537,latin
5458,0.769,latin
5459,0.501,latin
5460,0.604,latin
5461,0.694,latin
5464,0.797,latin
5465,0.834,latin
5466,0.358,latin
5467,0.555,latin
5471,0.948,latin
5476,0.615,latin
5477,0.531,latin
5478,0.416,latin
5479,0.932,latin
5480,0.253,latin
5481,0.137,latin
5482,0.435,latin
5483,0.858,latin
5484,0.455,latin
5485,0.548,latin
5486,0.387,latin
5487,0.521,latin
5497,0.398,latin
5498,0.314,latin
5499,0.89,latin
5500,0.918,latin
5508,0.639,latin
5512,0.73,latin
5513,0.57,latin
5515,0.511,latin
5518,0.536,latin
5519,0.763,latin
5520,0.48,latin
5521,0.696,latin
5522,0.726,latin
5523,0.44,latin
5528,0.798,latin
5532,0.51,latin
5533,0.611,latin
5534,0.6,latin
5535,0.52,latin
5536,0.612,latin
5537,0.617,latin
5538,0.849,latin
5539,0.344,latin
5540,0.914,latin
5541,0.585,latin
5542,0.712,latin
5543,0.736,latin
5544,0.609,latin
5545,0.102,latin
5546,0.651,latin
5549,0.504,latin
5550,0.736,latin
5551,0.5,latin
5553,0.714,latin
5554,0.749,latin
5555,0.707,latin
5556,0.553,latin
5557,0.84,latin
5558,0.524,latin
5561,0.788,latin
5568,0.808,latin
5569,0.404,latin
5674,0.831,latin
5675,0.776,latin
5676,0.933,latin
5681,0.667,latin
5682,0.156,latin
5683,0.522,latin
5684,0.899,latin
5685,0.37,latin
5686,0.223,latin
5687,0.382,latin
5688,0.836,latin
5689,0.282,latin
5690,0.885,latin
5691,0.765,latin
5692,0.655,latin
5693,0.729,latin
5694,0.553,latin
5695,0.595,latin
5696,0.868,latin
5697,0.767,latin
5698,0.737,latin
5699,0.726,latin
5700,0.932,latin
5701,0.767,latin
5702,0.434,latin
5703,0.972,latin
5704,0.786,latin
5705,0.835,latin
5706,0.934,latin
5707,0.421,latin
5708,0.591,latin
5709,0.513,latin
5710,0.794,latin
5711,0.6,latin
5712,0.549,latin
5713,0.583,latin
5714,0.817,latin
5715,0.602,latin
5716,0.851,latin
5717,0.8,latin
5718,0.697,latin
5719,0.868,latin
5720,0.76,latin
5721,0.556,latin
5726,0.851,latin
5727,0.547,latin
5728,0.623,latin
5729,0.605,latin
6388,0.483,latin
6399,0.461,latin
6400,0.318,latin
6401,0.624,latin
6499,0.774,latin
6500,0.221,latin
6501,0.37,latin
6502,0.118,latin
6503,0.44,latin
6504,0.386,latin
6505,0.418,latin
6538,0.862,latin
6539,0.193,latin
6544,0.438,latin
6545,0.364,latin
6546,0.486,latin
6547,0.203,latin
6548,0.0863,latin
6549,0.505,latin
6550,0.208,latin
6551,0.596,latin
6552,0.586,latin
6553,0.455,latin
6554,0.66,latin
6555,0.293,latin
6556,0.708,latin
6557,0.109,latin
6558,0.0358,latin
6559,0.44,latin
6560,0.597,latin
6561,0.266,latin
6566,0.355,latin
6567,0.469,latin
6568,0.499,latin
6569,0.179,latin
6570,0.369,latin
6571,0.49,latin
6572,0.244,latin
6573,0.24,latin
6578,0.749,latin
6579,0.431,latin
6581,0.356,latin
6582,0.454,latin
6583,0.552,latin
6584,0.697,latin
6585,0.377,latin
6586,0.605,latin
6587,0.0951,latin
6658,0.634,latin
6662,0.439,latin
6682,0.52,latin
6683,0.593,latin
6730,0.379,latin
6731,0.643,latin
6732,0.778,latin
6733,0.23,latin
6734,0.967,latin
6735,0.776,latin
6736,0.532,latin
6737,0.274,latin
6738,0.551,latin
6739,0.262,latin
6740,0.876,latin
6741,0.447,latin
6742,0.805,latin
6756,0.709,latin
6757,0.789,latin
6758,0.637,latin
6759,0.936,latin
6760,0.962,latin
6761,0.593,latin
6930,0.853,latin
6931,0.319,latin
6932,0.53,latin
6933,0.411,latin
6934,0.82,latin
6935,0.19,latin
6940,0.728,latin
6941,0.203,latin
6942,0.709,latin
6943,0.35,latin
6944,0.692,latin
6945,0.486,latin
6946,0.484,latin
6947,0.215,latin
6948,0.457,latin
6949,0.378,latin
6950,0.783,latin
6951,0.63,latin
6952,0.867,latin
6953,0.367,latin
6954,0.189,latin
6955,0.393,latin
6956,0.271,latin
6957,0.566,latin
6958,0.828,latin
6959,0.753,latin
6960,0.612,latin
6961,0.307,latin
6962,0.532,latin
6963,0.211,latin
6964,0.379,latin
6967,0.632,latin
6968,0.618,latin
6969,0.398,latin
6970,0.58,latin
6971,0.345,latin
6972,0.478,latin
6973,0.325,latin
6974,0.344,latin
6975,0.146,latin
6976,0.294,latin
6977,0.961,latin
6978,0.4,latin
6979,0.212,latin
6980,0.774,latin
7080,0.581,latin
7081,0.467,latin
7082,0.874,latin
7083,0.819,latin
7084,0.916,latin
7085,0.527,latin
7086,0.482,latin
7087,0.892,latin
7088,0.479,latin
7089,0.529,latin
7090,0.452,latin
7091,0.298,latin
7092,0.718,latin
7093,0.698,latin
7094,0.451,latin
7095,0.924,latin
7097,0.965,latin
7098,0.964,latin
7099,0.398,latin
7100,0.523,latin
7101,0.176,latin
7102,0.41,latin
7103,0.853,latin
7104,0.673,latin
7105,0.968,latin
7107,0.777,latin
7108,0.639,latin
7109,0.267,latin
7113,0.622,latin
7114,0.61,latin
7115,0.143,latin
7116,0.256,latin
7117,0.65,latin
7121,0.345,latin
7133,0.418,latin
7134,0.55,latin
7138,0.33,latin
7139,0.752,latin
7140,0.807,latin
7141,0.653,latin
7142,0.918,latin
7154,0.321,latin
7155,0.203,latin
7172,0.186,latin
7173,0.452,latin
7174,0.475,latin
7200,0.457,latin
7217,0.137,latin
7219,0.525,latin
7220,0.621,latin
7230,0.961,latin
7231,0.818,latin
7232,0.965,latin
7239,0.833,latin
7240,0.765,latin
7241,0.787,latin
7242,0.927,latin
7243,0.375,latin
7247,0.621,latin
7248,0.19,latin
7249,0.495,latin
7257,0.434,latin
7258,0.592,latin
7259,0.248,latin
7260,0.665,latin
7261,0.311,latin
7262,0.52,latin
7263,0.251,latin
7265,0.915,latin
7266,0.47,latin
7290,0.965,latin
7291,0.247,latin
7292,0.671,latin
7298,0.155,latin
7299,0.426,latin
7300,0.393,latin
7301,0.655,latin
7302,0.436,latin
7303,0.33,latin
7304,0.479,latin
7305,0.431,latin
7306,0.102,latin
7307,0.237,latin
7308,0.495,latin
7309,0.399,latin
7310,0.611,latin
7311,0.468,latin
7629,0.695,latin
7633,0.965,latin
7636,0.961,latin
7637,0.908,latin
7638,0.759,latin
7639,0.963,latin
7640,0.773,latin
7641,0.699,latin
7642,0.927,latin
7643,0.96,latin
7644,0.916,latin
7656,0.79,latin
7657,0.818,latin
7658,0.946,latin
7659,0.844,latin
7660,0.481,latin
7661,0.961,latin
7662,0.922,latin
7663,0.961,latin
7664,0.804,latin
7665,0.784,latin
7666,0.802,latin
7667,0.914,latin
7681,0.829,latin
7682,0.917,latin
7683,0.886,latin
7684,0.937,latin
7685,0.737,latin
7686,0.836,latin
7687,0.764,latin
7688,0.899,latin
7689,0.817,latin
7690,0.877,latin
7691,0.909,latin
7692,0.884,latin
7693,0.825,latin
7699,0.914,latin
7700,0.834,latin
7701,0.454,latin
7702,0.806,latin
7703,0.561,latin
7704,0.921,latin
7705,0.94,latin
7706,0.961,latin
7707,0.868,latin
7708,0.849,latin
7709,0.627,latin
7710,0.641,latin
7711,0.755,latin
7712,0.935,latin
7713,0.835,latin
7714,0.952,latin
7715,0.682,latin
7716,0.61,latin
7717,0.967,latin
7718,0.893,latin
7719,0.912,latin
7720,0.362,latin
7721,0.825,latin
7722,0.853,latin
7723,0.585,latin
7724,0.719,latin
7725,0.895,latin
7726,0.967,latin
7744,0.911,latin
7745,0.949,latin
7746,0.644,latin
7747,0.747,latin
7748,0.84,latin
7749,0.912,latin
7750,0.612,latin
7751,0.907,latin
7764,0.806,latin
7765,0.589,latin
7766,0.882,latin
7767,0.803,latin
7771,0.908,latin
7772,0.688,latin
7773,0.954,latin
7774,0.827,latin
7775,0.547,latin
7776,0.949,latin
7777,0.83,latin
7778,0.792,latin
7779,0.919,latin
7780,0.784,latin
7781,0.639,latin
7782,0.683,latin
7783,0.625,latin
7784,0.706,latin
7785,0.144,latin
7786,0.183,latin
7787,0.158,latin
7788,0.15,latin
7789,0.142,latin
7790,0.439,latin
7791,0.156,latin
7792,0.303,latin
7793,0.894,latin
7794,0.952,latin
7795,0.725,latin
7796,0.376,latin
7797,0.686,latin
7798,0.564,latin
7799,0.24,latin
7800,0.896,latin
7801,0.0883,latin
7802,0.623,latin
7803,0.794,latin
7804,0.847,latin
7805,0.566,latin
7806,0.941,latin
7807,0.54,latin
7808,0.42,latin
7809,0.337,latin
7810,0.816,latin
7811,0.325,latin
7846,0.499,latin
7847,0.326,latin
7848,0.516,latin
7849,0.732,latin
7850,0.293,latin
7851,0.496,latin
7852,0.761,latin
7853,0.851,latin
7854,0.451,latin
7855,0.433,latin
7856,0.512,latin
7857,0.729,latin
7858,0.406,latin
7859,0.472,latin
7860,0.284,latin
7861,0.78,latin
7862,0.637,latin
7863,0.889,latin
7864,0.52,latin
7865,0.553,latin
7866,0.689,latin
7867,0.252,latin
7868,0.872,latin
7899,0.433,latin
7900,0.68,latin
7901,0.815,latin
7902,0.272,latin
7903,0.22,latin
7904,0.182,latin
7905,0.932,latin
7906,0.65,latin
7907,0.633,latin
7908,0.638,latin
7909,0.423,latin
7910,0.288,latin
7911,0.215,latin
7912,0.696,latin
7914,0.305,latin
7915,0.239,latin
7916,0.423,latin
7918,0.792,latin
7919,0.91,latin
7920,0.293,latin
7921,0.328,latin
7922,0.574,latin
7923,0.467,latin
7924,0.297,latin
7925,0.526,latin
7926,0.896,latin
7927,0.886,latin
7928,0.739,latin
7929,0.582,latin
7930,0.841,latin
7931,0.068,latin
7932,0.124,latin
7933,0.59,latin
7934,0.399,latin
7935,0.533,latin
7936,0.375,latin
7937,0.131,latin
7938,0.359,latin
7939,0.778,latin
7941,0.368,latin
7949,0.697,latin
7963,0.744,latin
7977,0.528,latin
7978,0.801,latin
7979,0.478,latin
7981,0.656,latin
7982,0.768,latin
7983,0.774,latin
7984,0.561,latin
7985,0.828,latin
7986,0.879,latin
7988,0.745,latin
7989,0.792,latin
7990,0.928,latin
7991,0.603,latin
7992,0.848,latin
7993,0.574,latin
7997,0.773,latin
7998,0.762,latin
7999,0.401,latin
8000,0.603,latin
8001,0.83,latin
8002,0.583,latin
8003,0.96,latin
8004,0.361,latin
8009,0.773,latin
8013,0.751,latin
8014,0.456,latin
8015,0.806,latin
8016,0.736,latin
8017,0.705,latin
8018,0.836,latin
8019,0.296,latin
8020,0.405,latin
8021,0.45,latin
8022,0.964,latin
8023,0.788,latin
8024,0.616,latin
8025,0.699,latin
8026,0.694,latin
8027,0.96,latin
8028,0.964,latin
8029,0.652,latin
8030,0.78,latin
8031,0.751,latin
8032,0.875,latin
8033,0.655,latin
8034,0.974,latin
8037,0.613,latin
8038,0.255,latin
8039,0.617,latin
8040,0.17,latin
8041,0.693,latin
8042,0.382,latin
8043,0.846,latin
8044,0.569,latin
8045,0.879,latin
8046,0.683,latin
8048,0.832,latin
8049,0.805,latin
8050,0.432,latin
8053,0.6,latin
8054,0.964,latin
8055,0.613,latin
8056,0.805,latin
8057,0.69,latin
8058,0.415,latin
8059,0.37,latin
8060,0.319,latin
8061,0.852,latin
8110,0.566,latin
8261,0.775,latin
8262,0.701,latin
8263,0.695,latin
8264,0.698,latin
8265,0.423,latin
8266,0.532,latin
8267,0.69,latin
8268,0.856,latin
8269,0.807,latin
8271,0.75,latin
8272,0.479,latin
8273,0.94,latin
8274,0.656,latin
8287,0.598,latin
8290,0.625,latin
8291,0.71,latin
8292,0.81,latin
8293,0.552,latin
8294,0.867,latin
8297,0.634,latin
8298,0.563,latin
8299,0.553,latin
8300,0.535,latin
8301,0.618,latin
8304,0.853,latin
8305,0.53,latin
8306,0.597,latin
8307,0.689,latin
8308,0.939,latin
8309,0.895,latin
8310,0.697,latin
8311,0.709,latin
8312,0.835,latin
8313,0.834,latin
8314,0.829,latin
8315,0.171,latin
8316,0.527,latin
8320,0.662,latin
8321,0.826,latin
8322,0.78,latin
8323,0.807,latin
8324,0.692,latin
8325,0.866,latin
8326,0.896,latin
8327,0.526,latin
8339,0.49,latin
8393,0.394,latin
8394,0.781,latin
8395,0.721,latin
8396,0.677,latin
8397,0.482,latin
8398,0.44,latin
8405,0.797,latin
8456,0.349,latin
8457,0.869,latin
8458,0.798,latin
8459,0.884,latin
8465,0.415,latin
8466,0.248,latin
8467,0.371,latin
8468,0.576,latin
8469,0.598,latin
8470,0.82,latin
8471,0.772,latin
8472,0.903,latin
8473,0.881,latin
8474,0.555,latin
8475,0.908,latin
8483,0.731,latin
8484,0.469,latin
8485,0.892,latin
8486,0.721,latin
8487,0.839,latin
8488,0.589,latin
8489,0.557,latin
8490,0.693,latin
8491,0.768,latin
8492,0.664,latin
8493,0.864,latin
8494,0.533,latin
8495,0.961,latin
8496,0.491,latin
8497,0.816,latin
8498,0.484,latin
8499,0.93,latin
8501,0.786,latin
8502,0.803,latin
8503,0.746,latin
8504,0.244,latin
8505,0.777,latin
8506,0.892,latin
8509,0.594,latin
8510,0.765,latin
8511,0.737,latin
8512,0.768,latin
8513,0.741,latin
8514,0.502,latin
8515,0.553,latin
8516,0.781,latin
8519,0.461,latin
8520,0.893,latin
8521,0.265,latin
8522,0.811,latin
8523,0.695,latin
8524,0.557,latin
8525,0.91,latin
8526,0.767,latin
8527,0.542,latin
8528,0.813,latin
8529,0.433,latin
8530,0.745,latin
8531,0.737,latin
8532,0.34,latin
8534,0.95,latin
8535,0.854,latin
8536,0.781,latin
8537,0.863,latin
8538,0.917,latin
8539,0.855,latin
8540,0.8,latin
8541,0.543,latin
8542,0.478,latin
8543,0.62,latin
8544,0.763,latin
8545,0.907,latin
8546,0.774,latin
8547,0.773,latin
8548,0.481,latin
8549,0.727,latin
8550,0.596,latin
8551,0.758,latin
8552,0.85,latin
8553,0.727,latin
8554,0.797,latin
8555,0.88,latin
8556,0.575,latin
8561,0.195,latin
8562,0.881,latin
8563,0.72,latin
8564,0.657,latin
8565,0.52,latin
8566,0.697,latin
8567,0.817,latin
8568,0.555,latin
8569,0.796,latin
8570,0.564,latin
8571,0.765,latin
8572,0.741,latin
8573,0.786,latin
8574,0.622,latin
8575,0.659,latin
8576,0.718,latin
8577,0.772,latin
8578,0.724,latin
8579,0.68,latin
8580,0.8,latin
8581,0.698,latin
8582,0.778,latin
8583,0.76,latin
8584,0.773,latin
8585,0.826,latin
8586,0.813,latin
8587,0.687,latin
8588,0.623,latin
8589,0.586,latin
8590,0.489,latin
8591,0.483,latin
8592,0.831,latin
8593,0.961,latin
8594,0.589,latin
8598,0.408,latin
8599,0.78,latin
8600,0.423,latin
8601,0.547,latin
8602,0.345,latin
8603,0.706,latin
8671,0.541,latin
8672,0.562,latin
8673,0.421,latin
8674,0.676,latin
8678,0.489,latin
8686,0.451,latin
8687,0.332,latin
8688,0.763,latin
8689,0.848,latin
8690,0.408,latin
8691,0.797,latin
8692,0.813,latin
8693,0.549,latin
8694,0.902,latin
8695,0.745,latin
8696,0.641,latin
8697,0.865,latin
8698,0.604,latin
8699,0.723,latin
8700,0.765,latin
8701,0.431,latin
8702,0.358,latin
8703,0.67,latin
8704,0.337,latin
8705,0.778,latin
8706,0.553,latin
8707,0.587,latin
8708,0.644,latin
8709,0.652,latin
8710,0.612,latin
8711,0.835,latin
8712,0.793,latin
8713,0.712,latin
8714,0.845,latin
8715,0.598,latin
8716,0.339,latin
8717,0.77,latin
8718,0.596,latin
8719,0.85,latin
8720,0.355,latin
8721,0.312,latin
8722,0.655,latin
8723,0.87,latin
8724,0.217,latin
8725,0.623,latin
8726,0.715,latin
8727,0.473,latin
8728,0.683,latin
8729,0.83,latin
8730,0.766,latin
8731,0.849,latin
8732,0.785,latin
8733,0.686,latin
8734,0.475,latin
8735,0.52,latin
8736,0.682,latin
8737,0.774,latin
8738,0.679,latin
8739,0.512,latin
8740,0.626,latin
8744,0.668,latin
8745,0.355,latin
8746,0.332,latin
8747,0.828,latin
8748,0.421,latin
8749,0.796,latin
8750,0.831,latin
8751,0.349,latin
8752,0.658,latin
8762,0.569,latin
8763,0.404,latin
8764,0.64,latin
8765,0.405,latin
8766,0.74,latin
8767,0.726,latin
9237,0.907,latin
9258,0.813,latin
9262,0.75,latin
9263,0.966,latin
9266,0.712,latin
9267,0.63,latin
9268,0.466,latin
9269,0.956,latin
9270,0.901,latin
9271,0.674,latin
9272,0.976,latin
9273,0.968,latin
9274,0.705,latin
9275,0.926,latin
9276,0.658,latin
9277,0.612,latin
9278,0.974,latin
9279,0.832,latin
9280,0.864,latin
9290,0.906,latin
9291,0.605,latin
9292,0.787,latin
9293,0.786,latin
9294,0.586,latin
9295,0.86,latin
9296,0.873,latin
9297,0.948,latin
9298,0.879,latin
9299,0.704,latin
9300,0.821,latin
9301,0.511,latin
9305,0.734,latin
9306,0.865,latin
9307,0.603,latin
9308,0.796,latin
9309,0.812,latin
9310,0.556,latin
9316,0.536,latin
9317,0.824,latin
9318,0.237,latin
9319,0.757,latin
9320,0.946,latin
9321,0.704,latin
9322,0.787,latin
9323,0.647,latin
9324,0.813,latin
9325,0.817,latin
9326,0.907,latin
9327,0.663,latin
9328,0.674,latin
9329,0.589,latin
10688,0.447,latin
10705,0.709,latin
10706,0.437,latin
10707,0.263,latin
10708,0.347,latin
10709,0.415,latin
10710,0.689,latin
10711,0.253,latin
10712,0.612,latin
10713,0.347,latin
10714,0.579,latin
10715,0.911,latin
10716,0.584,latin
10717,0.374,latin
10718,0.572,latin
10719,0.187,latin
10720,0.699,latin
10721,0.417,latin
10722,0.599,latin
10723,0.335,latin
10724,0.731,latin
10725,0.521,latin
10726,0.632,latin
10727,0.37,latin
10728,0.603,latin
10729,0.423,latin
10730,0.467,latin
10731,0.529,latin
10732,0.347,latin
10733,0.386,latin
10734,0.151,latin
10735,0.347,latin
10736,0.2,latin
10737,0.825,latin
10738,0.438,latin
10739,0.713,latin
10740,0.552,latin
10741,0.517,latin
10742,0.814,latin
10743,0.615,latin
10744,0.622,latin
10745,0.849,latin
10746,0.688,latin
10747,0.396,latin
10748,0.767,latin
10749,0.624,latin
10750,0.41,latin
10751,0.577,latin
10752,0.423,latin
10753,0.544,latin
10754,0.699,latin
10755,0.75,latin
10756,0.499,latin
10757,0.528,latin
10758,0.341,latin
10759,0.514,latin
10760,0.481,latin
10761,0.728,latin
10762,0.524,latin
10763,0.454,latin
10764,0.273,latin
10957,0.489,latin
10958,0.392,latin
10959,0.476,latin
10960,0.493,latin
10961,0.44,latin
10962,0.316,latin
10963,0.608,latin
10964,0.63,latin
10975,0.452,latin
10976,0.567,latin
10977,0.468,latin
10978,0.801,latin
10979,0.897,latin
10980,0.369,latin
10981,0.325,latin
10982,0.366,latin
10983,0.695,latin
10984,0.46,latin
11052,0.441,latin
11053,0.379,latin
11054,0.61,latin
11055,0.225,latin
11056,0.148,latin
11057,0.355,latin
11058,0.379,latin
11059,0.522,latin
11069,0.164,latin
11070,0.67,latin
11071,0.337,latin
11072,0.363,latin
11073,0.133,latin
11074,0.189,latin
11075,0.596,latin
11076,0.269,latin
11077,0.556,latin
11078,0.265,latin
11079,0.498,latin
11080,0.694,latin
11081,0.65,latin
11082,0.586,latin
11083,0.55,latin
11084,0.678,latin
11085,0.0987,latin
11086,0.689,latin
11087,0.256,latin
11088,0.674,latin
11089,0.761,latin
11090,0.398,latin
11091,0.566,latin
11092,0.597,latin
11093,0.808,latin
11094,0.95,latin
11095,0.852,latin
11096,0.385,latin
11097,0.637,latin
11443,0.58,latin
11786,0.547,latin
11799,0.822,latin
11801,0.79,latin
11802,0.875,latin
11803,0.94,latin
11804,0.77,latin
11805,0.734,latin
11806,0.58,latin
11807,0.79,latin
11808,0.761,latin
11809,0.642,latin
11810,0.565,latin
11811,0.96,latin
11812,0.901,latin
11813,0.647,latin
11814,0.934,latin
11815,0.768,latin
11816,0.789,latin
11817,0.323,latin
11818,0.961,latin
11819,0.583,latin
11820,0.835,latin
11821,0.528,latin
11822,0.886,latin
11823,0.961,latin
11824,0.868,latin
11825,0.838,latin
11826,0.71,latin
11827,0.755,latin
11828,0.764,latin
11829,0.876,latin
11830,0.72,latin
11831,0.753,latin
11832,0.662,latin
11833,0.768,latin
11834,0.846,latin
11835,0.283,latin
11836,0.96,latin
11837,0.911,latin
11838,0.866,latin
11839,0.72,latin
11840,0.708,latin
11841,0.82,latin
11842,0.859,latin
11843,0.798,latin
11844,0.97,latin
11845,0.389,latin
11846,0.945,latin
11847,0.646,latin
11848,0.666,latin
11849,0.84,latin
11850,0.546,latin
11851,0.813,latin
11852,0.612,latin
11853,0.811,latin
11854,0.81,latin
11855,0.565,latin
11856,0.469,latin
11857,0.808,latin
11858,0.769,latin
11859,0.691,latin
11860,0.67,latin
11861,0.963,latin
11862,0.891,latin
11863,0.428,latin
11864,0.709,latin
11865,0.732,latin
11866,0.75,latin
11867,0.704,latin
11868,0.672,latin
11869,0.34,latin
11870,0.7,latin
11872,0.592,latin
11873,0.59,latin
11874,0.283,latin
11875,0.902,latin
11876,0.722,latin
11877,0.437,latin
11878,0.681,latin
11879,0.658,latin
11892,0.353,latin
11893,0.244,latin
11894,0.761,latin
11901,0.817,latin
11902,0.673,latin
11903,0.227,latin
11904,0.61,latin
11905,0.624,latin
11906,0.625,latin
11907,0.637,latin
11908,0.457,latin
11909,0.824,latin
11910,0.331,latin
11918,0.571,latin
11920,0.469,latin
11928,0.809,latin
11930,0.542,latin
11931,0.272,latin
12006,0.588,latin
12019,0.937,latin
12026,0.357,latin
12027,0.284,latin
12028,0.594,latin
12029,0.467,latin
12030,0.539,latin
12031,0.344,latin
12032,0.29,latin
12033,0.453,latin
12034,0.735,latin
12036,0.583,latin
12037,0.538,latin
12038,0.434,latin
12109,0.594,latin
12111,0.632,latin
12112,0.186,latin
12113,0.969,latin
12149,0.845,latin
12150,0.515,latin
12151,0.684,latin
12152,0.513,latin
12167,0.742,latin
12168,0.571,latin
12169,0.577,latin
12170,0.745,latin
12171,0.846,latin
12172,0.948,latin
12173,0.909,latin
12174,0.664,latin
12175,0.579,latin
12181,0.391,latin
12182,0.586,latin
12183,0.556,latin
12184,0.783,latin
12185,0.855,latin
12186,0.657,latin
12187,0.71,latin
12196,0.424,latin
12197,0.777,latin
12198,0.689,latin
12199,0.636,latin
12200,0.893,latin
12201,0.399,latin
12202,0.597,latin
12246,0.537,latin
12247,0.705,latin
12257,0.655,latin
12260,0.637,latin
12261,0.673,latin
12262,0.759,latin
12263,0.751,latin
12264,0.82,latin
12265,0.388,latin
12266,0.462,latin
12267,0.595,latin
12268,0.7,latin
12269,0.41,latin
12270,0.81,latin
12271,0.736,latin
12276,0.44,latin
12277,0.932,latin
12278,0.549,latin
12279,0.281,latin
12280,0.424,latin
12281,0.517,latin
12282,0.604,latin
12283,0.629,latin
12284,0.725,latin
12285,0.908,latin
12286,0.367,latin
12287,0.368,latin
12288,0.429,latin
12289,0.457,latin
12290,0.205,latin
12291,0.359,latin
12292,0.115,latin
12293,0.543,latin
12294,0.337,latin
12295,0.737,latin
12296,0.231,latin
12311,0.847,latin
12360,0.582,latin
12368,0.204,latin
12369,0.294,latin
12370,0.181,latin
12373,0.462,latin
12374,0.0793,latin
12375,0.587,latin
12376,0.517,latin
12377,0.491,latin
12378,0.301,latin
12379,0.222,latin
12380,0.415,latin
12381,0.0754,latin
12382,0.315,latin
12383,0.547,latin
12384,0.506,latin
12385,0.259,latin
12386,0.207,latin
12387,0.221,latin
12388,0.288,latin
12389,0.408,latin
12390,0.308,latin
12391,0.508,latin
12392,0.0907,latin
12393,0.352,latin
12394,0.58,latin
12395,0.475,latin
12396,0.597,latin
12397,0.661,latin
12398,0.422,latin
12399,0.595,latin
12400,0.427,latin
12401,0.309,latin
12402,0.595,latin
12403,0.664,latin
12404,0.0833,latin
12405,0.203,latin
12406,0.389,latin
12407,0.152,latin
12408,0.683,latin
12409,0.193,latin
12410,0.119,latin
12411,0.136,latin
12412,0.428,latin
12413,0.306,latin
12414,0.739,latin
12415,0.0921,latin
12416,0.438,latin
12417,0.443,latin
12418,0.347,latin
12419,0.219,latin
12420,0.465,latin
12421,0.195,latin
12422,0.555,latin
12423,0.303,latin
12424,0.351,latin
12425,0.6,latin
12426,0.103,latin
12427,0.227,latin
12428,0.297,latin
12429,0.427,latin
12430,0.465,latin
12565,0.622,latin
12566,0.532,latin
12567,0.858,latin
12568,0.767,latin
12569,0.25,latin
12570,0.132,latin
12571,0.338,latin
12572,0.716,latin
13639,0.77,latin
13640,0.592,latin
13643,0.175,latin
13644,0.636,latin
13645,0.531,latin
13646,0.471,latin
13647,0.645,latin
13654,0.826,latin
13655,0.275,latin
13656,0.712,latin
13657,0.727,latin
13658,0.839,latin
13659,0.819,latin
13660,0.869,latin
13661,0.504,latin
13662,0.962,latin
13663,0.235,latin
13664,0.325,latin
13665,0.91,latin
13666,0.671,latin
13667,0.444,latin
13668,0.919,latin
13669,0.336,latin
13670,0.682,latin
13671,0.644,latin
13672,0.82,latin
13673,0.501,latin
13674,0.914,latin
13675,0.668,latin
13676,0.62,latin
13677,0.915,latin
13678,0.579,latin
13679,0.604,latin
13680,0.666,latin
13681,0.41,latin
13682,0.681,latin
13683,0.373,latin
13684,0.817,latin
13685,0.611,latin
13686,0.505,latin
13687,0.89,latin
13688,0.438,latin
13689,0.96,latin
13690,0.896,latin
13691,0.851,latin
13692,0.834,latin
13693,0.589,latin
13694,0.883,latin
13695,0.674,latin
13696,0.489,latin
13697,0.595,latin
13698,0.907,latin
13699,0.21,latin
13700,0.686,latin
13701,0.768,latin
13702,0.761,latin
13703,0.568,latin
13704,0.16,latin
13705,0.849,latin
13706,0.862,latin
13707,0.431,latin
13708,0.562,latin
13709,0.907,latin
13710,0.701,latin
13711,0.936,latin
13712,0.816,latin
13713,0.223,latin
13714,0.44,latin
13715,0.888,latin
13716,0.928,latin
13717,0.825,latin
13718,0.596,latin
13719,0.693,latin
13720,0.649,latin
13721,0.932,latin
13722,0.586,latin
13723,0.54,latin
13724,0.75,latin
13725,0.821,latin
13726,0.905,latin
13733,0.494,latin
13734,0.664,latin
13735,0.515,latin
13736,0.719,latin
13737,0.607,latin
13738,0.89,latin
14043,0.569,latin
14071,0.866,latin
14072,0.809,latin
14073,0.676,latin
14074,0.64,latin
14075,0.759,latin
14076,0.313,latin
14077,0.637,latin
14078,0.492,latin
14079,0.735,latin
14080,0.856,latin
14081,0.926,latin
14082,0.962,latin
14083,0.835,latin
14084,0.585,latin
14085,0.796,latin
14087,0.844,latin
14088,0.78,latin
14089,0.961,latin
14090,0.652,latin
14091,0.646,latin
14092,0.891,latin
14093,0.695,latin
14094,0.845,latin
14095,0.817,latin
14096,0.748,latin
14097,0.594,latin
14098,0.605,latin
14099,0.928,latin
14100,0.747,latin
14101,0.561,latin
14102,0.81,latin
14103,0.891,latin
14104,0.857,latin
14105,0.946,latin
14106,0.945,latin
14107,0.527,latin
14108,0.67,latin
14109,0.873,latin
14110,0.776,latin
14111,0.899,latin
14112,0.675,latin
14113,0.741,latin
14114,0.777,latin
14115,0.862,latin
14116,0.919,latin
14117,0.859,latin
14118,0.7,latin
14119,0.766,latin
14120,0.728,latin
14121,0.911,latin
14122,0.858,latin
14123,0.83,latin
14124,0.76,latin
14125,0.829,latin
14126,0.447,latin
14127,0.575,latin
14128,0.961,latin
14129,0.704,latin
14130,0.887,latin
14131,0.778,latin
14132,0.78,latin
14133,0.743,latin
14134,0.878,latin
14135,0.932,latin
14136,0.838,latin
14137,0.571,latin
14138,0.731,latin
14139,0.846,latin
14140,0.827,latin
14141,0.963,latin
14142,0.817,latin
14143,0.914,latin
14144,0.809,latin
14145,0.961,latin
14146,0.896,latin
14147,0.716,latin
14148,0.763,latin
14149,0.597,latin
14150,0.905,latin
14151,0.76,latin
14152,0.944,latin
14153,0.974,latin
14154,0.675,latin
14155,0.602,latin
14156,0.507,latin
14157,0.781,latin
14158,0.411,latin
14159,0.197,latin
14160,0.691,latin
14161,0.7,latin
14162,0.682,latin
14163,0.642,latin
14164,0.797,latin
14165,0.911,latin
14166,0.676,latin
14167,0.949,latin
14168,0.43,latin
14169,0.883,latin
14170,0.347,latin
14171,0.933,latin
14172,0.619,latin
14173,0.598,latin
14174,0.903,latin
14175,0.603,latin
14176,0.759,latin
14177,0.78,latin
14178,0.843,latin
14179,0.536,latin
14180,0.77,latin
14181,0.85,latin
14182,0.923,latin
14183,0.336,latin
14184,0.625,latin
14185,0.765,latin
14186,0.573,latin
14187,0.471,latin
14188,0.872,latin
14189,0.461,latin
14190,0.546,latin
14191,0.476,latin
14192,0.477,latin
14193,0.905,latin
14194,0.727,latin
14195,0.262,latin
14196,0.453,latin
14197,0.21,latin
14198,0.468,latin
14199,0.552,latin
14200,0.815,latin
14201,0.884,latin
14202,0.69,latin
14203,0.435,latin
14204,0.903,latin
14205,0.541,latin
14206,0.605,latin
14207,0.683,latin
14208,0.444,latin
14209,0.457,latin
14210,0.714,latin
14211,0.278,latin
14212,0.544,latin
14213,0.69,latin
14214,0.933,latin
14215,0.243,latin
14216,0.222,latin
14217,0.203,latin
14224,0.775,latin
14225,0.598,latin
14226,0.704,latin
14227,0.493,latin
14228,0.868,latin
14229,0.535,latin
14230,0.494,latin
14276,0.816,latin
14277,0.275,latin
14283,0.746,latin
14284,0.349,latin
14285,0.567,latin
14286,0.913,latin
14287,0.694,latin
14309,0.66,latin
14315,0.924,latin
14316,0.715,latin
14317,0.564,latin
14318,0.353,latin
14319,0.497,latin
14320,0.704,latin
14321,0.87,latin
14322,0.677,latin
14329,0.668,latin
14330,0.497,latin
14331,0.677,latin
14332,0.748,latin
14333,0.506,latin
14334,0.355,latin
15176,0.466,latin
15177,0.805,latin
15178,0.625,latin
15179,0.879,latin
15180,0.354,latin
15181,0.188,latin
15182,0.567,latin
15183,0.852,latin
15184,0.534,latin
15185,0.609,latin
15211,0.655,latin
15212,0.661,latin
15213,0.626,latin
15214,0.446,latin
15215,0.76,latin
15216,0.581,latin
15217,0.458,latin
15218,0.462,latin
15219,0.313,latin
15220,0.667,latin
15221,0.574,latin
15222,0.871,latin
15223,0.322,latin
15224,0.885,latin
15225,0.361,latin
15226,0.61,latin
15227,0.393,latin
15228,0.16,latin
15229,0.874,latin
15230,0.675,latin
15231,0.489,latin
15232,0.553,latin
15233,0.248,latin
15234,0.148,latin
15235,0.0754,latin
15236,0.617,latin
15237,0.554,latin
15238,0.469,latin
15239,0.755,latin
15240,0.848,latin
15241,0.495,latin
15242,0.234,latin
15243,0.639,latin
15249,0.744,latin
15250,0.645,latin
15251,0.811,latin
15252,0.806,latin
15253,0.817,latin
15254,0.362,latin
15255,0.188,latin
15256,0.0855,latin
15257,0.513,latin
15258,0.825,latin
15259,0.645,latin
15260,0.792,latin
15261,0.849,latin
15332,0.568,latin
15333,0.202,latin
15334,0.41,latin
15335,0.813,latin
15352,0.709,latin
15353,0.274,latin
15354,0.656,latin
15355,0.88,latin
15356,0.899,latin
15357,0.261,latin
15358,0.399,latin
15362,0.783,latin
15376,0.662,latin
15377,0.676,latin
15378,0.939,latin
15379,0.498,latin
15380,0.539,latin
15381,0.626,latin
15382,0.645,latin
15383,0.757,latin
15384,0.647,latin
15412,0.221,latin
15413,0.509,latin
15414,0.565,latin
15415,0.302,latin
15416,0.848,latin
15417,0.262,latin
15418,0.221,latin
15419,0.475,latin
15420,0.53,latin
15421,0.293,latin
15422,0.607,latin
15423,0.561,latin
15424,0.298,latin
15425,0.636,latin
15426,0.924,latin
15427,0.844,latin
15435,0.39,latin
15436,0.355,latin
15437,0.665,latin
15438,0.163,latin
15439,0.238,latin
15440,0.715,latin
15441,0.906,latin
15442,0.212,latin
15443,0.542,latin
15444,0.206,latin
15445,0.574,latin
15446,0.718,latin
15726,0.355,latin
15727,0.941,latin
15728,0.538,latin
15729,0.2,latin
15730,0.703,latin
15731,0.787,latin
15732,0.501,latin
15733,0.875,latin
15734,0.851,latin
15735,0.562,latin
15736,0.728,latin
15738,0.176,latin
15739,0.488,latin
15740,0.386,latin
15741,0.656,latin
15742,0.862,latin
15743,0.722,latin
15744,0.826,latin
15745,0.893,latin
15746,0.855,latin
15747,0.687,latin
15748,0.927,latin
15749,0.598,latin
15750,0.77,latin
15751,0.883,latin
15752,0.839,latin
15753,0.501,latin
15754,0.803,latin
15755,0.645,latin
15756,0.869,latin
15757,0.906,latin
15758,0.965,latin
15759,0.268,latin
15760,0.708,latin
15761,0.739,latin
15823,0.751,latin
15824,0.953,latin
15825,0.96,latin
15841,0.728,latin
15842,0.307,latin
15843,0.917,latin
15844,0.349,latin
15845,0.0595,latin
15846,0.46,latin
15859,0.863,latin
15860,0.683,latin
15861,0.757,latin
15862,0.818,latin
15863,0.892,latin
15864,0.322,latin
15865,0.956,latin
15866,0.758,latin
15887,0.558,latin
16078,0.347,latin
16079,0.939,latin
16080,0.798,latin
16081,0.688,latin
16082,0.141,latin
16083,0.639,latin
16084,0.064,latin
16085,0.605,latin
16086,0.0373,latin
16087,0.823,latin
16088,0.312,latin
16089,0.651,latin
16090,0.324,latin
16091,0.615,latin
16092,0.817,latin
16145,0.201,latin
16146,0.656,latin
16147,0.947,latin
16148,0.84,latin
16289,0.165,latin
16290,0.499,latin
16291,0.151,latin
16292,0.596,latin
16293,0.265,latin
16294,0.431,latin
16295,0.499,latin
16296,0.564,latin
16297,0.342,latin
16298,0.43,latin
16299,0.384,latin
16300,0.35,latin
16301,0.17,latin
16302,0.535,latin
16303,0.441,latin
16304,0.659,latin
16360,0.531,latin
16369,0.378,latin
16370,0.607,latin
16371,0.196,latin
16372,0.517,latin
16373,0.602,latin
16374,0.651,latin
16375,0.738,latin
16376,0.956,latin
16377,0.345,latin
16378,0.92,latin
16379,0.611,latin
16380,0.726,latin
16381,0.321,latin
16382,0.263,latin
16383,0.727,latin
16384,0.775,latin
16385,0.721,latin
16386,0.405,latin
16387,0.669,latin
16388,0.46,latin
16389,0.671,latin
16390,0.393,latin
16391,0.594,latin
16392,0.237,latin
16393,0.872,latin
16394,0.182,latin
16395,0.57,latin
16396,0.608,latin
16397,0.201,latin
16398,0.489,latin
16399,0.856,latin
16400,0.396,latin
16401,0.5,latin
16402,0.844,latin
16403,0.406,latin
16404,0.812,latin
16405,0.713,latin
16406,0.683,latin
16407,0.322,latin
16408,0.482,latin
16409,0.836,latin
16410,0.187,latin
16411,0.446,latin
16412,0.648,latin
16413,0.077,latin
16414,0.76,latin
16415,0.568,latin
16416,0.153,latin
16417,0.852,latin
16418,0.503,latin
16419,0.383,latin
16420,0.316,latin
16421,0.611,latin
16422,0.0667,latin
16423,0.96,latin
16424,0.341,latin
16425,0.491,latin
16426,0.805,latin
16427,0.53,latin
16428,0.617,latin
16429,0.702,latin
16430,0.467,latin
16488,0.591,latin
16489,0.632,latin
16490,0.702,latin
16491,0.362,latin
16492,0.186,latin
16493,0.687,latin
16494,0.315,latin
16495,0.538,latin
16496,0.285,latin
16497,0.383,latin
16498,0.274,latin
16499,0.696,latin
16500,0.636,latin
16501,0.649,latin
16502,0.269,latin
16503,0.636,latin
16504,0.46,latin
16505,0.586,latin
16506,0.253,latin
16507,0.208,latin
16508,0.216,latin
16509,0.683,latin
16517,0.42,latin
16518,0.254,latin
16603,0.424,latin
16604,0.347,latin
16605,0.683,latin
16606,0.574,latin
16607,0.308,latin
16608,0.527,latin
16609,0.248,latin
16610,0.583,latin
16611,0.547,latin
16612,0.563,latin
16613,0.537,latin
16639,0.531,latin
16640,0.186,latin
16641,0.374,latin
16642,0.606,latin
16643,0.778,latin
16644,0.15,latin
16645,0.348,latin
16646,0.682,latin
16647,0.367,latin
16746,0.768,latin
16747,0.353,latin
16748,0.286,latin
16772,0.92,latin
16773,0.406,latin
16774,0.278,latin
16775,0.381,latin
16776,0.863,latin
16777,0.452,latin
16778,0.472,latin
16779,0.12,latin
16780,0.625,latin
16781,0.738,latin
16782,0.214,latin
16783,0.648,latin
16784,0.436,latin
16785,0.287,latin
16786,0.294,latin
16787,0.737,latin
16788,0.419,latin
16789,0.356,latin
16790,0.309,latin
16791,0.372,latin
16792,0.738,latin
16793,0.374,latin
16797,0.557,latin
16798,0.717,latin
16799,0.282,latin
16800,0.778,latin
16801,0.281,latin
16802,0.534,latin
16803,0.69,latin
16804,0.637,latin
16805,0.46,latin
16806,0.297,latin
16807,0.11,latin
16808,0.497,latin
16809,0.324,latin
16810,0.498,latin
16811,0.576,latin
16812,0.519,latin
16813,0.315,latin
16814,0.919,latin
16815,0.17,latin
16816,0.489,latin
16817,0.398,latin
16818,0.424,latin
16819,0.792,latin
16820,0.309,latin
16821,0.728,latin
16822,0.604,latin
16823,0.458,latin
16824,0.319,latin
16825,0.288,latin
16826,0.671,latin
16827,0.247,latin
16828,0.647,latin
16829,0.201,latin
16830,0.352,latin
16831,0.156,latin
16832,0.533,latin
16833,0.378,latin
16834,0.469,latin
16835,0.753,latin
16836,0.76,latin
16837,0.696,latin
16838,0.239,latin
16839,0.47,latin
16840,0.279,latin
16841,0.654,latin
16842,0.799,latin
16843,0.529,latin
16844,0.456,latin
16845,0.108,latin
16846,0.507,latin
16847,0.526,latin
16848,0.529,latin
16849,0.723,latin
16850,0.252,latin
16851,0.765,latin
16852,0.626,latin
16853,0.96,latin
16854,0.584,latin
16855,0.655,latin
16856,0.786,latin
16857,0.435,latin
16858,0.348,latin
16859,0.531,latin
16860,0.686,latin
16861,0.824,latin
16862,0.617,latin
16863,0.709,latin
16864,0.42,latin
16865,0.505,latin
16866,0.316,latin
16867,0.908,latin
16868,0.347,latin
16869,0.692,latin
16870,0.336,latin
16871,0.871,latin
16872,0.81,latin
16873,0.768,latin
16874,0.704,latin
16875,0.538,latin
16880,0.543,latin
16881,0.523,latin
16882,0.836,latin
16883,0.591,latin
16884,0.485,latin
16885,0.313,latin
16886,0.177,latin
16887,0.394,latin
16888,0.563,latin
16889,0.39,latin
16890,0.767,latin
16891,0.629,latin
16892,0.5,latin
16893,0.922,latin
16894,0.603,latin
16895,0.771,latin
16896,0.447,latin
16897,0.6,latin
16898,0.914,latin
16899,0.654,latin
16900,0.21,latin
16901,0.411,latin
16902,0.142,latin
16903,0.247,latin
16904,0.17,latin
16905,0.194,latin
16906,0.504,latin
16907,0.372,latin
16908,0.343,latin
16909,0.467,latin
16910,0.665,latin
16911,0.897,latin
16912,0.76,latin
16913,0.845,latin
16914,0.69,latin
16915,0.628,latin
16916,0.565,latin
16917,0.606,latin
16918,0.714,latin
16919,0.343,latin
16920,0.551,latin
16921,0.392,latin
16922,0.963,latin
16923,0.627,latin
16924,0.236,latin
16925,0.537,latin
16926,0.513,latin
16927,0.355,latin
16928,0.204,latin
16929,0.36,latin
16930,0.618,latin
16931,0.43,latin
16932,0.311,latin
16933,0.677,latin
16934,0.405,latin
16935,0.0671,latin
16936,0.637,latin
16937,0.381,latin
16938,0.169,latin
16939,0.759,latin
16942,0.372,latin
16943,0.342,latin
16944,0.184,latin
16945,0.348,latin
16946,0.643,latin
16947,0.565,latin
16948,0.262,latin
16949,0.503,latin
16950,0.298,latin
16951,0.42,latin
16952,0.398,latin
16953,0.159,latin
16954,0.185,latin
16955,0.644,latin
16956,0.294,latin
16957,0.388,latin
16958,0.213,latin
16959,0.839,latin
16960,0.594,latin
16961,0.641,latin
16962,0.736,latin
16963,0.604,latin
16967,0.449,latin
16968,0.443,latin
16969,0.369,latin
16970,0.731,latin
16971,0.235,latin
16972,0.641,latin
16973,0.547,latin
16974,0.184,latin
16975,0.562,latin
16976,0.13,latin
16977,0.537,latin
16978,0.386,latin
16979,0.481,latin
16980,0.29,latin
16981,0.697,latin
16982,0.299,latin
16983,0.427,latin
17018,0.296,latin
17027,0.349,latin
17029,0.408,latin
17030,0.373,latin
17031,0.703,latin
17032,0.589,latin
17033,0.387,latin
17034,0.181,latin
17035,0.624,latin
17051,0.601,latin
17052,0.111,latin
17053,0.223,latin
17054,0.385,latin
17055,0.644,latin
17056,0.492,latin
17066,0.733,latin
17067,0.96,latin
17076,0.894,latin
17085,0.96,latin
17089,0.856,latin
17090,0.617,latin
17091,0.747,latin
17092,0.798,latin
17093,0.938,latin
17094,0.851,latin
17096,0.875,latin
17097,0.903,latin
17098,0.951,latin
17099,0.964,latin
17100,0.863,latin
17101,0.539,latin
17102,0.484,latin
17103,0.916,latin
17104,0.967,latin
17105,0.286,latin
17106,0.596,latin
17107,0.645,latin
17108,0.482,latin
17109,0.388,latin
17111,0.349,latin
17112,0.407,latin
17113,0.667,latin
17114,0.498,latin
17115,0.652,latin
17116,0.553,latin
17117,0.848,latin
17118,0.953,latin
17136,0.46,latin
17141,0.391,latin
17142,0.477,latin
17143,0.459,latin
17145,0.258,latin
17146,0.509,latin
17421,0.727,latin
17462,0.875,latin
17468,0.789,latin
17469,0.48,latin
17470,0.283,latin
17471,0.697,latin
17473,0.356,latin
17474,0.635,latin
17475,0.303,latin
17476,0.402,latin
17477,0.324,latin
17478,0.174,latin
17479,0.252,latin
17480,0.859,latin
17552,0.583,latin
17561,0.487,latin
17562,0.897,latin
17563,0.858,latin
17564,0.312,latin
17566,0.694,latin
17570,0.317,latin
17578,0.837,latin
17588,0.444,latin
17589,0.907,latin
17590,0.376,latin
17591,0.512,latin
17592,0.272,latin
17594,0.189,latin
17595,0.2,latin
17625,0.0759,latin
17626,0.398,latin
17627,0.273,latin
17628,0.881,latin
17629,0.351,latin
17630,0.312,latin
17631,0.206,latin
17632,0.763,latin
17633,0.452,latin
17634,0.909,latin
17635,0.893,latin
17636,0.811,latin
17637,0.384,latin
17638,0.312,latin
17639,0.615,latin
17640,0.769,latin
17641,0.266,latin
17642,0.526,latin
17643,0.69,latin
17644,0.898,latin
17645,0.441,latin
17646,0.267,latin
17647,0.909,latin
17648,0.294,latin
17649,0.815,latin
17650,0.895,latin
17651,0.501,latin
17652,0.499,latin
17653,0.231,latin
17654,0.969,latin
17655,0.407,latin
17656,0.749,latin
17657,0.486,latin
17658,0.217,latin
17659,0.338,latin
17660,0.834,latin
17661,0.726,latin
17662,0.467,latin
17663,0.215,latin
17664,0.127,latin
17665,0.916,latin
17666,0.58,latin
17667,0.597,latin
17668,0.745,latin
17669,0.4,latin
17670,0.798,latin
17671,0.386,latin
17672,0.782,latin
17673,0.698,latin
17674,0.249,latin
17675,0.499,latin
17676,0.884,latin
17677,0.369,latin
17679,0.133,latin
17680,0.805,latin
17681,0.517,latin
17682,0.336,latin
17683,0.741,latin
17684,0.928,latin
17685,0.691,latin
17686,0.797,latin
17687,0.874,latin
17689,0.218,latin
17690,0.786,latin
17691,0.76,latin
17692,0.637,latin
17693,0.349,latin
17694,0.619,latin
17695,0.348,latin
17696,0.3,latin
17697,0.575,latin
17698,0.738,latin
17699,0.962,latin
17700,0.827,latin
17701,0.903,latin
17702,0.903,latin
17703,0.906,latin
17704,0.701,latin
17705,0.836,latin
17706,0.842,latin
17707,0.899,latin
17708,0.562,latin
17709,0.854,latin
17710,0.902,latin
17711,0.882,latin
17712,0.571,latin
17713,0.808,latin
17714,0.922,latin
17715,0.847,latin
17717,0.731,latin
17724,0.304,latin
17731,0.935,latin
17732,0.822,latin
17733,0.915,latin
17734,0.742,latin
17735,0.948,latin
17736,0.941,latin
17737,0.36,latin
17738,0.898,latin
17739,0.747,latin
17740,0.507,latin
17741,0.812,latin
17742,0.577,latin
17743,0.792,latin
17744,0.907,latin
17745,0.831,latin
17746,0.6,latin
17747,0.715,latin
17748,0.7,latin
17749,0.921,latin
17750,0.738,latin
17751,0.682,latin
17752,0.64,latin
17753,0.857,latin
17754,0.96,latin
17755,0.921,latin
17756,0.918,latin
17757,0.871,latin
17758,0.732,latin
17759,0.653,latin
17760,0.888,latin
17761,0.927,latin
17762,0.874,latin
17763,0.819,latin
17764,0.567,latin
17765,0.679,latin
17766,0.934,latin
17767,0.961,latin
17768,0.784,latin
17788,0.906,latin
17789,0.575,latin
17790,0.723,latin
17791,0.7,latin
17792,0.369,latin
17793,0.9,latin
17794,0.817,latin
17795,0.931,latin
17828,0.812,latin
17835,0.78,latin
17836,0.744,latin
17837,0.843,latin
17838,0.38,latin
17839,0.521,latin
17840,0.25,latin
17841,0.568,latin
17842,0.592,latin
17843,0.416,latin
17844,0.754,latin
17845,0.834,latin
17854,0.441,latin
17855,0.434,latin
17856,0.604,latin
17857,0.787,latin
17858,0.546,latin
17859,0.906,latin
17860,0.904,latin
17861,0.591,latin
17862,0.505,latin
17864,0.794,latin
17865,0.886,latin
17866,0.651,latin
17867,0.587,latin
17868,0.739,latin
17869,0.485,latin
17870,0.956,latin
17871,0.668,latin
17892,0.519,latin
17893,0.414,latin
17894,0.583,latin
17895,0.528,latin
17896,0.208,latin
17897,0.794,latin
17899,0.668,latin
17907,0.639,latin
17908,0.41,latin
17909,0.925,latin
17910,0.913,latin
17911,0.869,latin
17912,0.641,latin
17913,0.956,latin
17914,0.93,latin
17915,0.927,latin
17916,0.597,latin
17917,0.213,latin
17918,0.786,latin
17919,0.692,latin
17920,0.813,latin
17921,0.677,latin
17922,0.713,latin
17923,0.856,latin
17924,0.377,latin
17925,0.788,latin
17926,0.416,latin
17927,0.739,latin
17928,0.753,latin
17929,0.756,latin
17930,0.821,latin
17931,0.906,latin
17932,0.522,latin
17933,0.826,latin
17934,0.157,latin
17935,0.45,latin
17936,0.787,latin
17937,0.71,latin
17938,0.535,latin
17939,0.75,latin
17940,0.879,latin
17941,0.562,latin
17942,0.934,latin
17943,0.6,latin
17944,0.439,latin
17945,0.966,latin
17946,0.802,latin
17947,0.845,latin
17948,0.815,latin
17949,0.664,latin
17950,0.848,latin
17951,0.589,latin
17952,0.821,latin
17953,0.139,latin
17954,0.553,latin
17955,0.919,latin
17956,0.486,latin
17957,0.72,latin
17958,0.829,latin
17959,0.555,latin
17960,0.761,latin
17961,0.408,latin
17962,0.508,latin
17963,0.935,latin
17964,0.706,latin
17965,0.88,latin
17966,0.408,latin
17967,0.227,latin
17968,0.729,latin
17969,0.5,latin
17970,0.606,latin
17971,0.643,latin
17972,0.816,latin
17973,0.595,latin
17974,0.809,latin
17975,0.518,latin
17976,0.793,latin
17977,0.836,latin
17978,0.802,latin
19002,0.485,latin
20195,0.625,latin
20196,0.914,latin
20407,0.524,latin
20415,0.959,latin
20416,0.917,latin
20417,0.929,latin
20418,0.616,latin
20419,0.81,latin
20420,0.823,latin
20421,0.816,latin
20422,0.805,latin
20423,0.762,latin
20425,0.634,latin
20426,0.86,latin
20427,0.734,latin
20428,0.872,latin
20429,0.964,latin
20430,0.612,latin
20432,0.908,latin
20433,0.948,latin
20434,0.676,latin
20435,0.837,latin
20436,0.813,latin
20437,0.964,latin
20438,0.565,latin
20439,0.742,latin
20440,0.877,latin
20442,0.517,latin
20443,0.781,latin
20444,0.238,latin
20445,0.961,latin
20446,0.471,latin
20447,0.552,latin
20448,0.964,latin
20472,0.827,latin
20479,0.465,latin
20480,0.884,latin
20481,0.682,latin
20482,0.328,latin
20483,0.409,latin
20484,0.737,latin
20485,0.722,latin
20486,0.399,latin
20487,0.71,latin
20488,0.717,latin
20489,0.554,latin
20490,0.491,latin
20491,0.771,latin
20492,0.871,latin
20493,0.883,latin
20494,0.76,latin
20495,0.532,latin
20496,0.7,latin
20497,0.965,latin
20498,0.392,latin
20499,0.875,latin
20500,0.514,latin
20501,0.872,latin
20502,0.718,latin
20503,0.77,latin
20504,0.885,latin
20505,0.714,latin
20506,0.735,latin
20507,0.759,latin
20508,0.849,latin
20509,0.916,latin
20510,0.525,latin
20511,0.404,latin
20512,0.792,latin
20513,0.558,latin
20514,0.785,latin
20515,0.578,latin
20516,0.92,latin
20517,0.66,latin
20518,0.208,latin
20519,0.843,latin
20520,0.804,latin
20521,0.916,latin
20522,0.899,latin
20523,0.848,latin
20524,0.512,latin
20525,0.864,latin
20526,0.533,latin
20527,0.79,latin
20528,0.816,latin
20529,0.733,latin
20530,0.722,latin
20531,0.848,latin
20532,0.512,latin
20533,0.567,latin
20534,0.574,latin
20535,0.825,latin
20536,0.713,latin
20537,0.729,latin
20539,0.783,latin
20540,0.891,latin
20541,0.678,latin
20542,0.648,latin
20543,0.515,latin
20544,0.745,latin
20545,0.821,latin
20662,0.842,latin
20814,0.772,latin
20815,0.599,latin
20816,0.965,latin
20822,0.925,latin
20823,0.947,latin
20824,0.847,latin
20825,0.844,latin
20839,0.756,latin
20840,0.843,latin
20841,0.861,latin
20842,0.638,latin
20843,0.661,latin
20844,0.726,latin
20845,0.868,latin
20846,0.965,latin
20847,0.531,latin
20848,0.853,latin
20849,0.964,latin
20850,0.802,latin
20851,0.605,latin
20852,0.563,latin
20854,0.557,latin
20855,0.847,latin
20856,0.839,latin
20857,0.536,latin
20858,0.903,latin
20859,0.95,latin
20860,0.707,latin
20861,0.843,latin
20862,0.928,latin
20863,0.882,latin
20909,0.668,latin
20932,0.796,latin
20933,0.853,latin
20934,0.653,latin
20935,0.398,latin
20944,0.763,latin
20949,0.902,latin
20950,0.412,latin
20951,0.695,latin
20952,0.518,latin
20953,0.93,latin
20954,0.835,latin
20962,0.569,latin
20963,0.349,latin
20965,0.577,latin
20966,0.475,latin
20967,0.433,latin
20968,0.878,latin
20969,0.649,latin
20970,0.791,latin
20971,0.827,latin
20972,0.64,latin
20973,0.449,latin
20974,0.774,latin
20975,0.655,latin
20976,0.916,latin
20977,0.686,latin
20980,0.858,latin
20981,0.776,latin
20982,0.73,latin
20983,0.929,latin
20984,0.698,latin
20985,0.762,latin
20989,0.49,latin
20996,0.789,latin
20997,0.674,latin
20998,0.518,latin
20999,0.624,latin
21000,0.84,latin
21001,0.665,latin
21002,0.445,latin
21003,0.442,latin
21004,0.347,latin
21005,0.506,latin
21006,0.948,latin
21007,0.71,latin
21008,0.666,latin
21009,0.415,latin
21010,0.81,latin
21011,0.802,latin
21012,0.967,latin
21013,0.394,latin
21014,0.718,latin
21015,0.908,latin
21016,0.898,latin
21170,0.0366,latin
21171,0.156,latin
21172,0.589,latin
21173,0.463,latin
21174,0.206,latin
21175,0.588,latin
21176,0.443,latin
21177,0.481,latin
21178,0.143,latin
21179,0.344,latin
21180,0.326,latin
21181,0.46,latin
21182,0.579,latin
21183,0.437,latin
21184,0.326,latin
21185,0.646,latin
21186,0.349,latin
21187,0.517,latin
21188,0.171,latin
21189,0.181,latin
21190,0.635,latin
21191,0.108,latin
21192,0.566,latin
21193,0.664,latin
21194,0.651,latin
21195,0.31,latin
21196,0.264,latin
21197,0.396,latin
21198,0.52,latin
21199,0.662,latin
21200,0.442,latin
21201,0.445,latin
21202,0.11,latin
21203,0.424,latin
21204,0.384,latin
21205,0.514,latin
21206,0.237,latin
21207,0.29,latin
21208,0.216,latin
21209,0.461,latin
21210,0.197,latin
21211,0.298,latin
21212,0.677,latin
21213,0.763,latin
21214,0.364,latin
21215,0.464,latin
21216,0.125,latin
21217,0.132,latin
21218,0.503,latin
21219,0.303,latin
21220,0.305,latin
21221,0.7,latin
21222,0.351,latin
21223,0.949,latin
21224,0.762,latin
21225,0.795,latin
21226,0.398,latin
21227,0.178,latin
21228,0.487,latin
21229,0.219,latin
21230,0.361,latin
21231,0.603,latin
21232,0.153,latin
21233,0.365,latin
21234,0.397,latin
21235,0.66,latin
21236,0.664,latin
21237,0.337,latin
21238,0.603,latin
21239,0.432,latin
21240,0.611,latin
21241,0.503,latin
21242,0.336,latin
21243,0.816,latin
21244,0.672,latin
21245,0.388,latin
21246,0.508,latin
21247,0.37,latin
21248,0.313,latin
21249,0.575,latin
21250,0.558,latin
21251,0.403,latin
21252,0.295,latin
21253,0.571,latin
21254,0.496,latin
21255,0.189,latin
21256,0.603,latin
21257,0.104,latin
21258,0.224,latin
21259,0.775,latin
21260,0.576,latin
21261,0.562,latin
21262,0.566,latin
21263,0.392,latin
21264,0.475,latin
21265,0.0702,latin
21266,0.696,latin
21267,0.421,latin
21268,0.471,latin
21269,0.534,latin
21270,0.812,latin
21271,0.208,latin
21272,0.394,latin
21273,0.214,latin
21274,0.347,latin
21275,0.175,latin
21276,0.344,latin
23044,0.788,latin
23045,0.609,latin
23046,0.729,latin
23048,0.345,latin
23050,0.75,latin
23051,0.715,latin
23052,0.446,latin
23054,0.667,latin
23055,0.298,latin
23056,0.669,latin
23057,0.243,latin
23058,0.0916,latin
23059,0.608,latin
23060,0.209,latin
23061,0.281,latin
23062,0.611,latin
23063,0.661,latin
23064,0.604,latin
23065,0.553,latin
23066,0.713,latin
23067,0.629,latin
23068,0.557,latin
23069,0.495,latin
23070,0.345,latin
23071,0.575,latin
23072,0.631,latin
23073,0.114,latin
23074,0.668,latin
23075,0.288,latin
23076,0.652,latin
23077,0.475,latin
23078,0.115,latin
23079,0.775,latin
23080,0.324,latin
23081,0.345,latin
23082,0.501,latin
23083,0.678,latin
23084,0.112,latin
23085,0.496,latin
23086,0.269,latin
23087,0.913,latin
23088,0.548,latin
23089,0.244,latin
23090,0.187,latin
23091,0.514,latin
23092,0.446,latin
23093,0.357,latin
23094,0.678,latin
23095,0.346,latin
23096,0.55,latin
23097,0.234,latin
23098,0.518,latin
23099,0.566,latin
23100,0.864,latin
23101,0.536,latin
23102,0.609,latin
23103,0.0605,latin
23104,0.183,latin
23105,0.59,latin
23106,0.642,latin
23107,0.786,latin
23108,0.516,latin
23109,0.241,latin
23110,0.383,latin
23111,0.137,latin
23112,0.492,latin
23113,0.404,latin
23114,0.321,latin
23115,0.439,latin
23116,0.884,latin
23117,0.457,latin
23118,0.508,latin
23119,0.569,latin
23120,0.5,latin
23121,0.733,latin
23122,0.877,latin
23123,0.842,latin
23124,0.505,latin
23125,0.517,latin
23126,0.101,latin
23127,0.413,latin
23128,0.68,latin
23129,0.412,latin
23130,0.355,latin
23131,0.638,latin
23132,0.874,latin
23133,0.881,latin
23134,0.895,latin
23135,0.631,latin
23136,0.677,latin
23137,0.513,latin
23138,0.488,latin
23139,0.236,latin
23140,0.545,latin
23141,0.124,latin
23142,0.605,latin
